Downloading https://services.gradle.org/distributions/gradle-9.1.0-bin.zip
............10%.............20%.............30%.............40%.............50%............60%.............70%.............80%.............90%.............100%

Welcome to Gradle 9.1.0!

Here are the highlights of this release:
 - Full Java 25 support
 - Native task graph visualization
 - Enhanced console output

For more details see https://docs.gradle.org/9.1.0/release-notes.html

To honour the JVM settings for this build a single-use Daemon process will be forked. For more on this, please refer to https://docs.gradle.org/9.1.0/userguide/gradle_daemon.html#sec:disabling_the_daemon in the Gradle documentation.
Daemon will be stopped at the end of the build 

> Configure project :app
WARNING: DSL element 'dexOptions' is obsolete and should be removed.
It will be removed in version 8.0 of the Android Gradle plugin.
Using it has no effect, and the AndroidGradle plugin optimizes dexing automatically.

> Task :app:preBuild UP-TO-DATE
> Task :app:preDebugBuild UP-TO-DATE
> Task :app:mergeDebugNativeDebugMetadata NO-SOURCE
> Task :app:compileJavaDesktopStub
> Task :app:generateDebugBuildConfig
> Task :app:javaPreCompileDebug
> Task :app:generateDebugResValues
> Task :app:checkDebugAarMetadata
> Task :app:mapDebugSourceSetPaths
> Task :app:generateDebugResources
> Task :app:packageDebugResources
> Task :app:mergeDebugResources
> Task :app:createDebugCompatibleScreenManifests
> Task :app:extractDeepLinksDebug
> Task :app:parseDebugLocalResources
> Task :app:processDebugMainManifest
> Task :app:processDebugManifest
> Task :app:mergeDebugShaders
> Task :app:compileDebugShaders NO-SOURCE
> Task :app:generateDebugAssets UP-TO-DATE
> Task :app:processDebugManifestForPackage
> Task :app:mergeDebugAssets
> Task :app:compressDebugAssets
> Task :app:desugarDebugFileDependencies
> Task :app:processDebugJavaRes
> Task :app:processDebugResources
> Task :app:mergeDebugJavaResource

> Task :app:compileDebugJavaWithJavac
/home/runner/work/mcJava/mcJava/android/app/src/main/java/net/minecraft/client/sounds/SoundBufferLibrary.java:12: error: package javax.sound.sampled does not exist
import javax.sound.sampled.AudioFormat;
                          ^
/home/runner/work/mcJava/mcJava/android/app/src/main/java/net/minecraft/client/sounds/SoundBufferLibrary.java:70: error: cannot find symbol
      void accountBuffer(Identifier id, int size, AudioFormat format);
                                                  ^
  symbol:   class AudioFormat
  location: interface DebugOutput
/home/runner/work/mcJava/mcJava/android/app/src/main/java/com/mojang/blaze3d/audio/Channel.java:7: error: package javax.sound.sampled does not exist
import javax.sound.sampled.AudioFormat;
                          ^
/home/runner/work/mcJava/mcJava/android/app/src/main/java/net/minecraft/client/sounds/AudioStream.java:6: error: package javax.sound.sampled does not exist
import javax.sound.sampled.AudioFormat;
                          ^
/home/runner/work/mcJava/mcJava/android/app/src/main/java/com/mojang/blaze3d/audio/SoundBuffer.java:5: error: package javax.sound.sampled does not exist
import javax.sound.sampled.AudioFormat;
                          ^
/home/runner/work/mcJava/mcJava/android/app/src/main/java/com/mojang/blaze3d/audio/Channel.java:130: error: cannot find symbol
   private static int calculateBufferSize(final AudioFormat format, final int seconds) {
                                                ^
  symbol:   class AudioFormat
  location: class Channel
/home/runner/work/mcJava/mcJava/android/app/src/main/java/com/mojang/blaze3d/audio/SoundBuffer.java:11: error: cannot find symbol
   private final AudioFormat format;
                 ^
  symbol:   class AudioFormat
  location: class SoundBuffer
/home/runner/work/mcJava/mcJava/android/app/src/main/java/com/mojang/blaze3d/audio/SoundBuffer.java:16: error: cannot find symbol
   public SoundBuffer(final ByteBuffer data, final AudioFormat format) {
                                                   ^
  symbol:   class AudioFormat
  location: class SoundBuffer
/home/runner/work/mcJava/mcJava/android/app/src/main/java/com/mojang/blaze3d/audio/SoundBuffer.java:65: error: cannot find symbol
   public AudioFormat format() {
          ^
  symbol:   class AudioFormat
  location: class SoundBuffer
/home/runner/work/mcJava/mcJava/android/app/src/main/java/net/minecraft/client/sounds/AudioStream.java:9: error: cannot find symbol
   AudioFormat getFormat();
   ^
  symbol:   class AudioFormat
  location: interface AudioStream
/home/runner/work/mcJava/mcJava/android/app/src/main/java/com/mojang/blaze3d/audio/OpenAlUtil.java:4: error: package javax.sound.sampled does not exist
import javax.sound.sampled.AudioFormat;
                          ^
/home/runner/work/mcJava/mcJava/android/app/src/main/java/com/mojang/blaze3d/audio/OpenAlUtil.java:5: error: package javax.sound.sampled.AudioFormat does not exist
import javax.sound.sampled.AudioFormat.Encoding;
                                      ^
/home/runner/work/mcJava/mcJava/android/app/src/main/java/com/mojang/blaze3d/audio/OpenAlUtil.java:55: error: cannot find symbol
   public static int audioFormatToOpenAl(final AudioFormat audioFormat) {
                                               ^
  symbol:   class AudioFormat
  location: class OpenAlUtil
/home/runner/work/mcJava/mcJava/android/app/src/main/java/net/minecraft/client/sounds/JOrbisAudioStream.java:14: error: package javax.sound.sampled does not exist
import javax.sound.sampled.AudioFormat;
                          ^
/home/runner/work/mcJava/mcJava/android/app/src/main/java/net/minecraft/client/sounds/JOrbisAudioStream.java:32: error: cannot find symbol
   private final AudioFormat audioFormat;
                 ^
  symbol:   class AudioFormat
  location: class JOrbisAudioStream
/home/runner/work/mcJava/mcJava/android/app/src/main/java/net/minecraft/client/sounds/JOrbisAudioStream.java:71: error: cannot find symbol
   public AudioFormat getFormat() {
          ^
  symbol:   class AudioFormat
  location: class JOrbisAudioStream
/home/runner/work/mcJava/mcJava/android/app/src/main/java/net/minecraft/client/sounds/SoundBufferLibrary.java:77: error: cannot find symbol
         public void accountBuffer(final Identifier id, final int size, final AudioFormat format) {
                                                                              ^
  symbol:   class AudioFormat
  location: class Counter
/home/runner/work/mcJava/mcJava/android/app/src/main/java/net/minecraft/client/sounds/LoopingAudioStream.java:8: error: package javax.sound.sampled does not exist
import javax.sound.sampled.AudioFormat;
                          ^
/home/runner/work/mcJava/mcJava/android/app/src/main/java/net/minecraft/client/sounds/LoopingAudioStream.java:23: error: cannot find symbol
   public AudioFormat getFormat() {
          ^
  symbol:   class AudioFormat
  location: class LoopingAudioStream
/home/runner/work/mcJava/mcJava/android/app/src/main/java/net/minecraft/world/attribute/EnvironmentAttributeMap.java:28: error: incompatible types: Map<EnvironmentAttribute<?>,Entry<CAP#1,?>> cannot be converted to Map<EnvironmentAttribute<?>,Entry<?,?>>
            map -> new EnvironmentAttributeMap(map),
                                               ^
  where CAP#1 is a fresh type-variable:
    CAP#1 extends Object from capture of ?
/home/runner/work/mcJava/mcJava/android/app/src/main/java/net/minecraft/world/attribute/EnvironmentAttributeMap.java:127: error: incompatible types: inference variable L has incompatible bounds
             .xmap(
                  ^
    equality constraints: Value
    lower bounds: Object
  where L,R,Value are type-variables:
    L extends Object declared in method <L,R>left(L)
    R extends Object declared in method <L,R>left(L)
    Value extends Object declared in method <Value>createCodec(EnvironmentAttribute<Value>)
/home/runner/work/mcJava/mcJava/android/app/src/main/java/net/minecraft/world/timeline/Timeline.java:49: error: method encode in interface MapEncoder<A> cannot be applied to given types;
         com.mojang.serialization.DataResult<T> clockResult = clockCodec.encode(input.clock(), ops, prefix);
                                                                        ^
  required: Holder<WorldClock>,DynamicOps<T#1>,RecordBuilder<T#1>
  found:    Holder<WorldClock>,DynamicOps<T#2>,T#2
  reason: cannot infer type-variable(s) T#1
    (argument mismatch; T#2 cannot be converted to RecordBuilder<T#1>)
  where T#1,A,T#2 are type-variables:
    T#1 extends Object declared in method <T#1>encode(A,DynamicOps<T#1>,RecordBuilder<T#1>)
    A extends Object declared in interface MapEncoder
    T#2 extends Object declared in method <T#2>encode(Timeline,DynamicOps<T#2>,T#2)
/home/runner/work/mcJava/mcJava/android/app/src/main/java/net/minecraft/world/timeline/Timeline.java:50: error: method encode in interface MapEncoder<A> cannot be applied to given types;
         com.mojang.serialization.DataResult<T> periodResult = periodTicksCodec.encode(input.periodTicks(), ops, prefix);
                                                                               ^
  required: Optional<Integer>,DynamicOps<T#1>,RecordBuilder<T#1>
  found:    Optional<Integer>,DynamicOps<T#2>,T#2
  reason: cannot infer type-variable(s) T#1
    (argument mismatch; T#2 cannot be converted to RecordBuilder<T#1>)
  where T#1,A,T#2 are type-variables:
    T#1 extends Object declared in method <T#1>encode(A,DynamicOps<T#1>,RecordBuilder<T#1>)
    A extends Object declared in interface MapEncoder
    T#2 extends Object declared in method <T#2>encode(Timeline,DynamicOps<T#2>,T#2)
/home/runner/work/mcJava/mcJava/android/app/src/main/java/net/minecraft/world/timeline/Timeline.java:51: error: method encode in interface MapEncoder<A> cannot be applied to given types;
         com.mojang.serialization.DataResult<T> tracksResult = tracksCodec.encode(input.tracks(), ops, prefix);
                                                                          ^
  required: Map<EnvironmentAttribute<?>,AttributeTrack<?,?>>,DynamicOps<T#1>,RecordBuilder<T#1>
  found:    Map<EnvironmentAttribute<?>,AttributeTrack<?,?>>,DynamicOps<T#2>,T#2
  reason: cannot infer type-variable(s) T#1
    (argument mismatch; T#2 cannot be converted to RecordBuilder<T#1>)
  where T#1,A,T#2 are type-variables:
    T#1 extends Object declared in method <T#1>encode(A,DynamicOps<T#1>,RecordBuilder<T#1>)
    A extends Object declared in interface MapEncoder
    T#2 extends Object declared in method <T#2>encode(Timeline,DynamicOps<T#2>,T#2)
/home/runner/work/mcJava/mcJava/android/app/src/main/java/net/minecraft/world/timeline/Timeline.java:52: error: method encode in interface MapEncoder<A> cannot be applied to given types;
         com.mojang.serialization.DataResult<T> timeMarkersResult = timeMarkersCodec.encode(input.timeMarkers(), ops, prefix);
                                                                                    ^
  required: Map<ResourceKey<ClockTimeMarker>,TimeMarkerInfo>,DynamicOps<T#1>,RecordBuilder<T#1>
  found:    Map<ResourceKey<ClockTimeMarker>,TimeMarkerInfo>,DynamicOps<T#2>,T#2
  reason: cannot infer type-variable(s) T#1
    (argument mismatch; T#2 cannot be converted to RecordBuilder<T#1>)
  where T#1,A,T#2 are type-variables:
    T#1 extends Object declared in method <T#1>encode(A,DynamicOps<T#1>,RecordBuilder<T#1>)
    A extends Object declared in interface MapEncoder
    T#2 extends Object declared in method <T#2>encode(Timeline,DynamicOps<T#2>,T#2)
/home/runner/work/mcJava/mcJava/android/app/src/main/java/net/minecraft/world/timeline/Timeline.java:59: error: method decode in interface MapDecoder<A> cannot be applied to given types;
         com.mojang.serialization.DataResult<com.mojang.datafixers.util.Pair<Holder<WorldClock>, T>> clockResult = clockCodec.decode(ops, input);
                                                                                                                             ^
  required: DynamicOps<T#1>,MapLike<T#1>
  found:    DynamicOps<T#2>,T#2
  reason: cannot infer type-variable(s) T#1
    (argument mismatch; T#2 cannot be converted to MapLike<T#1>)
  where T#1,A,T#2 are type-variables:
    T#1 extends Object declared in method <T#1>decode(DynamicOps<T#1>,MapLike<T#1>)
    A extends Object declared in interface MapDecoder
    T#2 extends Object declared in method <T#2>decode(DynamicOps<T#2>,T#2)
/home/runner/work/mcJava/mcJava/android/app/src/main/java/net/minecraft/world/timeline/Timeline.java:61: error: method decode in interface MapDecoder<A> cannot be applied to given types;
            com.mojang.serialization.DataResult<com.mojang.datafixers.util.Pair<Optional<Integer>, T>> periodResult = periodTicksCodec.decode(ops, clockPair.getSecond());
                                                                                                                                      ^
  required: DynamicOps<T#1>,MapLike<T#1>
  found:    DynamicOps<T#2>,T#2
  reason: cannot infer type-variable(s) T#1
    (argument mismatch; T#2 cannot be converted to MapLike<T#1>)
  where T#1,A,T#2 are type-variables:
    T#1 extends Object declared in method <T#1>decode(DynamicOps<T#1>,MapLike<T#1>)
    A extends Object declared in interface MapDecoder
    T#2 extends Object declared in method <T#2>decode(DynamicOps<T#2>,T#2)
/home/runner/work/mcJava/mcJava/android/app/src/main/java/net/minecraft/world/timeline/Timeline.java:63: error: method decode in interface MapDecoder<A> cannot be applied to given types;
               com.mojang.serialization.DataResult<com.mojang.datafixers.util.Pair<Map<EnvironmentAttribute<?>, AttributeTrack<?, ?>>, T>> tracksResult = tracksCodec.decode(ops, periodPair.getSecond());
                                                                                                                                                                     ^
  required: DynamicOps<T#1>,MapLike<T#1>
  found:    DynamicOps<T#2>,T#2
  reason: cannot infer type-variable(s) T#1
    (argument mismatch; T#2 cannot be converted to MapLike<T#1>)
  where T#1,A,T#2 are type-variables:
    T#1 extends Object declared in method <T#1>decode(DynamicOps<T#1>,MapLike<T#1>)
    A extends Object declared in interface MapDecoder
    T#2 extends Object declared in method <T#2>decode(DynamicOps<T#2>,T#2)
/home/runner/work/mcJava/mcJava/android/app/src/main/java/net/minecraft/world/timeline/Timeline.java:65: error: method decode in interface MapDecoder<A> cannot be applied to given types;
                  com.mojang.serialization.DataResult<com.mojang.datafixers.util.Pair<Map<ResourceKey<ClockTimeMarker>, Timeline.TimeMarkerInfo>, T>> timeMarkersResult = timeMarkersCodec.decode(ops, tracksPair.getSecond());
                                                                                                                                                                                          ^
  required: DynamicOps<T#1>,MapLike<T#1>
  found:    DynamicOps<T#2>,T#2
  reason: cannot infer type-variable(s) T#1
    (argument mismatch; T#2 cannot be converted to MapLike<T#1>)
  where T#1,A,T#2 are type-variables:
    T#1 extends Object declared in method <T#1>decode(DynamicOps<T#1>,MapLike<T#1>)
    A extends Object declared in interface MapDecoder
    T#2 extends Object declared in method <T#2>decode(DynamicOps<T#2>,T#2)
/home/runner/work/mcJava/mcJava/android/app/src/main/java/net/minecraft/network/protocol/game/ClientboundGameRuleValuesPacket.java:18: error: incompatible types: bad return type in method reference
      .map(ClientboundGameRuleValuesPacket::new, ClientboundGameRuleValuesPacket::values);
                                                 ^
    Map<ResourceKey<GameRule<?>>,String> cannot be converted to HashMap<ResourceKey<GameRule<?>>,String>
/home/runner/work/mcJava/mcJava/android/app/src/main/java/net/minecraft/advancements/Advancement.java:39: error: no suitable method found for group(RecordCodecBuilder<Advancement,Optional<Identifier>>,RecordCodecBuilder<Advancement,Optional<DisplayInfo>>,RecordCodecBuilder<Advancement,AdvancementRewards>,RecordCodecBuilder<Advancement,Map<String,Criterion<?>>>,RecordCodecBuilder<Advancement,Optional<AdvancementRequirements>>,RecordCodecBuilder<Advancement,Boolean>)
         i -> i.group(
               ^
    method Kind1.<T1#1>group(App<Mu<Object>,T1#1>) is not applicable
      (cannot infer type-variable(s) T1#1
        (actual and formal argument lists differ in length))
    method Kind1.<T1#2,T2#1>group(App<Mu<Object>,T1#2>,App<Mu<Object>,T2#1>) is not applicable
      (cannot infer type-variable(s) T1#2,T2#1
        (actual and formal argument lists differ in length))
    method Kind1.<T1#3,T2#2,T3#1>group(App<Mu<Object>,T1#3>,App<Mu<Object>,T2#2>,App<Mu<Object>,T3#1>) is not applicable
      (cannot infer type-variable(s) T1#3,T2#2,T3#1
        (actual and formal argument lists differ in length))
    method Kind1.<T1#4,T2#3,T3#2,T4#1>group(App<Mu<Object>,T1#4>,App<Mu<Object>,T2#3>,App<Mu<Object>,T3#2>,App<Mu<Object>,T4#1>) is not applicable
      (cannot infer type-variable(s) T1#4,T2#3,T3#2,T4#1
        (actual and formal argument lists differ in length))
    method Kind1.<T1#5,T2#4,T3#3,T4#2,T5#1>group(App<Mu<Object>,T1#5>,App<Mu<Object>,T2#4>,App<Mu<Object>,T3#3>,App<Mu<Object>,T4#2>,App<Mu<Object>,T5#1>) is not applicable
      (cannot infer type-variable(s) T1#5,T2#4,T3#3,T4#2,T5#1
        (actual and formal argument lists differ in length))
    method Kind1.<T1#6,T2#5,T3#4,T4#3,T5#2,T6#1>group(App<Mu<Object>,T1#6>,App<Mu<Object>,T2#5>,App<Mu<Object>,T3#4>,App<Mu<Object>,T4#3>,App<Mu<Object>,T5#2>,App<Mu<Object>,T6#1>) is not applicable
      (inference variable O has incompatible equality constraints Advancement,Object)
    method Kind1.<T1#7,T2#6,T3#5,T4#4,T5#3,T6#2,T7#1>group(App<Mu<Object>,T1#7>,App<Mu<Object>,T2#6>,App<Mu<Object>,T3#5>,App<Mu<Object>,T4#4>,App<Mu<Object>,T5#3>,App<Mu<Object>,T6#2>,App<Mu<Object>,T7#1>) is not applicable
      (cannot infer type-variable(s) T1#7,T2#6,T3#5,T4#4,T5#3,T6#2,T7#1
        (actual and formal argument lists differ in length))
    method Kind1.<T1#8,T2#7,T3#6,T4#5,T5#4,T6#3,T7#2,T8#1>group(App<Mu<Object>,T1#8>,App<Mu<Object>,T2#7>,App<Mu<Object>,T3#6>,App<Mu<Object>,T4#5>,App<Mu<Object>,T5#4>,App<Mu<Object>,T6#3>,App<Mu<Object>,T7#2>,App<Mu<Object>,T8#1>) is not applicable
      (cannot infer type-variable(s) T1#8,T2#7,T3#6,T4#5,T5#4,T6#3,T7#2,T8#1
        (actual and formal argument lists differ in length))
    method Kind1.<T1#9,T2#8,T3#7,T4#6,T5#5,T6#4,T7#3,T8#2,T9#1>group(App<Mu<Object>,T1#9>,App<Mu<Object>,T2#8>,App<Mu<Object>,T3#7>,App<Mu<Object>,T4#6>,App<Mu<Object>,T5#5>,App<Mu<Object>,T6#4>,App<Mu<Object>,T7#3>,App<Mu<Object>,T8#2>,App<Mu<Object>,T9#1>) is not applicable
      (cannot infer type-variable(s) T1#9,T2#8,T3#7,T4#6,T5#5,T6#4,T7#3,T8#2,T9#1
        (actual and formal argument lists differ in length))
    method Kind1.<T1#10,T2#9,T3#8,T4#7,T5#6,T6#5,T7#4,T8#3,T9#2,T10#1>group(App<Mu<Object>,T1#10>,App<Mu<Object>,T2#9>,App<Mu<Object>,T3#8>,App<Mu<Object>,T4#7>,App<Mu<Object>,T5#6>,App<Mu<Object>,T6#5>,App<Mu<Object>,T7#4>,App<Mu<Object>,T8#3>,App<Mu<Object>,T9#2>,App<Mu<Object>,T10#1>) is not applicable
      (cannot infer type-variable(s) T1#10,T2#9,T3#8,T4#7,T5#6,T6#5,T7#4,T8#3,T9#2,T10#1
        (actual and formal argument lists differ in length))
    method Kind1.<T1#11,T2#10,T3#9,T4#8,T5#7,T6#6,T7#5,T8#4,T9#3,T10#2,T11#1>group(App<Mu<Object>,T1#11>,App<Mu<Object>,T2#10>,App<Mu<Object>,T3#9>,App<Mu<Object>,T4#8>,App<Mu<Object>,T5#7>,App<Mu<Object>,T6#6>,App<Mu<Object>,T7#5>,App<Mu<Object>,T8#4>,App<Mu<Object>,T9#3>,App<Mu<Object>,T10#2>,App<Mu<Object>,T11#1>) is not applicable
      (cannot infer type-variable(s) T1#11,T2#10,T3#9,T4#8,T5#7,T6#6,T7#5,T8#4,T9#3,T10#2,T11#1
        (actual and formal argument lists differ in length))
    method Kind1.<T1#12,T2#11,T3#10,T4#9,T5#8,T6#7,T7#6,T8#5,T9#4,T10#3,T11#2,T12#1>group(App<Mu<Object>,T1#12>,App<Mu<Object>,T2#11>,App<Mu<Object>,T3#10>,App<Mu<Object>,T4#9>,App<Mu<Object>,T5#8>,App<Mu<Object>,T6#7>,App<Mu<Object>,T7#6>,App<Mu<Object>,T8#5>,App<Mu<Object>,T9#4>,App<Mu<Object>,T10#3>,App<Mu<Object>,T11#2>,App<Mu<Object>,T12#1>) is not applicable
      (cannot infer type-variable(s) T1#12,T2#11,T3#10,T4#9,T5#8,T6#7,T7#6,T8#5,T9#4,T10#3,T11#2,T12#1
        (actual and formal argument lists differ in length))
    method Kind1.<T1#13,T2#12,T3#11,T4#10,T5#9,T6#8,T7#7,T8#6,T9#5,T10#4,T11#3,T12#2,T13#1>group(App<Mu<Object>,T1#13>,App<Mu<Object>,T2#12>,App<Mu<Object>,T3#11>,App<Mu<Object>,T4#10>,App<Mu<Object>,T5#9>,App<Mu<Object>,T6#8>,App<Mu<Object>,T7#7>,App<Mu<Object>,T8#6>,App<Mu<Object>,T9#5>,App<Mu<Object>,T10#4>,App<Mu<Object>,T11#3>,App<Mu<Object>,T12#2>,App<Mu<Object>,T13#1>) is not applicable
      (cannot infer type-variable(s) T1#13,T2#12,T3#11,T4#10,T5#9,T6#8,T7#7,T8#6,T9#5,T10#4,T11#3,T12#2,T13#1
        (actual and formal argument lists differ in length))
    method Kind1.<T1#14,T2#13,T3#12,T4#11,T5#10,T6#9,T7#8,T8#7,T9#6,T10#5,T11#4,T12#3,T13#2,T14#1>group(App<Mu<Object>,T1#14>,App<Mu<Object>,T2#13>,App<Mu<Object>,T3#12>,App<Mu<Object>,T4#11>,App<Mu<Object>,T5#10>,App<Mu<Object>,T6#9>,App<Mu<Object>,T7#8>,App<Mu<Object>,T8#7>,App<Mu<Object>,T9#6>,App<Mu<Object>,T10#5>,App<Mu<Object>,T11#4>,App<Mu<Object>,T12#3>,App<Mu<Object>,T13#2>,App<Mu<Object>,T14#1>) is not applicable
      (cannot infer type-variable(s) T1#14,T2#13,T3#12,T4#11,T5#10,T6#9,T7#8,T8#7,T9#6,T10#5,T11#4,T12#3,T13#2,T14#1
        (actual and formal argument lists differ in length))
    method Kind1.<T1#15,T2#14,T3#13,T4#12,T5#11,T6#10,T7#9,T8#8,T9#7,T10#6,T11#5,T12#4,T13#3,T14#2,T15#1>group(App<Mu<Object>,T1#15>,App<Mu<Object>,T2#14>,App<Mu<Object>,T3#13>,App<Mu<Object>,T4#12>,App<Mu<Object>,T5#11>,App<Mu<Object>,T6#10>,App<Mu<Object>,T7#9>,App<Mu<Object>,T8#8>,App<Mu<Object>,T9#7>,App<Mu<Object>,T10#6>,App<Mu<Object>,T11#5>,App<Mu<Object>,T12#4>,App<Mu<Object>,T13#3>,App<Mu<Object>,T14#2>,App<Mu<Object>,T15#1>) is not applicable
      (cannot infer type-variable(s) T1#15,T2#14,T3#13,T4#12,T5#11,T6#10,T7#9,T8#8,T9#7,T10#6,T11#5,T12#4,T13#3,T14#2,T15#1
        (actual and formal argument lists differ in length))
    method Kind1.<T1#16,T2#15,T3#14,T4#13,T5#12,T6#11,T7#10,T8#9,T9#8,T10#7,T11#6,T12#5,T13#4,T14#3,T15#2,T16>group(App<Mu<Object>,T1#16>,App<Mu<Object>,T2#15>,App<Mu<Object>,T3#14>,App<Mu<Object>,T4#13>,App<Mu<Object>,T5#12>,App<Mu<Object>,T6#11>,App<Mu<Object>,T7#10>,App<Mu<Object>,T8#9>,App<Mu<Object>,T9#8>,App<Mu<Object>,T10#7>,App<Mu<Object>,T11#6>,App<Mu<Object>,T12#5>,App<Mu<Object>,T13#4>,App<Mu<Object>,T14#3>,App<Mu<Object>,T15#2>,App<Mu<Object>,T16>) is not applicable
      (cannot infer type-variable(s) T1#16,T2#15,T3#14,T4#13,T5#12,T6#11,T7#10,T8#9,T9#8,T10#7,T11#6,T12#5,T13#4,T14#3,T15#2,T16
        (actual and formal argument lists differ in length))
  where T1#1,F,T1#2,T2#1,T1#3,T2#2,T3#1,T1#4,T2#3,T3#2,T4#1,T1#5,T2#4,T3#3,T4#2,T5#1,T1#6,T2#5,T3#4,T4#3,T5#2,T6#1,O,A,T1#7,T2#6,T3#5,T4#4,T5#3,T6#2,T7#1,T1#8,T2#7,T3#6,T4#5,T5#4,T6#3,T7#2,T8#1,T1#9,T2#8,T3#7,T4#6,T5#5,T6#4,T7#3,T8#2,T9#1,T1#10,T2#9,T3#8,T4#7,T5#6,T6#5,T7#4,T8#3,T9#2,T10#1,T1#11,T2#10,T3#9,T4#8,T5#7,T6#6,T7#5,T8#4,T9#3,T10#2,T11#1,T1#12,T2#11,T3#10,T4#9,T5#8,T6#7,T7#6,T8#5,T9#4,T10#3,T11#2,T12#1,T1#13,T2#12,T3#11,T4#10,T5#9,T6#8,T7#7,T8#6,T9#5,T10#4,T11#3,T12#2,T13#1,T1#14,T2#13,T3#12,T4#11,T5#10,T6#9,T7#8,T8#7,T9#6,T10#5,T11#4,T12#3,T13#2,T14#1,T1#15,T2#14,T3#13,T4#12,T5#11,T6#10,T7#9,T8#8,T9#7,T10#6,T11#5,T12#4,T13#3,T14#2,T15#1,T1#16,T2#15,T3#14,T4#13,T5#12,T6#11,T7#10,T8#9,T9#8,T10#7,T11#6,T12#5,T13#4,T14#3,T15#2,T16 are type-variables:
    T1#1 extends Object declared in method <T1#1>group(App<F,T1#1>)
    F extends K1 declared in interface Kind1
    T1#2 extends Object declared in method <T1#2,T2#1>group(App<F,T1#2>,App<F,T2#1>)
    T2#1 extends Object declared in method <T1#2,T2#1>group(App<F,T1#2>,App<F,T2#1>)
    T1#3 extends Object declared in method <T1#3,T2#2,T3#1>group(App<F,T1#3>,App<F,T2#2>,App<F,T3#1>)
    T2#2 extends Object declared in method <T1#3,T2#2,T3#1>group(App<F,T1#3>,App<F,T2#2>,App<F,T3#1>)
    T3#1 extends Object declared in method <T1#3,T2#2,T3#1>group(App<F,T1#3>,App<F,T2#2>,App<F,T3#1>)
    T1#4 extends Object declared in method <T1#4,T2#3,T3#2,T4#1>group(App<F,T1#4>,App<F,T2#3>,App<F,T3#2>,App<F,T4#1>)
    T2#3 extends Object declared in method <T1#4,T2#3,T3#2,T4#1>group(App<F,T1#4>,App<F,T2#3>,App<F,T3#2>,App<F,T4#1>)
    T3#2 extends Object declared in method <T1#4,T2#3,T3#2,T4#1>group(App<F,T1#4>,App<F,T2#3>,App<F,T3#2>,App<F,T4#1>)
    T4#1 extends Object declared in method <T1#4,T2#3,T3#2,T4#1>group(App<F,T1#4>,App<F,T2#3>,App<F,T3#2>,App<F,T4#1>)
    T1#5 extends Object declared in method <T1#5,T2#4,T3#3,T4#2,T5#1>group(App<F,T1#5>,App<F,T2#4>,App<F,T3#3>,App<F,T4#2>,App<F,T5#1>)
    T2#4 extends Object declared in method <T1#5,T2#4,T3#3,T4#2,T5#1>group(App<F,T1#5>,App<F,T2#4>,App<F,T3#3>,App<F,T4#2>,App<F,T5#1>)
    T3#3 extends Object declared in method <T1#5,T2#4,T3#3,T4#2,T5#1>group(App<F,T1#5>,App<F,T2#4>,App<F,T3#3>,App<F,T4#2>,App<F,T5#1>)
    T4#2 extends Object declared in method <T1#5,T2#4,T3#3,T4#2,T5#1>group(App<F,T1#5>,App<F,T2#4>,App<F,T3#3>,App<F,T4#2>,App<F,T5#1>)
    T5#1 extends Object declared in method <T1#5,T2#4,T3#3,T4#2,T5#1>group(App<F,T1#5>,App<F,T2#4>,App<F,T3#3>,App<F,T4#2>,App<F,T5#1>)
    T1#6 extends Object declared in method <T1#6,T2#5,T3#4,T4#3,T5#2,T6#1>group(App<F,T1#6>,App<F,T2#5>,App<F,T3#4>,App<F,T4#3>,App<F,T5#2>,App<F,T6#1>)
    T2#5 extends Object declared in method <T1#6,T2#5,T3#4,T4#3,T5#2,T6#1>group(App<F,T1#6>,App<F,T2#5>,App<F,T3#4>,App<F,T4#3>,App<F,T5#2>,App<F,T6#1>)
    T3#4 extends Object declared in method <T1#6,T2#5,T3#4,T4#3,T5#2,T6#1>group(App<F,T1#6>,App<F,T2#5>,App<F,T3#4>,App<F,T4#3>,App<F,T5#2>,App<F,T6#1>)
    T4#3 extends Object declared in method <T1#6,T2#5,T3#4,T4#3,T5#2,T6#1>group(App<F,T1#6>,App<F,T2#5>,App<F,T3#4>,App<F,T4#3>,App<F,T5#2>,App<F,T6#1>)
    T5#2 extends Object declared in method <T1#6,T2#5,T3#4,T4#3,T5#2,T6#1>group(App<F,T1#6>,App<F,T2#5>,App<F,T3#4>,App<F,T4#3>,App<F,T5#2>,App<F,T6#1>)
    T6#1 extends Object declared in method <T1#6,T2#5,T3#4,T4#3,T5#2,T6#1>group(App<F,T1#6>,App<F,T2#5>,App<F,T3#4>,App<F,T4#3>,App<F,T5#2>,App<F,T6#1>)
    O extends Object declared in method <O>forGetter(Function<O,A>)
    A extends Object declared in class MapCodec
    T1#7 extends Object declared in method <T1#7,T2#6,T3#5,T4#4,T5#3,T6#2,T7#1>group(App<F,T1#7>,App<F,T2#6>,App<F,T3#5>,App<F,T4#4>,App<F,T5#3>,App<F,T6#2>,App<F,T7#1>)
    T2#6 extends Object declared in method <T1#7,T2#6,T3#5,T4#4,T5#3,T6#2,T7#1>group(App<F,T1#7>,App<F,T2#6>,App<F,T3#5>,App<F,T4#4>,App<F,T5#3>,App<F,T6#2>,App<F,T7#1>)
    T3#5 extends Object declared in method <T1#7,T2#6,T3#5,T4#4,T5#3,T6#2,T7#1>group(App<F,T1#7>,App<F,T2#6>,App<F,T3#5>,App<F,T4#4>,App<F,T5#3>,App<F,T6#2>,App<F,T7#1>)
    T4#4 extends Object declared in method <T1#7,T2#6,T3#5,T4#4,T5#3,T6#2,T7#1>group(App<F,T1#7>,App<F,T2#6>,App<F,T3#5>,App<F,T4#4>,App<F,T5#3>,App<F,T6#2>,App<F,T7#1>)
    T5#3 extends Object declared in method <T1#7,T2#6,T3#5,T4#4,T5#3,T6#2,T7#1>group(App<F,T1#7>,App<F,T2#6>,App<F,T3#5>,App<F,T4#4>,App<F,T5#3>,App<F,T6#2>,App<F,T7#1>)
    T6#2 extends Object declared in method <T1#7,T2#6,T3#5,T4#4,T5#3,T6#2,T7#1>group(App<F,T1#7>,App<F,T2#6>,App<F,T3#5>,App<F,T4#4>,App<F,T5#3>,App<F,T6#2>,App<F,T7#1>)
    T7#1 extends Object declared in method <T1#7,T2#6,T3#5,T4#4,T5#3,T6#2,T7#1>group(App<F,T1#7>,App<F,T2#6>,App<F,T3#5>,App<F,T4#4>,App<F,T5#3>,App<F,T6#2>,App<F,T7#1>)
    T1#8 extends Object declared in method <T1#8,T2#7,T3#6,T4#5,T5#4,T6#3,T7#2,T8#1>group(App<F,T1#8>,App<F,T2#7>,App<F,T3#6>,App<F,T4#5>,App<F,T5#4>,App<F,T6#3>,App<F,T7#2>,App<F,T8#1>)
    T2#7 extends Object declared in method <T1#8,T2#7,T3#6,T4#5,T5#4,T6#3,T7#2,T8#1>group(App<F,T1#8>,App<F,T2#7>,App<F,T3#6>,App<F,T4#5>,App<F,T5#4>,App<F,T6#3>,App<F,T7#2>,App<F,T8#1>)
    T3#6 extends Object declared in method <T1#8,T2#7,T3#6,T4#5,T5#4,T6#3,T7#2,T8#1>group(App<F,T1#8>,App<F,T2#7>,App<F,T3#6>,App<F,T4#5>,App<F,T5#4>,App<F,T6#3>,App<F,T7#2>,App<F,T8#1>)
    T4#5 extends Object declared in method <T1#8,T2#7,T3#6,T4#5,T5#4,T6#3,T7#2,T8#1>group(App<F,T1#8>,App<F,T2#7>,App<F,T3#6>,App<F,T4#5>,App<F,T5#4>,App<F,T6#3>,App<F,T7#2>,App<F,T8#1>)
    T5#4 extends Object declared in method <T1#8,T2#7,T3#6,T4#5,T5#4,T6#3,T7#2,T8#1>group(App<F,T1#8>,App<F,T2#7>,App<F,T3#6>,App<F,T4#5>,App<F,T5#4>,App<F,T6#3>,App<F,T7#2>,App<F,T8#1>)
    T6#3 extends Object declared in method <T1#8,T2#7,T3#6,T4#5,T5#4,T6#3,T7#2,T8#1>group(App<F,T1#8>,App<F,T2#7>,App<F,T3#6>,App<F,T4#5>,App<F,T5#4>,App<F,T6#3>,App<F,T7#2>,App<F,T8#1>)
    T7#2 extends Object declared in method <T1#8,T2#7,T3#6,T4#5,T5#4,T6#3,T7#2,T8#1>group(App<F,T1#8>,App<F,T2#7>,App<F,T3#6>,App<F,T4#5>,App<F,T5#4>,App<F,T6#3>,App<F,T7#2>,App<F,T8#1>)
    T8#1 extends Object declared in method <T1#8,T2#7,T3#6,T4#5,T5#4,T6#3,T7#2,T8#1>group(App<F,T1#8>,App<F,T2#7>,App<F,T3#6>,App<F,T4#5>,App<F,T5#4>,App<F,T6#3>,App<F,T7#2>,App<F,T8#1>)
    T1#9 extends Object declared in method <T1#9,T2#8,T3#7,T4#6,T5#5,T6#4,T7#3,T8#2,T9#1>group(App<F,T1#9>,App<F,T2#8>,App<F,T3#7>,App<F,T4#6>,App<F,T5#5>,App<F,T6#4>,App<F,T7#3>,App<F,T8#2>,App<F,T9#1>)
    T2#8 extends Object declared in method <T1#9,T2#8,T3#7,T4#6,T5#5,T6#4,T7#3,T8#2,T9#1>group(App<F,T1#9>,App<F,T2#8>,App<F,T3#7>,App<F,T4#6>,App<F,T5#5>,App<F,T6#4>,App<F,T7#3>,App<F,T8#2>,App<F,T9#1>)
    T3#7 extends Object declared in method <T1#9,T2#8,T3#7,T4#6,T5#5,T6#4,T7#3,T8#2,T9#1>group(App<F,T1#9>,App<F,T2#8>,App<F,T3#7>,App<F,T4#6>,App<F,T5#5>,App<F,T6#4>,App<F,T7#3>,App<F,T8#2>,App<F,T9#1>)
    T4#6 extends Object declared in method <T1#9,T2#8,T3#7,T4#6,T5#5,T6#4,T7#3,T8#2,T9#1>group(App<F,T1#9>,App<F,T2#8>,App<F,T3#7>,App<F,T4#6>,App<F,T5#5>,App<F,T6#4>,App<F,T7#3>,App<F,T8#2>,App<F,T9#1>)
    T5#5 extends Object declared in method <T1#9,T2#8,T3#7,T4#6,T5#5,T6#4,T7#3,T8#2,T9#1>group(App<F,T1#9>,App<F,T2#8>,App<F,T3#7>,App<F,T4#6>,App<F,T5#5>,App<F,T6#4>,App<F,T7#3>,App<F,T8#2>,App<F,T9#1>)
    T6#4 extends Object declared in method <T1#9,T2#8,T3#7,T4#6,T5#5,T6#4,T7#3,T8#2,T9#1>group(App<F,T1#9>,App<F,T2#8>,App<F,T3#7>,App<F,T4#6>,App<F,T5#5>,App<F,T6#4>,App<F,T7#3>,App<F,T8#2>,App<F,T9#1>)
    T7#3 extends Object declared in method <T1#9,T2#8,T3#7,T4#6,T5#5,T6#4,T7#3,T8#2,T9#1>group(App<F,T1#9>,App<F,T2#8>,App<F,T3#7>,App<F,T4#6>,App<F,T5#5>,App<F,T6#4>,App<F,T7#3>,App<F,T8#2>,App<F,T9#1>)
    T8#2 extends Object declared in method <T1#9,T2#8,T3#7,T4#6,T5#5,T6#4,T7#3,T8#2,T9#1>group(App<F,T1#9>,App<F,T2#8>,App<F,T3#7>,App<F,T4#6>,App<F,T5#5>,App<F,T6#4>,App<F,T7#3>,App<F,T8#2>,App<F,T9#1>)
    T9#1 extends Object declared in method <T1#9,T2#8,T3#7,T4#6,T5#5,T6#4,T7#3,T8#2,T9#1>group(App<F,T1#9>,App<F,T2#8>,App<F,T3#7>,App<F,T4#6>,App<F,T5#5>,App<F,T6#4>,App<F,T7#3>,App<F,T8#2>,App<F,T9#1>)
    T1#10 extends Object declared in method <T1#10,T2#9,T3#8,T4#7,T5#6,T6#5,T7#4,T8#3,T9#2,T10#1>group(App<F,T1#10>,App<F,T2#9>,App<F,T3#8>,App<F,T4#7>,App<F,T5#6>,App<F,T6#5>,App<F,T7#4>,App<F,T8#3>,App<F,T9#2>,App<F,T10#1>)
    T2#9 extends Object declared in method <T1#10,T2#9,T3#8,T4#7,T5#6,T6#5,T7#4,T8#3,T9#2,T10#1>group(App<F,T1#10>,App<F,T2#9>,App<F,T3#8>,App<F,T4#7>,App<F,T5#6>,App<F,T6#5>,App<F,T7#4>,App<F,T8#3>,App<F,T9#2>,App<F,T10#1>)
    T3#8 extends Object declared in method <T1#10,T2#9,T3#8,T4#7,T5#6,T6#5,T7#4,T8#3,T9#2,T10#1>group(App<F,T1#10>,App<F,T2#9>,App<F,T3#8>,App<F,T4#7>,App<F,T5#6>,App<F,T6#5>,App<F,T7#4>,App<F,T8#3>,App<F,T9#2>,App<F,T10#1>)
    T4#7 extends Object declared in method <T1#10,T2#9,T3#8,T4#7,T5#6,T6#5,T7#4,T8#3,T9#2,T10#1>group(App<F,T1#10>,App<F,T2#9>,App<F,T3#8>,App<F,T4#7>,App<F,T5#6>,App<F,T6#5>,App<F,T7#4>,App<F,T8#3>,App<F,T9#2>,App<F,T10#1>)
    T5#6 extends Object declared in method <T1#10,T2#9,T3#8,T4#7,T5#6,T6#5,T7#4,T8#3,T9#2,T10#1>group(App<F,T1#10>,App<F,T2#9>,App<F,T3#8>,App<F,T4#7>,App<F,T5#6>,App<F,T6#5>,App<F,T7#4>,App<F,T8#3>,App<F,T9#2>,App<F,T10#1>)
    T6#5 extends Object declared in method <T1#10,T2#9,T3#8,T4#7,T5#6,T6#5,T7#4,T8#3,T9#2,T10#1>group(App<F,T1#10>,App<F,T2#9>,App<F,T3#8>,App<F,T4#7>,App<F,T5#6>,App<F,T6#5>,App<F,T7#4>,App<F,T8#3>,App<F,T9#2>,App<F,T10#1>)
    T7#4 extends Object declared in method <T1#10,T2#9,T3#8,T4#7,T5#6,T6#5,T7#4,T8#3,T9#2,T10#1>group(App<F,T1#10>,App<F,T2#9>,App<F,T3#8>,App<F,T4#7>,App<F,T5#6>,App<F,T6#5>,App<F,T7#4>,App<F,T8#3>,App<F,T9#2>,App<F,T10#1>)
    T8#3 extends Object declared in method <T1#10,T2#9,T3#8,T4#7,T5#6,T6#5,T7#4,T8#3,T9#2,T10#1>group(App<F,T1#10>,App<F,T2#9>,App<F,T3#8>,App<F,T4#7>,App<F,T5#6>,App<F,T6#5>,App<F,T7#4>,App<F,T8#3>,App<F,T9#2>,App<F,T10#1>)
    T9#2 extends Object declared in method <T1#10,T2#9,T3#8,T4#7,T5#6,T6#5,T7#4,T8#3,T9#2,T10#1>group(App<F,T1#10>,App<F,T2#9>,App<F,T3#8>,App<F,T4#7>,App<F,T5#6>,App<F,T6#5>,App<F,T7#4>,App<F,T8#3>,App<F,T9#2>,App<F,T10#1>)
    T10#1 extends Object declared in method <T1#10,T2#9,T3#8,T4#7,T5#6,T6#5,T7#4,T8#3,T9#2,T10#1>group(App<F,T1#10>,App<F,T2#9>,App<F,T3#8>,App<F,T4#7>,App<F,T5#6>,App<F,T6#5>,App<F,T7#4>,App<F,T8#3>,App<F,T9#2>,App<F,T10#1>)
    T1#11 extends Object declared in method <T1#11,T2#10,T3#9,T4#8,T5#7,T6#6,T7#5,T8#4,T9#3,T10#2,T11#1>group(App<F,T1#11>,App<F,T2#10>,App<F,T3#9>,App<F,T4#8>,App<F,T5#7>,App<F,T6#6>,App<F,T7#5>,App<F,T8#4>,App<F,T9#3>,App<F,T10#2>,App<F,T11#1>)
    T2#10 extends Object declared in method <T1#11,T2#10,T3#9,T4#8,T5#7,T6#6,T7#5,T8#4,T9#3,T10#2,T11#1>group(App<F,T1#11>,App<F,T2#10>,App<F,T3#9>,App<F,T4#8>,App<F,T5#7>,App<F,T6#6>,App<F,T7#5>,App<F,T8#4>,App<F,T9#3>,App<F,T10#2>,App<F,T11#1>)
    T3#9 extends Object declared in method <T1#11,T2#10,T3#9,T4#8,T5#7,T6#6,T7#5,T8#4,T9#3,T10#2,T11#1>group(App<F,T1#11>,App<F,T2#10>,App<F,T3#9>,App<F,T4#8>,App<F,T5#7>,App<F,T6#6>,App<F,T7#5>,App<F,T8#4>,App<F,T9#3>,App<F,T10#2>,App<F,T11#1>)
    T4#8 extends Object declared in method <T1#11,T2#10,T3#9,T4#8,T5#7,T6#6,T7#5,T8#4,T9#3,T10#2,T11#1>group(App<F,T1#11>,App<F,T2#10>,App<F,T3#9>,App<F,T4#8>,App<F,T5#7>,App<F,T6#6>,App<F,T7#5>,App<F,T8#4>,App<F,T9#3>,App<F,T10#2>,App<F,T11#1>)
    T5#7 extends Object declared in method <T1#11,T2#10,T3#9,T4#8,T5#7,T6#6,T7#5,T8#4,T9#3,T10#2,T11#1>group(App<F,T1#11>,App<F,T2#10>,App<F,T3#9>,App<F,T4#8>,App<F,T5#7>,App<F,T6#6>,App<F,T7#5>,App<F,T8#4>,App<F,T9#3>,App<F,T10#2>,App<F,T11#1>)
    T6#6 extends Object declared in method <T1#11,T2#10,T3#9,T4#8,T5#7,T6#6,T7#5,T8#4,T9#3,T10#2,T11#1>group(App<F,T1#11>,App<F,T2#10>,App<F,T3#9>,App<F,T4#8>,App<F,T5#7>,App<F,T6#6>,App<F,T7#5>,App<F,T8#4>,App<F,T9#3>,App<F,T10#2>,App<F,T11#1>)
    T7#5 extends Object declared in method <T1#11,T2#10,T3#9,T4#8,T5#7,T6#6,T7#5,T8#4,T9#3,T10#2,T11#1>group(App<F,T1#11>,App<F,T2#10>,App<F,T3#9>,App<F,T4#8>,App<F,T5#7>,App<F,T6#6>,App<F,T7#5>,App<F,T8#4>,App<F,T9#3>,App<F,T10#2>,App<F,T11#1>)
    T8#4 extends Object declared in method <T1#11,T2#10,T3#9,T4#8,T5#7,T6#6,T7#5,T8#4,T9#3,T10#2,T11#1>group(App<F,T1#11>,App<F,T2#10>,App<F,T3#9>,App<F,T4#8>,App<F,T5#7>,App<F,T6#6>,App<F,T7#5>,App<F,T8#4>,App<F,T9#3>,App<F,T10#2>,App<F,T11#1>)
    T9#3 extends Object declared in method <T1#11,T2#10,T3#9,T4#8,T5#7,T6#6,T7#5,T8#4,T9#3,T10#2,T11#1>group(App<F,T1#11>,App<F,T2#10>,App<F,T3#9>,App<F,T4#8>,App<F,T5#7>,App<F,T6#6>,App<F,T7#5>,App<F,T8#4>,App<F,T9#3>,App<F,T10#2>,App<F,T11#1>)
    T10#2 extends Object declared in method <T1#11,T2#10,T3#9,T4#8,T5#7,T6#6,T7#5,T8#4,T9#3,T10#2,T11#1>group(App<F,T1#11>,App<F,T2#10>,App<F,T3#9>,App<F,T4#8>,App<F,T5#7>,App<F,T6#6>,App<F,T7#5>,App<F,T8#4>,App<F,T9#3>,App<F,T10#2>,App<F,T11#1>)
    T11#1 extends Object declared in method <T1#11,T2#10,T3#9,T4#8,T5#7,T6#6,T7#5,T8#4,T9#3,T10#2,T11#1>group(App<F,T1#11>,App<F,T2#10>,App<F,T3#9>,App<F,T4#8>,App<F,T5#7>,App<F,T6#6>,App<F,T7#5>,App<F,T8#4>,App<F,T9#3>,App<F,T10#2>,App<F,T11#1>)
    T1#12 extends Object declared in method <T1#12,T2#11,T3#10,T4#9,T5#8,T6#7,T7#6,T8#5,T9#4,T10#3,T11#2,T12#1>group(App<F,T1#12>,App<F,T2#11>,App<F,T3#10>,App<F,T4#9>,App<F,T5#8>,App<F,T6#7>,App<F,T7#6>,App<F,T8#5>,App<F,T9#4>,App<F,T10#3>,App<F,T11#2>,App<F,T12#1>)
    T2#11 extends Object declared in method <T1#12,T2#11,T3#10,T4#9,T5#8,T6#7,T7#6,T8#5,T9#4,T10#3,T11#2,T12#1>group(App<F,T1#12>,App<F,T2#11>,App<F,T3#10>,App<F,T4#9>,App<F,T5#8>,App<F,T6#7>,App<F,T7#6>,App<F,T8#5>,App<F,T9#4>,App<F,T10#3>,App<F,T11#2>,App<F,T12#1>)
    T3#10 extends Object declared in method <T1#12,T2#11,T3#10,T4#9,T5#8,T6#7,T7#6,T8#5,T9#4,T10#3,T11#2,T12#1>group(App<F,T1#12>,App<F,T2#11>,App<F,T3#10>,App<F,T4#9>,App<F,T5#8>,App<F,T6#7>,App<F,T7#6>,App<F,T8#5>,App<F,T9#4>,App<F,T10#3>,App<F,T11#2>,App<F,T12#1>)
    T4#9 extends Object declared in method <T1#12,T2#11,T3#10,T4#9,T5#8,T6#7,T7#6,T8#5,T9#4,T10#3,T11#2,T12#1>group(App<F,T1#12>,App<F,T2#11>,App<F,T3#10>,App<F,T4#9>,App<F,T5#8>,App<F,T6#7>,App<F,T7#6>,App<F,T8#5>,App<F,T9#4>,App<F,T10#3>,App<F,T11#2>,App<F,T12#1>)
    T5#8 extends Object declared in method <T1#12,T2#11,T3#10,T4#9,T5#8,T6#7,T7#6,T8#5,T9#4,T10#3,T11#2,T12#1>group(App<F,T1#12>,App<F,T2#11>,App<F,T3#10>,App<F,T4#9>,App<F,T5#8>,App<F,T6#7>,App<F,T7#6>,App<F,T8#5>,App<F,T9#4>,App<F,T10#3>,App<F,T11#2>,App<F,T12#1>)
    T6#7 extends Object declared in method <T1#12,T2#11,T3#10,T4#9,T5#8,T6#7,T7#6,T8#5,T9#4,T10#3,T11#2,T12#1>group(App<F,T1#12>,App<F,T2#11>,App<F,T3#10>,App<F,T4#9>,App<F,T5#8>,App<F,T6#7>,App<F,T7#6>,App<F,T8#5>,App<F,T9#4>,App<F,T10#3>,App<F,T11#2>,App<F,T12#1>)
    T7#6 extends Object declared in method <T1#12,T2#11,T3#10,T4#9,T5#8,T6#7,T7#6,T8#5,T9#4,T10#3,T11#2,T12#1>group(App<F,T1#12>,App<F,T2#11>,App<F,T3#10>,App<F,T4#9>,App<F,T5#8>,App<F,T6#7>,App<F,T7#6>,App<F,T8#5>,App<F,T9#4>,App<F,T10#3>,App<F,T11#2>,App<F,T12#1>)
    T8#5 extends Object declared in method <T1#12,T2#11,T3#10,T4#9,T5#8,T6#7,T7#6,T8#5,T9#4,T10#3,T11#2,T12#1>group(App<F,T1#12>,App<F,T2#11>,App<F,T3#10>,App<F,T4#9>,App<F,T5#8>,App<F,T6#7>,App<F,T7#6>,App<F,T8#5>,App<F,T9#4>,App<F,T10#3>,App<F,T11#2>,App<F,T12#1>)
    T9#4 extends Object declared in method <T1#12,T2#11,T3#10,T4#9,T5#8,T6#7,T7#6,T8#5,T9#4,T10#3,T11#2,T12#1>group(App<F,T1#12>,App<F,T2#11>,App<F,T3#10>,App<F,T4#9>,App<F,T5#8>,App<F,T6#7>,App<F,T7#6>,App<F,T8#5>,App<F,T9#4>,App<F,T10#3>,App<F,T11#2>,App<F,T12#1>)
    T10#3 extends Object declared in method <T1#12,T2#11,T3#10,T4#9,T5#8,T6#7,T7#6,T8#5,T9#4,T10#3,T11#2,T12#1>group(App<F,T1#12>,App<F,T2#11>,App<F,T3#10>,App<F,T4#9>,App<F,T5#8>,App<F,T6#7>,App<F,T7#6>,App<F,T8#5>,App<F,T9#4>,App<F,T10#3>,App<F,T11#2>,App<F,T12#1>)
    T11#2 extends Object declared in method <T1#12,T2#11,T3#10,T4#9,T5#8,T6#7,T7#6,T8#5,T9#4,T10#3,T11#2,T12#1>group(App<F,T1#12>,App<F,T2#11>,App<F,T3#10>,App<F,T4#9>,App<F,T5#8>,App<F,T6#7>,App<F,T7#6>,App<F,T8#5>,App<F,T9#4>,App<F,T10#3>,App<F,T11#2>,App<F,T12#1>)
    T12#1 extends Object declared in method <T1#12,T2#11,T3#10,T4#9,T5#8,T6#7,T7#6,T8#5,T9#4,T10#3,T11#2,T12#1>group(App<F,T1#12>,App<F,T2#11>,App<F,T3#10>,App<F,T4#9>,App<F,T5#8>,App<F,T6#7>,App<F,T7#6>,App<F,T8#5>,App<F,T9#4>,App<F,T10#3>,App<F,T11#2>,App<F,T12#1>)
    T1#13 extends Object declared in method <T1#13,T2#12,T3#11,T4#10,T5#9,T6#8,T7#7,T8#6,T9#5,T10#4,T11#3,T12#2,T13#1>group(App<F,T1#13>,App<F,T2#12>,App<F,T3#11>,App<F,T4#10>,App<F,T5#9>,App<F,T6#8>,App<F,T7#7>,App<F,T8#6>,App<F,T9#5>,App<F,T10#4>,App<F,T11#3>,App<F,T12#2>,App<F,T13#1>)
    T2#12 extends Object declared in method <T1#13,T2#12,T3#11,T4#10,T5#9,T6#8,T7#7,T8#6,T9#5,T10#4,T11#3,T12#2,T13#1>group(App<F,T1#13>,App<F,T2#12>,App<F,T3#11>,App<F,T4#10>,App<F,T5#9>,App<F,T6#8>,App<F,T7#7>,App<F,T8#6>,App<F,T9#5>,App<F,T10#4>,App<F,T11#3>,App<F,T12#2>,App<F,T13#1>)
    T3#11 extends Object declared in method <T1#13,T2#12,T3#11,T4#10,T5#9,T6#8,T7#7,T8#6,T9#5,T10#4,T11#3,T12#2,T13#1>group(App<F,T1#13>,App<F,T2#12>,App<F,T3#11>,App<F,T4#10>,App<F,T5#9>,App<F,T6#8>,App<F,T7#7>,App<F,T8#6>,App<F,T9#5>,App<F,T10#4>,App<F,T11#3>,App<F,T12#2>,App<F,T13#1>)
    T4#10 extends Object declared in method <T1#13,T2#12,T3#11,T4#10,T5#9,T6#8,T7#7,T8#6,T9#5,T10#4,T11#3,T12#2,T13#1>group(App<F,T1#13>,App<F,T2#12>,App<F,T3#11>,App<F,T4#10>,App<F,T5#9>,App<F,T6#8>,App<F,T7#7>,App<F,T8#6>,App<F,T9#5>,App<F,T10#4>,App<F,T11#3>,App<F,T12#2>,App<F,T13#1>)
    T5#9 extends Object declared in method <T1#13,T2#12,T3#11,T4#10,T5#9,T6#8,T7#7,T8#6,T9#5,T10#4,T11#3,T12#2,T13#1>group(App<F,T1#13>,App<F,T2#12>,App<F,T3#11>,App<F,T4#10>,App<F,T5#9>,App<F,T6#8>,App<F,T7#7>,App<F,T8#6>,App<F,T9#5>,App<F,T10#4>,App<F,T11#3>,App<F,T12#2>,App<F,T13#1>)
    T6#8 extends Object declared in method <T1#13,T2#12,T3#11,T4#10,T5#9,T6#8,T7#7,T8#6,T9#5,T10#4,T11#3,T12#2,T13#1>group(App<F,T1#13>,App<F,T2#12>,App<F,T3#11>,App<F,T4#10>,App<F,T5#9>,App<F,T6#8>,App<F,T7#7>,App<F,T8#6>,App<F,T9#5>,App<F,T10#4>,App<F,T11#3>,App<F,T12#2>,App<F,T13#1>)
    T7#7 extends Object declared in method <T1#13,T2#12,T3#11,T4#10,T5#9,T6#8,T7#7,T8#6,T9#5,T10#4,T11#3,T12#2,T13#1>group(App<F,T1#13>,App<F,T2#12>,App<F,T3#11>,App<F,T4#10>,App<F,T5#9>,App<F,T6#8>,App<F,T7#7>,App<F,T8#6>,App<F,T9#5>,App<F,T10#4>,App<F,T11#3>,App<F,T12#2>,App<F,T13#1>)
    T8#6 extends Object declared in method <T1#13,T2#12,T3#11,T4#10,T5#9,T6#8,T7#7,T8#6,T9#5,T10#4,T11#3,T12#2,T13#1>group(App<F,T1#13>,App<F,T2#12>,App<F,T3#11>,App<F,T4#10>,App<F,T5#9>,App<F,T6#8>,App<F,T7#7>,App<F,T8#6>,App<F,T9#5>,App<F,T10#4>,App<F,T11#3>,App<F,T12#2>,App<F,T13#1>)
    T9#5 extends Object declared in method <T1#13,T2#12,T3#11,T4#10,T5#9,T6#8,T7#7,T8#6,T9#5,T10#4,T11#3,T12#2,T13#1>group(App<F,T1#13>,App<F,T2#12>,App<F,T3#11>,App<F,T4#10>,App<F,T5#9>,App<F,T6#8>,App<F,T7#7>,App<F,T8#6>,App<F,T9#5>,App<F,T10#4>,App<F,T11#3>,App<F,T12#2>,App<F,T13#1>)
    T10#4 extends Object declared in method <T1#13,T2#12,T3#11,T4#10,T5#9,T6#8,T7#7,T8#6,T9#5,T10#4,T11#3,T12#2,T13#1>group(App<F,T1#13>,App<F,T2#12>,App<F,T3#11>,App<F,T4#10>,App<F,T5#9>,App<F,T6#8>,App<F,T7#7>,App<F,T8#6>,App<F,T9#5>,App<F,T10#4>,App<F,T11#3>,App<F,T12#2>,App<F,T13#1>)
    T11#3 extends Object declared in method <T1#13,T2#12,T3#11,T4#10,T5#9,T6#8,T7#7,T8#6,T9#5,T10#4,T11#3,T12#2,T13#1>group(App<F,T1#13>,App<F,T2#12>,App<F,T3#11>,App<F,T4#10>,App<F,T5#9>,App<F,T6#8>,App<F,T7#7>,App<F,T8#6>,App<F,T9#5>,App<F,T10#4>,App<F,T11#3>,App<F,T12#2>,App<F,T13#1>)
    T12#2 extends Object declared in method <T1#13,T2#12,T3#11,T4#10,T5#9,T6#8,T7#7,T8#6,T9#5,T10#4,T11#3,T12#2,T13#1>group(App<F,T1#13>,App<F,T2#12>,App<F,T3#11>,App<F,T4#10>,App<F,T5#9>,App<F,T6#8>,App<F,T7#7>,App<F,T8#6>,App<F,T9#5>,App<F,T10#4>,App<F,T11#3>,App<F,T12#2>,App<F,T13#1>)
    T13#1 extends Object declared in method <T1#13,T2#12,T3#11,T4#10,T5#9,T6#8,T7#7,T8#6,T9#5,T10#4,T11#3,T12#2,T13#1>group(App<F,T1#13>,App<F,T2#12>,App<F,T3#11>,App<F,T4#10>,App<F,T5#9>,App<F,T6#8>,App<F,T7#7>,App<F,T8#6>,App<F,T9#5>,App<F,T10#4>,App<F,T11#3>,App<F,T12#2>,App<F,T13#1>)
    T1#14 extends Object declared in method <T1#14,T2#13,T3#12,T4#11,T5#10,T6#9,T7#8,T8#7,T9#6,T10#5,T11#4,T12#3,T13#2,T14#1>group(App<F,T1#14>,App<F,T2#13>,App<F,T3#12>,App<F,T4#11>,App<F,T5#10>,App<F,T6#9>,App<F,T7#8>,App<F,T8#7>,App<F,T9#6>,App<F,T10#5>,App<F,T11#4>,App<F,T12#3>,App<F,T13#2>,App<F,T14#1>)
    T2#13 extends Object declared in method <T1#14,T2#13,T3#12,T4#11,T5#10,T6#9,T7#8,T8#7,T9#6,T10#5,T11#4,T12#3,T13#2,T14#1>group(App<F,T1#14>,App<F,T2#13>,App<F,T3#12>,App<F,T4#11>,App<F,T5#10>,App<F,T6#9>,App<F,T7#8>,App<F,T8#7>,App<F,T9#6>,App<F,T10#5>,App<F,T11#4>,App<F,T12#3>,App<F,T13#2>,App<F,T14#1>)
    T3#12 extends Object declared in method <T1#14,T2#13,T3#12,T4#11,T5#10,T6#9,T7#8,T8#7,T9#6,T10#5,T11#4,T12#3,T13#2,T14#1>group(App<F,T1#14>,App<F,T2#13>,App<F,T3#12>,App<F,T4#11>,App<F,T5#10>,App<F,T6#9>,App<F,T7#8>,App<F,T8#7>,App<F,T9#6>,App<F,T10#5>,App<F,T11#4>,App<F,T12#3>,App<F,T13#2>,App<F,T14#1>)
    T4#11 extends Object declared in method <T1#14,T2#13,T3#12,T4#11,T5#10,T6#9,T7#8,T8#7,T9#6,T10#5,T11#4,T12#3,T13#2,T14#1>group(App<F,T1#14>,App<F,T2#13>,App<F,T3#12>,App<F,T4#11>,App<F,T5#10>,App<F,T6#9>,App<F,T7#8>,App<F,T8#7>,App<F,T9#6>,App<F,T10#5>,App<F,T11#4>,App<F,T12#3>,App<F,T13#2>,App<F,T14#1>)
    T5#10 extends Object declared in method <T1#14,T2#13,T3#12,T4#11,T5#10,T6#9,T7#8,T8#7,T9#6,T10#5,T11#4,T12#3,T13#2,T14#1>group(App<F,T1#14>,App<F,T2#13>,App<F,T3#12>,App<F,T4#11>,App<F,T5#10>,App<F,T6#9>,App<F,T7#8>,App<F,T8#7>,App<F,T9#6>,App<F,T10#5>,App<F,T11#4>,App<F,T12#3>,App<F,T13#2>,App<F,T14#1>)
    T6#9 extends Object declared in method <T1#14,T2#13,T3#12,T4#11,T5#10,T6#9,T7#8,T8#7,T9#6,T10#5,T11#4,T12#3,T13#2,T14#1>group(App<F,T1#14>,App<F,T2#13>,App<F,T3#12>,App<F,T4#11>,App<F,T5#10>,App<F,T6#9>,App<F,T7#8>,App<F,T8#7>,App<F,T9#6>,App<F,T10#5>,App<F,T11#4>,App<F,T12#3>,App<F,T13#2>,App<F,T14#1>)
    T7#8 extends Object declared in method <T1#14,T2#13,T3#12,T4#11,T5#10,T6#9,T7#8,T8#7,T9#6,T10#5,T11#4,T12#3,T13#2,T14#1>group(App<F,T1#14>,App<F,T2#13>,App<F,T3#12>,App<F,T4#11>,App<F,T5#10>,App<F,T6#9>,App<F,T7#8>,App<F,T8#7>,App<F,T9#6>,App<F,T10#5>,App<F,T11#4>,App<F,T12#3>,App<F,T13#2>,App<F,T14#1>)
    T8#7 extends Object declared in method <T1#14,T2#13,T3#12,T4#11,T5#10,T6#9,T7#8,T8#7,T9#6,T10#5,T11#4,T12#3,T13#2,T14#1>group(App<F,T1#14>,App<F,T2#13>,App<F,T3#12>,App<F,T4#11>,App<F,T5#10>,App<F,T6#9>,App<F,T7#8>,App<F,T8#7>,App<F,T9#6>,App<F,T10#5>,App<F,T11#4>,App<F,T12#3>,App<F,T13#2>,App<F,T14#1>)
    T9#6 extends Object declared in method <T1#14,T2#13,T3#12,T4#11,T5#10,T6#9,T7#8,T8#7,T9#6,T10#5,T11#4,T12#3,T13#2,T14#1>group(App<F,T1#14>,App<F,T2#13>,App<F,T3#12>,App<F,T4#11>,App<F,T5#10>,App<F,T6#9>,App<F,T7#8>,App<F,T8#7>,App<F,T9#6>,App<F,T10#5>,App<F,T11#4>,App<F,T12#3>,App<F,T13#2>,App<F,T14#1>)
    T10#5 extends Object declared in method <T1#14,T2#13,T3#12,T4#11,T5#10,T6#9,T7#8,T8#7,T9#6,T10#5,T11#4,T12#3,T13#2,T14#1>group(App<F,T1#14>,App<F,T2#13>,App<F,T3#12>,App<F,T4#11>,App<F,T5#10>,App<F,T6#9>,App<F,T7#8>,App<F,T8#7>,App<F,T9#6>,App<F,T10#5>,App<F,T11#4>,App<F,T12#3>,App<F,T13#2>,App<F,T14#1>)
    T11#4 extends Object declared in method <T1#14,T2#13,T3#12,T4#11,T5#10,T6#9,T7#8,T8#7,T9#6,T10#5,T11#4,T12#3,T13#2,T14#1>group(App<F,T1#14>,App<F,T2#13>,App<F,T3#12>,App<F,T4#11>,App<F,T5#10>,App<F,T6#9>,App<F,T7#8>,App<F,T8#7>,App<F,T9#6>,App<F,T10#5>,App<F,T11#4>,App<F,T12#3>,App<F,T13#2>,App<F,T14#1>)
    T12#3 extends Object declared in method <T1#14,T2#13,T3#12,T4#11,T5#10,T6#9,T7#8,T8#7,T9#6,T10#5,T11#4,T12#3,T13#2,T14#1>group(App<F,T1#14>,App<F,T2#13>,App<F,T3#12>,App<F,T4#11>,App<F,T5#10>,App<F,T6#9>,App<F,T7#8>,App<F,T8#7>,App<F,T9#6>,App<F,T10#5>,App<F,T11#4>,App<F,T12#3>,App<F,T13#2>,App<F,T14#1>)
    T13#2 extends Object declared in method <T1#14,T2#13,T3#12,T4#11,T5#10,T6#9,T7#8,T8#7,T9#6,T10#5,T11#4,T12#3,T13#2,T14#1>group(App<F,T1#14>,App<F,T2#13>,App<F,T3#12>,App<F,T4#11>,App<F,T5#10>,App<F,T6#9>,App<F,T7#8>,App<F,T8#7>,App<F,T9#6>,App<F,T10#5>,App<F,T11#4>,App<F,T12#3>,App<F,T13#2>,App<F,T14#1>)
    T14#1 extends Object declared in method <T1#14,T2#13,T3#12,T4#11,T5#10,T6#9,T7#8,T8#7,T9#6,T10#5,T11#4,T12#3,T13#2,T14#1>group(App<F,T1#14>,App<F,T2#13>,App<F,T3#12>,App<F,T4#11>,App<F,T5#10>,App<F,T6#9>,App<F,T7#8>,App<F,T8#7>,App<F,T9#6>,App<F,T10#5>,App<F,T11#4>,App<F,T12#3>,App<F,T13#2>,App<F,T14#1>)
    T1#15 extends Object declared in method <T1#15,T2#14,T3#13,T4#12,T5#11,T6#10,T7#9,T8#8,T9#7,T10#6,T11#5,T12#4,T13#3,T14#2,T15#1>group(App<F,T1#15>,App<F,T2#14>,App<F,T3#13>,App<F,T4#12>,App<F,T5#11>,App<F,T6#10>,App<F,T7#9>,App<F,T8#8>,App<F,T9#7>,App<F,T10#6>,App<F,T11#5>,App<F,T12#4>,App<F,T13#3>,App<F,T14#2>,App<F,T15#1>)
    T2#14 extends Object declared in method <T1#15,T2#14,T3#13,T4#12,T5#11,T6#10,T7#9,T8#8,T9#7,T10#6,T11#5,T12#4,T13#3,T14#2,T15#1>group(App<F,T1#15>,App<F,T2#14>,App<F,T3#13>,App<F,T4#12>,App<F,T5#11>,App<F,T6#10>,App<F,T7#9>,App<F,T8#8>,App<F,T9#7>,App<F,T10#6>,App<F,T11#5>,App<F,T12#4>,App<F,T13#3>,App<F,T14#2>,App<F,T15#1>)
    T3#13 extends Object declared in method <T1#15,T2#14,T3#13,T4#12,T5#11,T6#10,T7#9,T8#8,T9#7,T10#6,T11#5,T12#4,T13#3,T14#2,T15#1>group(App<F,T1#15>,App<F,T2#14>,App<F,T3#13>,App<F,T4#12>,App<F,T5#11>,App<F,T6#10>,App<F,T7#9>,App<F,T8#8>,App<F,T9#7>,App<F,T10#6>,App<F,T11#5>,App<F,T12#4>,App<F,T13#3>,App<F,T14#2>,App<F,T15#1>)
    T4#12 extends Object declared in method <T1#15,T2#14,T3#13,T4#12,T5#11,T6#10,T7#9,T8#8,T9#7,T10#6,T11#5,T12#4,T13#3,T14#2,T15#1>group(App<F,T1#15>,App<F,T2#14>,App<F,T3#13>,App<F,T4#12>,App<F,T5#11>,App<F,T6#10>,App<F,T7#9>,App<F,T8#8>,App<F,T9#7>,App<F,T10#6>,App<F,T11#5>,App<F,T12#4>,App<F,T13#3>,App<F,T14#2>,App<F,T15#1>)
    T5#11 extends Object declared in method <T1#15,T2#14,T3#13,T4#12,T5#11,T6#10,T7#9,T8#8,T9#7,T10#6,T11#5,T12#4,T13#3,T14#2,T15#1>group(App<F,T1#15>,App<F,T2#14>,App<F,T3#13>,App<F,T4#12>,App<F,T5#11>,App<F,T6#10>,App<F,T7#9>,App<F,T8#8>,App<F,T9#7>,App<F,T10#6>,App<F,T11#5>,App<F,T12#4>,App<F,T13#3>,App<F,T14#2>,App<F,T15#1>)
    T6#10 extends Object declared in method <T1#15,T2#14,T3#13,T4#12,T5#11,T6#10,T7#9,T8#8,T9#7,T10#6,T11#5,T12#4,T13#3,T14#2,T15#1>group(App<F,T1#15>,App<F,T2#14>,App<F,T3#13>,App<F,T4#12>,App<F,T5#11>,App<F,T6#10>,App<F,T7#9>,App<F,T8#8>,App<F,T9#7>,App<F,T10#6>,App<F,T11#5>,App<F,T12#4>,App<F,T13#3>,App<F,T14#2>,App<F,T15#1>)
    T7#9 extends Object declared in method <T1#15,T2#14,T3#13,T4#12,T5#11,T6#10,T7#9,T8#8,T9#7,T10#6,T11#5,T12#4,T13#3,T14#2,T15#1>group(App<F,T1#15>,App<F,T2#14>,App<F,T3#13>,App<F,T4#12>,App<F,T5#11>,App<F,T6#10>,App<F,T7#9>,App<F,T8#8>,App<F,T9#7>,App<F,T10#6>,App<F,T11#5>,App<F,T12#4>,App<F,T13#3>,App<F,T14#2>,App<F,T15#1>)
    T8#8 extends Object declared in method <T1#15,T2#14,T3#13,T4#12,T5#11,T6#10,T7#9,T8#8,T9#7,T10#6,T11#5,T12#4,T13#3,T14#2,T15#1>group(App<F,T1#15>,App<F,T2#14>,App<F,T3#13>,App<F,T4#12>,App<F,T5#11>,App<F,T6#10>,App<F,T7#9>,App<F,T8#8>,App<F,T9#7>,App<F,T10#6>,App<F,T11#5>,App<F,T12#4>,App<F,T13#3>,App<F,T14#2>,App<F,T15#1>)
    T9#7 extends Object declared in method <T1#15,T2#14,T3#13,T4#12,T5#11,T6#10,T7#9,T8#8,T9#7,T10#6,T11#5,T12#4,T13#3,T14#2,T15#1>group(App<F,T1#15>,App<F,T2#14>,App<F,T3#13>,App<F,T4#12>,App<F,T5#11>,App<F,T6#10>,App<F,T7#9>,App<F,T8#8>,App<F,T9#7>,App<F,T10#6>,App<F,T11#5>,App<F,T12#4>,App<F,T13#3>,App<F,T14#2>,App<F,T15#1>)
    T10#6 extends Object declared in method <T1#15,T2#14,T3#13,T4#12,T5#11,T6#10,T7#9,T8#8,T9#7,T10#6,T11#5,T12#4,T13#3,T14#2,T15#1>group(App<F,T1#15>,App<F,T2#14>,App<F,T3#13>,App<F,T4#12>,App<F,T5#11>,App<F,T6#10>,App<F,T7#9>,App<F,T8#8>,App<F,T9#7>,App<F,T10#6>,App<F,T11#5>,App<F,T12#4>,App<F,T13#3>,App<F,T14#2>,App<F,T15#1>)
    T11#5 extends Object declared in method <T1#15,T2#14,T3#13,T4#12,T5#11,T6#10,T7#9,T8#8,T9#7,T10#6,T11#5,T12#4,T13#3,T14#2,T15#1>group(App<F,T1#15>,App<F,T2#14>,App<F,T3#13>,App<F,T4#12>,App<F,T5#11>,App<F,T6#10>,App<F,T7#9>,App<F,T8#8>,App<F,T9#7>,App<F,T10#6>,App<F,T11#5>,App<F,T12#4>,App<F,T13#3>,App<F,T14#2>,App<F,T15#1>)
    T12#4 extends Object declared in method <T1#15,T2#14,T3#13,T4#12,T5#11,T6#10,T7#9,T8#8,T9#7,T10#6,T11#5,T12#4,T13#3,T14#2,T15#1>group(App<F,T1#15>,App<F,T2#14>,App<F,T3#13>,App<F,T4#12>,App<F,T5#11>,App<F,T6#10>,App<F,T7#9>,App<F,T8#8>,App<F,T9#7>,App<F,T10#6>,App<F,T11#5>,App<F,T12#4>,App<F,T13#3>,App<F,T14#2>,App<F,T15#1>)
    T13#3 extends Object declared in method <T1#15,T2#14,T3#13,T4#12,T5#11,T6#10,T7#9,T8#8,T9#7,T10#6,T11#5,T12#4,T13#3,T14#2,T15#1>group(App<F,T1#15>,App<F,T2#14>,App<F,T3#13>,App<F,T4#12>,App<F,T5#11>,App<F,T6#10>,App<F,T7#9>,App<F,T8#8>,App<F,T9#7>,App<F,T10#6>,App<F,T11#5>,App<F,T12#4>,App<F,T13#3>,App<F,T14#2>,App<F,T15#1>)
    T14#2 extends Object declared in method <T1#15,T2#14,T3#13,T4#12,T5#11,T6#10,T7#9,T8#8,T9#7,T10#6,T11#5,T12#4,T13#3,T14#2,T15#1>group(App<F,T1#15>,App<F,T2#14>,App<F,T3#13>,App<F,T4#12>,App<F,T5#11>,App<F,T6#10>,App<F,T7#9>,App<F,T8#8>,App<F,T9#7>,App<F,T10#6>,App<F,T11#5>,App<F,T12#4>,App<F,T13#3>,App<F,T14#2>,App<F,T15#1>)
    T15#1 extends Object declared in method <T1#15,T2#14,T3#13,T4#12,T5#11,T6#10,T7#9,T8#8,T9#7,T10#6,T11#5,T12#4,T13#3,T14#2,T15#1>group(App<F,T1#15>,App<F,T2#14>,App<F,T3#13>,App<F,T4#12>,App<F,T5#11>,App<F,T6#10>,App<F,T7#9>,App<F,T8#8>,App<F,T9#7>,App<F,T10#6>,App<F,T11#5>,App<F,T12#4>,App<F,T13#3>,App<F,T14#2>,App<F,T15#1>)
    T1#16 extends Object declared in method <T1#16,T2#15,T3#14,T4#13,T5#12,T6#11,T7#10,T8#9,T9#8,T10#7,T11#6,T12#5,T13#4,T14#3,T15#2,T16>group(App<F,T1#16>,App<F,T2#15>,App<F,T3#14>,App<F,T4#13>,App<F,T5#12>,App<F,T6#11>,App<F,T7#10>,App<F,T8#9>,App<F,T9#8>,App<F,T10#7>,App<F,T11#6>,App<F,T12#5>,App<F,T13#4>,App<F,T14#3>,App<F,T15#2>,App<F,T16>)
    T2#15 extends Object declared in method <T1#16,T2#15,T3#14,T4#13,T5#12,T6#11,T7#10,T8#9,T9#8,T10#7,T11#6,T12#5,T13#4,T14#3,T15#2,T16>group(App<F,T1#16>,App<F,T2#15>,App<F,T3#14>,App<F,T4#13>,App<F,T5#12>,App<F,T6#11>,App<F,T7#10>,App<F,T8#9>,App<F,T9#8>,App<F,T10#7>,App<F,T11#6>,App<F,T12#5>,App<F,T13#4>,App<F,T14#3>,App<F,T15#2>,App<F,T16>)
    T3#14 extends Object declared in method <T1#16,T2#15,T3#14,T4#13,T5#12,T6#11,T7#10,T8#9,T9#8,T10#7,T11#6,T12#5,T13#4,T14#3,T15#2,T16>group(App<F,T1#16>,App<F,T2#15>,App<F,T3#14>,App<F,T4#13>,App<F,T5#12>,App<F,T6#11>,App<F,T7#10>,App<F,T8#9>,App<F,T9#8>,App<F,T10#7>,App<F,T11#6>,App<F,T12#5>,App<F,T13#4>,App<F,T14#3>,App<F,T15#2>,App<F,T16>)
    T4#13 extends Object declared in method <T1#16,T2#15,T3#14,T4#13,T5#12,T6#11,T7#10,T8#9,T9#8,T10#7,T11#6,T12#5,T13#4,T14#3,T15#2,T16>group(App<F,T1#16>,App<F,T2#15>,App<F,T3#14>,App<F,T4#13>,App<F,T5#12>,App<F,T6#11>,App<F,T7#10>,App<F,T8#9>,App<F,T9#8>,App<F,T10#7>,App<F,T11#6>,App<F,T12#5>,App<F,T13#4>,App<F,T14#3>,App<F,T15#2>,App<F,T16>)
    T5#12 extends Object declared in method <T1#16,T2#15,T3#14,T4#13,T5#12,T6#11,T7#10,T8#9,T9#8,T10#7,T11#6,T12#5,T13#4,T14#3,T15#2,T16>group(App<F,T1#16>,App<F,T2#15>,App<F,T3#14>,App<F,T4#13>,App<F,T5#12>,App<F,T6#11>,App<F,T7#10>,App<F,T8#9>,App<F,T9#8>,App<F,T10#7>,App<F,T11#6>,App<F,T12#5>,App<F,T13#4>,App<F,T14#3>,App<F,T15#2>,App<F,T16>)
    T6#11 extends Object declared in method <T1#16,T2#15,T3#14,T4#13,T5#12,T6#11,T7#10,T8#9,T9#8,T10#7,T11#6,T12#5,T13#4,T14#3,T15#2,T16>group(App<F,T1#16>,App<F,T2#15>,App<F,T3#14>,App<F,T4#13>,App<F,T5#12>,App<F,T6#11>,App<F,T7#10>,App<F,T8#9>,App<F,T9#8>,App<F,T10#7>,App<F,T11#6>,App<F,T12#5>,App<F,T13#4>,App<F,T14#3>,App<F,T15#2>,App<F,T16>)
    T7#10 extends Object declared in method <T1#16,T2#15,T3#14,T4#13,T5#12,T6#11,T7#10,T8#9,T9#8,T10#7,T11#6,T12#5,T13#4,T14#3,T15#2,T16>group(App<F,T1#16>,App<F,T2#15>,App<F,T3#14>,App<F,T4#13>,App<F,T5#12>,App<F,T6#11>,App<F,T7#10>,App<F,T8#9>,App<F,T9#8>,App<F,T10#7>,App<F,T11#6>,App<F,T12#5>,App<F,T13#4>,App<F,T14#3>,App<F,T15#2>,App<F,T16>)
    T8#9 extends Object declared in method <T1#16,T2#15,T3#14,T4#13,T5#12,T6#11,T7#10,T8#9,T9#8,T10#7,T11#6,T12#5,T13#4,T14#3,T15#2,T16>group(App<F,T1#16>,App<F,T2#15>,App<F,T3#14>,App<F,T4#13>,App<F,T5#12>,App<F,T6#11>,App<F,T7#10>,App<F,T8#9>,App<F,T9#8>,App<F,T10#7>,App<F,T11#6>,App<F,T12#5>,App<F,T13#4>,App<F,T14#3>,App<F,T15#2>,App<F,T16>)
    T9#8 extends Object declared in method <T1#16,T2#15,T3#14,T4#13,T5#12,T6#11,T7#10,T8#9,T9#8,T10#7,T11#6,T12#5,T13#4,T14#3,T15#2,T16>group(App<F,T1#16>,App<F,T2#15>,App<F,T3#14>,App<F,T4#13>,App<F,T5#12>,App<F,T6#11>,App<F,T7#10>,App<F,T8#9>,App<F,T9#8>,App<F,T10#7>,App<F,T11#6>,App<F,T12#5>,App<F,T13#4>,App<F,T14#3>,App<F,T15#2>,App<F,T16>)
    T10#7 extends Object declared in method <T1#16,T2#15,T3#14,T4#13,T5#12,T6#11,T7#10,T8#9,T9#8,T10#7,T11#6,T12#5,T13#4,T14#3,T15#2,T16>group(App<F,T1#16>,App<F,T2#15>,App<F,T3#14>,App<F,T4#13>,App<F,T5#12>,App<F,T6#11>,App<F,T7#10>,App<F,T8#9>,App<F,T9#8>,App<F,T10#7>,App<F,T11#6>,App<F,T12#5>,App<F,T13#4>,App<F,T14#3>,App<F,T15#2>,App<F,T16>)
    T11#6 extends Object declared in method <T1#16,T2#15,T3#14,T4#13,T5#12,T6#11,T7#10,T8#9,T9#8,T10#7,T11#6,T12#5,T13#4,T14#3,T15#2,T16>group(App<F,T1#16>,App<F,T2#15>,App<F,T3#14>,App<F,T4#13>,App<F,T5#12>,App<F,T6#11>,App<F,T7#10>,App<F,T8#9>,App<F,T9#8>,App<F,T10#7>,App<F,T11#6>,App<F,T12#5>,App<F,T13#4>,App<F,T14#3>,App<F,T15#2>,App<F,T16>)
    T12#5 extends Object declared in method <T1#16,T2#15,T3#14,T4#13,T5#12,T6#11,T7#10,T8#9,T9#8,T10#7,T11#6,T12#5,T13#4,T14#3,T15#2,T16>group(App<F,T1#16>,App<F,T2#15>,App<F,T3#14>,App<F,T4#13>,App<F,T5#12>,App<F,T6#11>,App<F,T7#10>,App<F,T8#9>,App<F,T9#8>,App<F,T10#7>,App<F,T11#6>,App<F,T12#5>,App<F,T13#4>,App<F,T14#3>,App<F,T15#2>,App<F,T16>)
    T13#4 extends Object declared in method <T1#16,T2#15,T3#14,T4#13,T5#12,T6#11,T7#10,T8#9,T9#8,T10#7,T11#6,T12#5,T13#4,T14#3,T15#2,T16>group(App<F,T1#16>,App<F,T2#15>,App<F,T3#14>,App<F,T4#13>,App<F,T5#12>,App<F,T6#11>,App<F,T7#10>,App<F,T8#9>,App<F,T9#8>,App<F,T10#7>,App<F,T11#6>,App<F,T12#5>,App<F,T13#4>,App<F,T14#3>,App<F,T15#2>,App<F,T16>)
    T14#3 extends Object declared in method <T1#16,T2#15,T3#14,T4#13,T5#12,T6#11,T7#10,T8#9,T9#8,T10#7,T11#6,T12#5,T13#4,T14#3,T15#2,T16>group(App<F,T1#16>,App<F,T2#15>,App<F,T3#14>,App<F,T4#13>,App<F,T5#12>,App<F,T6#11>,App<F,T7#10>,App<F,T8#9>,App<F,T9#8>,App<F,T10#7>,App<F,T11#6>,App<F,T12#5>,App<F,T13#4>,App<F,T14#3>,App<F,T15#2>,App<F,T16>)
    T15#2 extends Object declared in method <T1#16,T2#15,T3#14,T4#13,T5#12,T6#11,T7#10,T8#9,T9#8,T10#7,T11#6,T12#5,T13#4,T14#3,T15#2,T16>group(App<F,T1#16>,App<F,T2#15>,App<F,T3#14>,App<F,T4#13>,App<F,T5#12>,App<F,T6#11>,App<F,T7#10>,App<F,T8#9>,App<F,T9#8>,App<F,T10#7>,App<F,T11#6>,App<F,T12#5>,App<F,T13#4>,App<F,T14#3>,App<F,T15#2>,App<F,T16>)
    T16 extends Object declared in method <T1#16,T2#15,T3#14,T4#13,T5#12,T6#11,T7#10,T8#9,T9#8,T10#7,T11#6,T12#5,T13#4,T14#3,T15#2,T16>group(App<F,T1#16>,App<F,T2#15>,App<F,T3#14>,App<F,T4#13>,App<F,T5#12>,App<F,T6#11>,App<F,T7#10>,App<F,T8#9>,App<F,T9#8>,App<F,T10#7>,App<F,T11#6>,App<F,T12#5>,App<F,T13#4>,App<F,T14#3>,App<F,T15#2>,App<F,T16>)
/home/runner/work/mcJava/mcJava/android/app/src/main/java/net/minecraft/advancements/Advancement.java:52: error: incompatible types: invalid method reference
      .validate(Advancement::validate);
                ^
    incompatible types: Object cannot be converted to Advancement
/home/runner/work/mcJava/mcJava/android/app/src/main/java/net/minecraft/world/item/enchantment/LevelBasedValue.java:70: error: no suitable method found for group(RecordCodecBuilder<Clamped,LevelBasedValue>,RecordCodecBuilder<Clamped,Float>,RecordCodecBuilder<Clamped,Float>)
            i -> i.group(
                  ^
    method Kind1.<T1#1>group(App<Mu<Object>,T1#1>) is not applicable
      (cannot infer type-variable(s) T1#1
        (actual and formal argument lists differ in length))
    method Kind1.<T1#2,T2#1>group(App<Mu<Object>,T1#2>,App<Mu<Object>,T2#1>) is not applicable
      (cannot infer type-variable(s) T1#2,T2#1
        (actual and formal argument lists differ in length))
    method Kind1.<T1#3,T2#2,T3#1>group(App<Mu<Object>,T1#3>,App<Mu<Object>,T2#2>,App<Mu<Object>,T3#1>) is not applicable
      (inference variable O has incompatible bounds
        equality constraints: Object
        upper bounds: Object,Clamped)
    method Kind1.<T1#4,T2#3,T3#2,T4#1>group(App<Mu<Object>,T1#4>,App<Mu<Object>,T2#3>,App<Mu<Object>,T3#2>,App<Mu<Object>,T4#1>) is not applicable
      (cannot infer type-variable(s) T1#4,T2#3,T3#2,T4#1
        (actual and formal argument lists differ in length))
    method Kind1.<T1#5,T2#4,T3#3,T4#2,T5#1>group(App<Mu<Object>,T1#5>,App<Mu<Object>,T2#4>,App<Mu<Object>,T3#3>,App<Mu<Object>,T4#2>,App<Mu<Object>,T5#1>) is not applicable
      (cannot infer type-variable(s) T1#5,T2#4,T3#3,T4#2,T5#1
        (actual and formal argument lists differ in length))
    method Kind1.<T1#6,T2#5,T3#4,T4#3,T5#2,T6#1>group(App<Mu<Object>,T1#6>,App<Mu<Object>,T2#5>,App<Mu<Object>,T3#4>,App<Mu<Object>,T4#3>,App<Mu<Object>,T5#2>,App<Mu<Object>,T6#1>) is not applicable
      (cannot infer type-variable(s) T1#6,T2#5,T3#4,T4#3,T5#2,T6#1
        (actual and formal argument lists differ in length))
    method Kind1.<T1#7,T2#6,T3#5,T4#4,T5#3,T6#2,T7#1>group(App<Mu<Object>,T1#7>,App<Mu<Object>,T2#6>,App<Mu<Object>,T3#5>,App<Mu<Object>,T4#4>,App<Mu<Object>,T5#3>,App<Mu<Object>,T6#2>,App<Mu<Object>,T7#1>) is not applicable
      (cannot infer type-variable(s) T1#7,T2#6,T3#5,T4#4,T5#3,T6#2,T7#1
        (actual and formal argument lists differ in length))
    method Kind1.<T1#8,T2#7,T3#6,T4#5,T5#4,T6#3,T7#2,T8#1>group(App<Mu<Object>,T1#8>,App<Mu<Object>,T2#7>,App<Mu<Object>,T3#6>,App<Mu<Object>,T4#5>,App<Mu<Object>,T5#4>,App<Mu<Object>,T6#3>,App<Mu<Object>,T7#2>,App<Mu<Object>,T8#1>) is not applicable
      (cannot infer type-variable(s) T1#8,T2#7,T3#6,T4#5,T5#4,T6#3,T7#2,T8#1
        (actual and formal argument lists differ in length))
    method Kind1.<T1#9,T2#8,T3#7,T4#6,T5#5,T6#4,T7#3,T8#2,T9#1>group(App<Mu<Object>,T1#9>,App<Mu<Object>,T2#8>,App<Mu<Object>,T3#7>,App<Mu<Object>,T4#6>,App<Mu<Object>,T5#5>,App<Mu<Object>,T6#4>,App<Mu<Object>,T7#3>,App<Mu<Object>,T8#2>,App<Mu<Object>,T9#1>) is not applicable
      (cannot infer type-variable(s) T1#9,T2#8,T3#7,T4#6,T5#5,T6#4,T7#3,T8#2,T9#1
        (actual and formal argument lists differ in length))
    method Kind1.<T1#10,T2#9,T3#8,T4#7,T5#6,T6#5,T7#4,T8#3,T9#2,T10#1>group(App<Mu<Object>,T1#10>,App<Mu<Object>,T2#9>,App<Mu<Object>,T3#8>,App<Mu<Object>,T4#7>,App<Mu<Object>,T5#6>,App<Mu<Object>,T6#5>,App<Mu<Object>,T7#4>,App<Mu<Object>,T8#3>,App<Mu<Object>,T9#2>,App<Mu<Object>,T10#1>) is not applicable
      (cannot infer type-variable(s) T1#10,T2#9,T3#8,T4#7,T5#6,T6#5,T7#4,T8#3,T9#2,T10#1
        (actual and formal argument lists differ in length))
    method Kind1.<T1#11,T2#10,T3#9,T4#8,T5#7,T6#6,T7#5,T8#4,T9#3,T10#2,T11#1>group(App<Mu<Object>,T1#11>,App<Mu<Object>,T2#10>,App<Mu<Object>,T3#9>,App<Mu<Object>,T4#8>,App<Mu<Object>,T5#7>,App<Mu<Object>,T6#6>,App<Mu<Object>,T7#5>,App<Mu<Object>,T8#4>,App<Mu<Object>,T9#3>,App<Mu<Object>,T10#2>,App<Mu<Object>,T11#1>) is not applicable
      (cannot infer type-variable(s) T1#11,T2#10,T3#9,T4#8,T5#7,T6#6,T7#5,T8#4,T9#3,T10#2,T11#1
        (actual and formal argument lists differ in length))
    method Kind1.<T1#12,T2#11,T3#10,T4#9,T5#8,T6#7,T7#6,T8#5,T9#4,T10#3,T11#2,T12#1>group(App<Mu<Object>,T1#12>,App<Mu<Object>,T2#11>,App<Mu<Object>,T3#10>,App<Mu<Object>,T4#9>,App<Mu<Object>,T5#8>,App<Mu<Object>,T6#7>,App<Mu<Object>,T7#6>,App<Mu<Object>,T8#5>,App<Mu<Object>,T9#4>,App<Mu<Object>,T10#3>,App<Mu<Object>,T11#2>,App<Mu<Object>,T12#1>) is not applicable
      (cannot infer type-variable(s) T1#12,T2#11,T3#10,T4#9,T5#8,T6#7,T7#6,T8#5,T9#4,T10#3,T11#2,T12#1
        (actual and formal argument lists differ in length))
    method Kind1.<T1#13,T2#12,T3#11,T4#10,T5#9,T6#8,T7#7,T8#6,T9#5,T10#4,T11#3,T12#2,T13#1>group(App<Mu<Object>,T1#13>,App<Mu<Object>,T2#12>,App<Mu<Object>,T3#11>,App<Mu<Object>,T4#10>,App<Mu<Object>,T5#9>,App<Mu<Object>,T6#8>,App<Mu<Object>,T7#7>,App<Mu<Object>,T8#6>,App<Mu<Object>,T9#5>,App<Mu<Object>,T10#4>,App<Mu<Object>,T11#3>,App<Mu<Object>,T12#2>,App<Mu<Object>,T13#1>) is not applicable
      (cannot infer type-variable(s) T1#13,T2#12,T3#11,T4#10,T5#9,T6#8,T7#7,T8#6,T9#5,T10#4,T11#3,T12#2,T13#1
        (actual and formal argument lists differ in length))
    method Kind1.<T1#14,T2#13,T3#12,T4#11,T5#10,T6#9,T7#8,T8#7,T9#6,T10#5,T11#4,T12#3,T13#2,T14#1>group(App<Mu<Object>,T1#14>,App<Mu<Object>,T2#13>,App<Mu<Object>,T3#12>,App<Mu<Object>,T4#11>,App<Mu<Object>,T5#10>,App<Mu<Object>,T6#9>,App<Mu<Object>,T7#8>,App<Mu<Object>,T8#7>,App<Mu<Object>,T9#6>,App<Mu<Object>,T10#5>,App<Mu<Object>,T11#4>,App<Mu<Object>,T12#3>,App<Mu<Object>,T13#2>,App<Mu<Object>,T14#1>) is not applicable
      (cannot infer type-variable(s) T1#14,T2#13,T3#12,T4#11,T5#10,T6#9,T7#8,T8#7,T9#6,T10#5,T11#4,T12#3,T13#2,T14#1
        (actual and formal argument lists differ in length))
    method Kind1.<T1#15,T2#14,T3#13,T4#12,T5#11,T6#10,T7#9,T8#8,T9#7,T10#6,T11#5,T12#4,T13#3,T14#2,T15#1>group(App<Mu<Object>,T1#15>,App<Mu<Object>,T2#14>,App<Mu<Object>,T3#13>,App<Mu<Object>,T4#12>,App<Mu<Object>,T5#11>,App<Mu<Object>,T6#10>,App<Mu<Object>,T7#9>,App<Mu<Object>,T8#8>,App<Mu<Object>,T9#7>,App<Mu<Object>,T10#6>,App<Mu<Object>,T11#5>,App<Mu<Object>,T12#4>,App<Mu<Object>,T13#3>,App<Mu<Object>,T14#2>,App<Mu<Object>,T15#1>) is not applicable
      (cannot infer type-variable(s) T1#15,T2#14,T3#13,T4#12,T5#11,T6#10,T7#9,T8#8,T9#7,T10#6,T11#5,T12#4,T13#3,T14#2,T15#1
        (actual and formal argument lists differ in length))
    method Kind1.<T1#16,T2#15,T3#14,T4#13,T5#12,T6#11,T7#10,T8#9,T9#8,T10#7,T11#6,T12#5,T13#4,T14#3,T15#2,T16>group(App<Mu<Object>,T1#16>,App<Mu<Object>,T2#15>,App<Mu<Object>,T3#14>,App<Mu<Object>,T4#13>,App<Mu<Object>,T5#12>,App<Mu<Object>,T6#11>,App<Mu<Object>,T7#10>,App<Mu<Object>,T8#9>,App<Mu<Object>,T9#8>,App<Mu<Object>,T10#7>,App<Mu<Object>,T11#6>,App<Mu<Object>,T12#5>,App<Mu<Object>,T13#4>,App<Mu<Object>,T14#3>,App<Mu<Object>,T15#2>,App<Mu<Object>,T16>) is not applicable
      (cannot infer type-variable(s) T1#16,T2#15,T3#14,T4#13,T5#12,T6#11,T7#10,T8#9,T9#8,T10#7,T11#6,T12#5,T13#4,T14#3,T15#2,T16
        (actual and formal argument lists differ in length))
  where T1#1,F,T1#2,T2#1,T1#3,T2#2,T3#1,O,A,T1#4,T2#3,T3#2,T4#1,T1#5,T2#4,T3#3,T4#2,T5#1,T1#6,T2#5,T3#4,T4#3,T5#2,T6#1,T1#7,T2#6,T3#5,T4#4,T5#3,T6#2,T7#1,T1#8,T2#7,T3#6,T4#5,T5#4,T6#3,T7#2,T8#1,T1#9,T2#8,T3#7,T4#6,T5#5,T6#4,T7#3,T8#2,T9#1,T1#10,T2#9,T3#8,T4#7,T5#6,T6#5,T7#4,T8#3,T9#2,T10#1,T1#11,T2#10,T3#9,T4#8,T5#7,T6#6,T7#5,T8#4,T9#3,T10#2,T11#1,T1#12,T2#11,T3#10,T4#9,T5#8,T6#7,T7#6,T8#5,T9#4,T10#3,T11#2,T12#1,T1#13,T2#12,T3#11,T4#10,T5#9,T6#8,T7#7,T8#6,T9#5,T10#4,T11#3,T12#2,T13#1,T1#14,T2#13,T3#12,T4#11,T5#10,T6#9,T7#8,T8#7,T9#6,T10#5,T11#4,T12#3,T13#2,T14#1,T1#15,T2#14,T3#13,T4#12,T5#11,T6#10,T7#9,T8#8,T9#7,T10#6,T11#5,T12#4,T13#3,T14#2,T15#1,T1#16,T2#15,T3#14,T4#13,T5#12,T6#11,T7#10,T8#9,T9#8,T10#7,T11#6,T12#5,T13#4,T14#3,T15#2,T16 are type-variables:
    T1#1 extends Object declared in method <T1#1>group(App<F,T1#1>)
    F extends K1 declared in interface Kind1
    T1#2 extends Object declared in method <T1#2,T2#1>group(App<F,T1#2>,App<F,T2#1>)
    T2#1 extends Object declared in method <T1#2,T2#1>group(App<F,T1#2>,App<F,T2#1>)
    T1#3 extends Object declared in method <T1#3,T2#2,T3#1>group(App<F,T1#3>,App<F,T2#2>,App<F,T3#1>)
    T2#2 extends Object declared in method <T1#3,T2#2,T3#1>group(App<F,T1#3>,App<F,T2#2>,App<F,T3#1>)
    T3#1 extends Object declared in method <T1#3,T2#2,T3#1>group(App<F,T1#3>,App<F,T2#2>,App<F,T3#1>)
    O extends Object declared in method <O>forGetter(Function<O,A>)
    A extends Object declared in class MapCodec
    T1#4 extends Object declared in method <T1#4,T2#3,T3#2,T4#1>group(App<F,T1#4>,App<F,T2#3>,App<F,T3#2>,App<F,T4#1>)
    T2#3 extends Object declared in method <T1#4,T2#3,T3#2,T4#1>group(App<F,T1#4>,App<F,T2#3>,App<F,T3#2>,App<F,T4#1>)
    T3#2 extends Object declared in method <T1#4,T2#3,T3#2,T4#1>group(App<F,T1#4>,App<F,T2#3>,App<F,T3#2>,App<F,T4#1>)
    T4#1 extends Object declared in method <T1#4,T2#3,T3#2,T4#1>group(App<F,T1#4>,App<F,T2#3>,App<F,T3#2>,App<F,T4#1>)
    T1#5 extends Object declared in method <T1#5,T2#4,T3#3,T4#2,T5#1>group(App<F,T1#5>,App<F,T2#4>,App<F,T3#3>,App<F,T4#2>,App<F,T5#1>)
    T2#4 extends Object declared in method <T1#5,T2#4,T3#3,T4#2,T5#1>group(App<F,T1#5>,App<F,T2#4>,App<F,T3#3>,App<F,T4#2>,App<F,T5#1>)
    T3#3 extends Object declared in method <T1#5,T2#4,T3#3,T4#2,T5#1>group(App<F,T1#5>,App<F,T2#4>,App<F,T3#3>,App<F,T4#2>,App<F,T5#1>)
    T4#2 extends Object declared in method <T1#5,T2#4,T3#3,T4#2,T5#1>group(App<F,T1#5>,App<F,T2#4>,App<F,T3#3>,App<F,T4#2>,App<F,T5#1>)
    T5#1 extends Object declared in method <T1#5,T2#4,T3#3,T4#2,T5#1>group(App<F,T1#5>,App<F,T2#4>,App<F,T3#3>,App<F,T4#2>,App<F,T5#1>)
    T1#6 extends Object declared in method <T1#6,T2#5,T3#4,T4#3,T5#2,T6#1>group(App<F,T1#6>,App<F,T2#5>,App<F,T3#4>,App<F,T4#3>,App<F,T5#2>,App<F,T6#1>)
    T2#5 extends Object declared in method <T1#6,T2#5,T3#4,T4#3,T5#2,T6#1>group(App<F,T1#6>,App<F,T2#5>,App<F,T3#4>,App<F,T4#3>,App<F,T5#2>,App<F,T6#1>)
    T3#4 extends Object declared in method <T1#6,T2#5,T3#4,T4#3,T5#2,T6#1>group(App<F,T1#6>,App<F,T2#5>,App<F,T3#4>,App<F,T4#3>,App<F,T5#2>,App<F,T6#1>)
    T4#3 extends Object declared in method <T1#6,T2#5,T3#4,T4#3,T5#2,T6#1>group(App<F,T1#6>,App<F,T2#5>,App<F,T3#4>,App<F,T4#3>,App<F,T5#2>,App<F,T6#1>)
    T5#2 extends Object declared in method <T1#6,T2#5,T3#4,T4#3,T5#2,T6#1>group(App<F,T1#6>,App<F,T2#5>,App<F,T3#4>,App<F,T4#3>,App<F,T5#2>,App<F,T6#1>)
    T6#1 extends Object declared in method <T1#6,T2#5,T3#4,T4#3,T5#2,T6#1>group(App<F,T1#6>,App<F,T2#5>,App<F,T3#4>,App<F,T4#3>,App<F,T5#2>,App<F,T6#1>)
    T1#7 extends Object declared in method <T1#7,T2#6,T3#5,T4#4,T5#3,T6#2,T7#1>group(App<F,T1#7>,App<F,T2#6>,App<F,T3#5>,App<F,T4#4>,App<F,T5#3>,App<F,T6#2>,App<F,T7#1>)
    T2#6 extends Object declared in method <T1#7,T2#6,T3#5,T4#4,T5#3,T6#2,T7#1>group(App<F,T1#7>,App<F,T2#6>,App<F,T3#5>,App<F,T4#4>,App<F,T5#3>,App<F,T6#2>,App<F,T7#1>)
    T3#5 extends Object declared in method <T1#7,T2#6,T3#5,T4#4,T5#3,T6#2,T7#1>group(App<F,T1#7>,App<F,T2#6>,App<F,T3#5>,App<F,T4#4>,App<F,T5#3>,App<F,T6#2>,App<F,T7#1>)
    T4#4 extends Object declared in method <T1#7,T2#6,T3#5,T4#4,T5#3,T6#2,T7#1>group(App<F,T1#7>,App<F,T2#6>,App<F,T3#5>,App<F,T4#4>,App<F,T5#3>,App<F,T6#2>,App<F,T7#1>)
    T5#3 extends Object declared in method <T1#7,T2#6,T3#5,T4#4,T5#3,T6#2,T7#1>group(App<F,T1#7>,App<F,T2#6>,App<F,T3#5>,App<F,T4#4>,App<F,T5#3>,App<F,T6#2>,App<F,T7#1>)
    T6#2 extends Object declared in method <T1#7,T2#6,T3#5,T4#4,T5#3,T6#2,T7#1>group(App<F,T1#7>,App<F,T2#6>,App<F,T3#5>,App<F,T4#4>,App<F,T5#3>,App<F,T6#2>,App<F,T7#1>)
    T7#1 extends Object declared in method <T1#7,T2#6,T3#5,T4#4,T5#3,T6#2,T7#1>group(App<F,T1#7>,App<F,T2#6>,App<F,T3#5>,App<F,T4#4>,App<F,T5#3>,App<F,T6#2>,App<F,T7#1>)
    T1#8 extends Object declared in method <T1#8,T2#7,T3#6,T4#5,T5#4,T6#3,T7#2,T8#1>group(App<F,T1#8>,App<F,T2#7>,App<F,T3#6>,App<F,T4#5>,App<F,T5#4>,App<F,T6#3>,App<F,T7#2>,App<F,T8#1>)
    T2#7 extends Object declared in method <T1#8,T2#7,T3#6,T4#5,T5#4,T6#3,T7#2,T8#1>group(App<F,T1#8>,App<F,T2#7>,App<F,T3#6>,App<F,T4#5>,App<F,T5#4>,App<F,T6#3>,App<F,T7#2>,App<F,T8#1>)
    T3#6 extends Object declared in method <T1#8,T2#7,T3#6,T4#5,T5#4,T6#3,T7#2,T8#1>group(App<F,T1#8>,App<F,T2#7>,App<F,T3#6>,App<F,T4#5>,App<F,T5#4>,App<F,T6#3>,App<F,T7#2>,App<F,T8#1>)
    T4#5 extends Object declared in method <T1#8,T2#7,T3#6,T4#5,T5#4,T6#3,T7#2,T8#1>group(App<F,T1#8>,App<F,T2#7>,App<F,T3#6>,App<F,T4#5>,App<F,T5#4>,App<F,T6#3>,App<F,T7#2>,App<F,T8#1>)
    T5#4 extends Object declared in method <T1#8,T2#7,T3#6,T4#5,T5#4,T6#3,T7#2,T8#1>group(App<F,T1#8>,App<F,T2#7>,App<F,T3#6>,App<F,T4#5>,App<F,T5#4>,App<F,T6#3>,App<F,T7#2>,App<F,T8#1>)
    T6#3 extends Object declared in method <T1#8,T2#7,T3#6,T4#5,T5#4,T6#3,T7#2,T8#1>group(App<F,T1#8>,App<F,T2#7>,App<F,T3#6>,App<F,T4#5>,App<F,T5#4>,App<F,T6#3>,App<F,T7#2>,App<F,T8#1>)
    T7#2 extends Object declared in method <T1#8,T2#7,T3#6,T4#5,T5#4,T6#3,T7#2,T8#1>group(App<F,T1#8>,App<F,T2#7>,App<F,T3#6>,App<F,T4#5>,App<F,T5#4>,App<F,T6#3>,App<F,T7#2>,App<F,T8#1>)
    T8#1 extends Object declared in method <T1#8,T2#7,T3#6,T4#5,T5#4,T6#3,T7#2,T8#1>group(App<F,T1#8>,App<F,T2#7>,App<F,T3#6>,App<F,T4#5>,App<F,T5#4>,App<F,T6#3>,App<F,T7#2>,App<F,T8#1>)
    T1#9 extends Object declared in method <T1#9,T2#8,T3#7,T4#6,T5#5,T6#4,T7#3,T8#2,T9#1>group(App<F,T1#9>,App<F,T2#8>,App<F,T3#7>,App<F,T4#6>,App<F,T5#5>,App<F,T6#4>,App<F,T7#3>,App<F,T8#2>,App<F,T9#1>)
    T2#8 extends Object declared in method <T1#9,T2#8,T3#7,T4#6,T5#5,T6#4,T7#3,T8#2,T9#1>group(App<F,T1#9>,App<F,T2#8>,App<F,T3#7>,App<F,T4#6>,App<F,T5#5>,App<F,T6#4>,App<F,T7#3>,App<F,T8#2>,App<F,T9#1>)
    T3#7 extends Object declared in method <T1#9,T2#8,T3#7,T4#6,T5#5,T6#4,T7#3,T8#2,T9#1>group(App<F,T1#9>,App<F,T2#8>,App<F,T3#7>,App<F,T4#6>,App<F,T5#5>,App<F,T6#4>,App<F,T7#3>,App<F,T8#2>,App<F,T9#1>)
    T4#6 extends Object declared in method <T1#9,T2#8,T3#7,T4#6,T5#5,T6#4,T7#3,T8#2,T9#1>group(App<F,T1#9>,App<F,T2#8>,App<F,T3#7>,App<F,T4#6>,App<F,T5#5>,App<F,T6#4>,App<F,T7#3>,App<F,T8#2>,App<F,T9#1>)
    T5#5 extends Object declared in method <T1#9,T2#8,T3#7,T4#6,T5#5,T6#4,T7#3,T8#2,T9#1>group(App<F,T1#9>,App<F,T2#8>,App<F,T3#7>,App<F,T4#6>,App<F,T5#5>,App<F,T6#4>,App<F,T7#3>,App<F,T8#2>,App<F,T9#1>)
    T6#4 extends Object declared in method <T1#9,T2#8,T3#7,T4#6,T5#5,T6#4,T7#3,T8#2,T9#1>group(App<F,T1#9>,App<F,T2#8>,App<F,T3#7>,App<F,T4#6>,App<F,T5#5>,App<F,T6#4>,App<F,T7#3>,App<F,T8#2>,App<F,T9#1>)
    T7#3 extends Object declared in method <T1#9,T2#8,T3#7,T4#6,T5#5,T6#4,T7#3,T8#2,T9#1>group(App<F,T1#9>,App<F,T2#8>,App<F,T3#7>,App<F,T4#6>,App<F,T5#5>,App<F,T6#4>,App<F,T7#3>,App<F,T8#2>,App<F,T9#1>)
    T8#2 extends Object declared in method <T1#9,T2#8,T3#7,T4#6,T5#5,T6#4,T7#3,T8#2,T9#1>group(App<F,T1#9>,App<F,T2#8>,App<F,T3#7>,App<F,T4#6>,App<F,T5#5>,App<F,T6#4>,App<F,T7#3>,App<F,T8#2>,App<F,T9#1>)
    T9#1 extends Object declared in method <T1#9,T2#8,T3#7,T4#6,T5#5,T6#4,T7#3,T8#2,T9#1>group(App<F,T1#9>,App<F,T2#8>,App<F,T3#7>,App<F,T4#6>,App<F,T5#5>,App<F,T6#4>,App<F,T7#3>,App<F,T8#2>,App<F,T9#1>)
    T1#10 extends Object declared in method <T1#10,T2#9,T3#8,T4#7,T5#6,T6#5,T7#4,T8#3,T9#2,T10#1>group(App<F,T1#10>,App<F,T2#9>,App<F,T3#8>,App<F,T4#7>,App<F,T5#6>,App<F,T6#5>,App<F,T7#4>,App<F,T8#3>,App<F,T9#2>,App<F,T10#1>)
    T2#9 extends Object declared in method <T1#10,T2#9,T3#8,T4#7,T5#6,T6#5,T7#4,T8#3,T9#2,T10#1>group(App<F,T1#10>,App<F,T2#9>,App<F,T3#8>,App<F,T4#7>,App<F,T5#6>,App<F,T6#5>,App<F,T7#4>,App<F,T8#3>,App<F,T9#2>,App<F,T10#1>)
    T3#8 extends Object declared in method <T1#10,T2#9,T3#8,T4#7,T5#6,T6#5,T7#4,T8#3,T9#2,T10#1>group(App<F,T1#10>,App<F,T2#9>,App<F,T3#8>,App<F,T4#7>,App<F,T5#6>,App<F,T6#5>,App<F,T7#4>,App<F,T8#3>,App<F,T9#2>,App<F,T10#1>)
    T4#7 extends Object declared in method <T1#10,T2#9,T3#8,T4#7,T5#6,T6#5,T7#4,T8#3,T9#2,T10#1>group(App<F,T1#10>,App<F,T2#9>,App<F,T3#8>,App<F,T4#7>,App<F,T5#6>,App<F,T6#5>,App<F,T7#4>,App<F,T8#3>,App<F,T9#2>,App<F,T10#1>)
    T5#6 extends Object declared in method <T1#10,T2#9,T3#8,T4#7,T5#6,T6#5,T7#4,T8#3,T9#2,T10#1>group(App<F,T1#10>,App<F,T2#9>,App<F,T3#8>,App<F,T4#7>,App<F,T5#6>,App<F,T6#5>,App<F,T7#4>,App<F,T8#3>,App<F,T9#2>,App<F,T10#1>)
    T6#5 extends Object declared in method <T1#10,T2#9,T3#8,T4#7,T5#6,T6#5,T7#4,T8#3,T9#2,T10#1>group(App<F,T1#10>,App<F,T2#9>,App<F,T3#8>,App<F,T4#7>,App<F,T5#6>,App<F,T6#5>,App<F,T7#4>,App<F,T8#3>,App<F,T9#2>,App<F,T10#1>)
    T7#4 extends Object declared in method <T1#10,T2#9,T3#8,T4#7,T5#6,T6#5,T7#4,T8#3,T9#2,T10#1>group(App<F,T1#10>,App<F,T2#9>,App<F,T3#8>,App<F,T4#7>,App<F,T5#6>,App<F,T6#5>,App<F,T7#4>,App<F,T8#3>,App<F,T9#2>,App<F,T10#1>)
    T8#3 extends Object declared in method <T1#10,T2#9,T3#8,T4#7,T5#6,T6#5,T7#4,T8#3,T9#2,T10#1>group(App<F,T1#10>,App<F,T2#9>,App<F,T3#8>,App<F,T4#7>,App<F,T5#6>,App<F,T6#5>,App<F,T7#4>,App<F,T8#3>,App<F,T9#2>,App<F,T10#1>)
    T9#2 extends Object declared in method <T1#10,T2#9,T3#8,T4#7,T5#6,T6#5,T7#4,T8#3,T9#2,T10#1>group(App<F,T1#10>,App<F,T2#9>,App<F,T3#8>,App<F,T4#7>,App<F,T5#6>,App<F,T6#5>,App<F,T7#4>,App<F,T8#3>,App<F,T9#2>,App<F,T10#1>)
    T10#1 extends Object declared in method <T1#10,T2#9,T3#8,T4#7,T5#6,T6#5,T7#4,T8#3,T9#2,T10#1>group(App<F,T1#10>,App<F,T2#9>,App<F,T3#8>,App<F,T4#7>,App<F,T5#6>,App<F,T6#5>,App<F,T7#4>,App<F,T8#3>,App<F,T9#2>,App<F,T10#1>)
    T1#11 extends Object declared in method <T1#11,T2#10,T3#9,T4#8,T5#7,T6#6,T7#5,T8#4,T9#3,T10#2,T11#1>group(App<F,T1#11>,App<F,T2#10>,App<F,T3#9>,App<F,T4#8>,App<F,T5#7>,App<F,T6#6>,App<F,T7#5>,App<F,T8#4>,App<F,T9#3>,App<F,T10#2>,App<F,T11#1>)
    T2#10 extends Object declared in method <T1#11,T2#10,T3#9,T4#8,T5#7,T6#6,T7#5,T8#4,T9#3,T10#2,T11#1>group(App<F,T1#11>,App<F,T2#10>,App<F,T3#9>,App<F,T4#8>,App<F,T5#7>,App<F,T6#6>,App<F,T7#5>,App<F,T8#4>,App<F,T9#3>,App<F,T10#2>,App<F,T11#1>)
    T3#9 extends Object declared in method <T1#11,T2#10,T3#9,T4#8,T5#7,T6#6,T7#5,T8#4,T9#3,T10#2,T11#1>group(App<F,T1#11>,App<F,T2#10>,App<F,T3#9>,App<F,T4#8>,App<F,T5#7>,App<F,T6#6>,App<F,T7#5>,App<F,T8#4>,App<F,T9#3>,App<F,T10#2>,App<F,T11#1>)
    T4#8 extends Object declared in method <T1#11,T2#10,T3#9,T4#8,T5#7,T6#6,T7#5,T8#4,T9#3,T10#2,T11#1>group(App<F,T1#11>,App<F,T2#10>,App<F,T3#9>,App<F,T4#8>,App<F,T5#7>,App<F,T6#6>,App<F,T7#5>,App<F,T8#4>,App<F,T9#3>,App<F,T10#2>,App<F,T11#1>)
    T5#7 extends Object declared in method <T1#11,T2#10,T3#9,T4#8,T5#7,T6#6,T7#5,T8#4,T9#3,T10#2,T11#1>group(App<F,T1#11>,App<F,T2#10>,App<F,T3#9>,App<F,T4#8>,App<F,T5#7>,App<F,T6#6>,App<F,T7#5>,App<F,T8#4>,App<F,T9#3>,App<F,T10#2>,App<F,T11#1>)
    T6#6 extends Object declared in method <T1#11,T2#10,T3#9,T4#8,T5#7,T6#6,T7#5,T8#4,T9#3,T10#2,T11#1>group(App<F,T1#11>,App<F,T2#10>,App<F,T3#9>,App<F,T4#8>,App<F,T5#7>,App<F,T6#6>,App<F,T7#5>,App<F,T8#4>,App<F,T9#3>,App<F,T10#2>,App<F,T11#1>)
    T7#5 extends Object declared in method <T1#11,T2#10,T3#9,T4#8,T5#7,T6#6,T7#5,T8#4,T9#3,T10#2,T11#1>group(App<F,T1#11>,App<F,T2#10>,App<F,T3#9>,App<F,T4#8>,App<F,T5#7>,App<F,T6#6>,App<F,T7#5>,App<F,T8#4>,App<F,T9#3>,App<F,T10#2>,App<F,T11#1>)
    T8#4 extends Object declared in method <T1#11,T2#10,T3#9,T4#8,T5#7,T6#6,T7#5,T8#4,T9#3,T10#2,T11#1>group(App<F,T1#11>,App<F,T2#10>,App<F,T3#9>,App<F,T4#8>,App<F,T5#7>,App<F,T6#6>,App<F,T7#5>,App<F,T8#4>,App<F,T9#3>,App<F,T10#2>,App<F,T11#1>)
    T9#3 extends Object declared in method <T1#11,T2#10,T3#9,T4#8,T5#7,T6#6,T7#5,T8#4,T9#3,T10#2,T11#1>group(App<F,T1#11>,App<F,T2#10>,App<F,T3#9>,App<F,T4#8>,App<F,T5#7>,App<F,T6#6>,App<F,T7#5>,App<F,T8#4>,App<F,T9#3>,App<F,T10#2>,App<F,T11#1>)
    T10#2 extends Object declared in method <T1#11,T2#10,T3#9,T4#8,T5#7,T6#6,T7#5,T8#4,T9#3,T10#2,T11#1>group(App<F,T1#11>,App<F,T2#10>,App<F,T3#9>,App<F,T4#8>,App<F,T5#7>,App<F,T6#6>,App<F,T7#5>,App<F,T8#4>,App<F,T9#3>,App<F,T10#2>,App<F,T11#1>)
    T11#1 extends Object declared in method <T1#11,T2#10,T3#9,T4#8,T5#7,T6#6,T7#5,T8#4,T9#3,T10#2,T11#1>group(App<F,T1#11>,App<F,T2#10>,App<F,T3#9>,App<F,T4#8>,App<F,T5#7>,App<F,T6#6>,App<F,T7#5>,App<F,T8#4>,App<F,T9#3>,App<F,T10#2>,App<F,T11#1>)
    T1#12 extends Object declared in method <T1#12,T2#11,T3#10,T4#9,T5#8,T6#7,T7#6,T8#5,T9#4,T10#3,T11#2,T12#1>group(App<F,T1#12>,App<F,T2#11>,App<F,T3#10>,App<F,T4#9>,App<F,T5#8>,App<F,T6#7>,App<F,T7#6>,App<F,T8#5>,App<F,T9#4>,App<F,T10#3>,App<F,T11#2>,App<F,T12#1>)
    T2#11 extends Object declared in method <T1#12,T2#11,T3#10,T4#9,T5#8,T6#7,T7#6,T8#5,T9#4,T10#3,T11#2,T12#1>group(App<F,T1#12>,App<F,T2#11>,App<F,T3#10>,App<F,T4#9>,App<F,T5#8>,App<F,T6#7>,App<F,T7#6>,App<F,T8#5>,App<F,T9#4>,App<F,T10#3>,App<F,T11#2>,App<F,T12#1>)
    T3#10 extends Object declared in method <T1#12,T2#11,T3#10,T4#9,T5#8,T6#7,T7#6,T8#5,T9#4,T10#3,T11#2,T12#1>group(App<F,T1#12>,App<F,T2#11>,App<F,T3#10>,App<F,T4#9>,App<F,T5#8>,App<F,T6#7>,App<F,T7#6>,App<F,T8#5>,App<F,T9#4>,App<F,T10#3>,App<F,T11#2>,App<F,T12#1>)
    T4#9 extends Object declared in method <T1#12,T2#11,T3#10,T4#9,T5#8,T6#7,T7#6,T8#5,T9#4,T10#3,T11#2,T12#1>group(App<F,T1#12>,App<F,T2#11>,App<F,T3#10>,App<F,T4#9>,App<F,T5#8>,App<F,T6#7>,App<F,T7#6>,App<F,T8#5>,App<F,T9#4>,App<F,T10#3>,App<F,T11#2>,App<F,T12#1>)
    T5#8 extends Object declared in method <T1#12,T2#11,T3#10,T4#9,T5#8,T6#7,T7#6,T8#5,T9#4,T10#3,T11#2,T12#1>group(App<F,T1#12>,App<F,T2#11>,App<F,T3#10>,App<F,T4#9>,App<F,T5#8>,App<F,T6#7>,App<F,T7#6>,App<F,T8#5>,App<F,T9#4>,App<F,T10#3>,App<F,T11#2>,App<F,T12#1>)
    T6#7 extends Object declared in method <T1#12,T2#11,T3#10,T4#9,T5#8,T6#7,T7#6,T8#5,T9#4,T10#3,T11#2,T12#1>group(App<F,T1#12>,App<F,T2#11>,App<F,T3#10>,App<F,T4#9>,App<F,T5#8>,App<F,T6#7>,App<F,T7#6>,App<F,T8#5>,App<F,T9#4>,App<F,T10#3>,App<F,T11#2>,App<F,T12#1>)
    T7#6 extends Object declared in method <T1#12,T2#11,T3#10,T4#9,T5#8,T6#7,T7#6,T8#5,T9#4,T10#3,T11#2,T12#1>group(App<F,T1#12>,App<F,T2#11>,App<F,T3#10>,App<F,T4#9>,App<F,T5#8>,App<F,T6#7>,App<F,T7#6>,App<F,T8#5>,App<F,T9#4>,App<F,T10#3>,App<F,T11#2>,App<F,T12#1>)
    T8#5 extends Object declared in method <T1#12,T2#11,T3#10,T4#9,T5#8,T6#7,T7#6,T8#5,T9#4,T10#3,T11#2,T12#1>group(App<F,T1#12>,App<F,T2#11>,App<F,T3#10>,App<F,T4#9>,App<F,T5#8>,App<F,T6#7>,App<F,T7#6>,App<F,T8#5>,App<F,T9#4>,App<F,T10#3>,App<F,T11#2>,App<F,T12#1>)
    T9#4 extends Object declared in method <T1#12,T2#11,T3#10,T4#9,T5#8,T6#7,T7#6,T8#5,T9#4,T10#3,T11#2,T12#1>group(App<F,T1#12>,App<F,T2#11>,App<F,T3#10>,App<F,T4#9>,App<F,T5#8>,App<F,T6#7>,App<F,T7#6>,App<F,T8#5>,App<F,T9#4>,App<F,T10#3>,App<F,T11#2>,App<F,T12#1>)
    T10#3 extends Object declared in method <T1#12,T2#11,T3#10,T4#9,T5#8,T6#7,T7#6,T8#5,T9#4,T10#3,T11#2,T12#1>group(App<F,T1#12>,App<F,T2#11>,App<F,T3#10>,App<F,T4#9>,App<F,T5#8>,App<F,T6#7>,App<F,T7#6>,App<F,T8#5>,App<F,T9#4>,App<F,T10#3>,App<F,T11#2>,App<F,T12#1>)
    T11#2 extends Object declared in method <T1#12,T2#11,T3#10,T4#9,T5#8,T6#7,T7#6,T8#5,T9#4,T10#3,T11#2,T12#1>group(App<F,T1#12>,App<F,T2#11>,App<F,T3#10>,App<F,T4#9>,App<F,T5#8>,App<F,T6#7>,App<F,T7#6>,App<F,T8#5>,App<F,T9#4>,App<F,T10#3>,App<F,T11#2>,App<F,T12#1>)
    T12#1 extends Object declared in method <T1#12,T2#11,T3#10,T4#9,T5#8,T6#7,T7#6,T8#5,T9#4,T10#3,T11#2,T12#1>group(App<F,T1#12>,App<F,T2#11>,App<F,T3#10>,App<F,T4#9>,App<F,T5#8>,App<F,T6#7>,App<F,T7#6>,App<F,T8#5>,App<F,T9#4>,App<F,T10#3>,App<F,T11#2>,App<F,T12#1>)
    T1#13 extends Object declared in method <T1#13,T2#12,T3#11,T4#10,T5#9,T6#8,T7#7,T8#6,T9#5,T10#4,T11#3,T12#2,T13#1>group(App<F,T1#13>,App<F,T2#12>,App<F,T3#11>,App<F,T4#10>,App<F,T5#9>,App<F,T6#8>,App<F,T7#7>,App<F,T8#6>,App<F,T9#5>,App<F,T10#4>,App<F,T11#3>,App<F,T12#2>,App<F,T13#1>)
    T2#12 extends Object declared in method <T1#13,T2#12,T3#11,T4#10,T5#9,T6#8,T7#7,T8#6,T9#5,T10#4,T11#3,T12#2,T13#1>group(App<F,T1#13>,App<F,T2#12>,App<F,T3#11>,App<F,T4#10>,App<F,T5#9>,App<F,T6#8>,App<F,T7#7>,App<F,T8#6>,App<F,T9#5>,App<F,T10#4>,App<F,T11#3>,App<F,T12#2>,App<F,T13#1>)
    T3#11 extends Object declared in method <T1#13,T2#12,T3#11,T4#10,T5#9,T6#8,T7#7,T8#6,T9#5,T10#4,T11#3,T12#2,T13#1>group(App<F,T1#13>,App<F,T2#12>,App<F,T3#11>,App<F,T4#10>,App<F,T5#9>,App<F,T6#8>,App<F,T7#7>,App<F,T8#6>,App<F,T9#5>,App<F,T10#4>,App<F,T11#3>,App<F,T12#2>,App<F,T13#1>)
    T4#10 extends Object declared in method <T1#13,T2#12,T3#11,T4#10,T5#9,T6#8,T7#7,T8#6,T9#5,T10#4,T11#3,T12#2,T13#1>group(App<F,T1#13>,App<F,T2#12>,App<F,T3#11>,App<F,T4#10>,App<F,T5#9>,App<F,T6#8>,App<F,T7#7>,App<F,T8#6>,App<F,T9#5>,App<F,T10#4>,App<F,T11#3>,App<F,T12#2>,App<F,T13#1>)
    T5#9 extends Object declared in method <T1#13,T2#12,T3#11,T4#10,T5#9,T6#8,T7#7,T8#6,T9#5,T10#4,T11#3,T12#2,T13#1>group(App<F,T1#13>,App<F,T2#12>,App<F,T3#11>,App<F,T4#10>,App<F,T5#9>,App<F,T6#8>,App<F,T7#7>,App<F,T8#6>,App<F,T9#5>,App<F,T10#4>,App<F,T11#3>,App<F,T12#2>,App<F,T13#1>)
    T6#8 extends Object declared in method <T1#13,T2#12,T3#11,T4#10,T5#9,T6#8,T7#7,T8#6,T9#5,T10#4,T11#3,T12#2,T13#1>group(App<F,T1#13>,App<F,T2#12>,App<F,T3#11>,App<F,T4#10>,App<F,T5#9>,App<F,T6#8>,App<F,T7#7>,App<F,T8#6>,App<F,T9#5>,App<F,T10#4>,App<F,T11#3>,App<F,T12#2>,App<F,T13#1>)
    T7#7 extends Object declared in method <T1#13,T2#12,T3#11,T4#10,T5#9,T6#8,T7#7,T8#6,T9#5,T10#4,T11#3,T12#2,T13#1>group(App<F,T1#13>,App<F,T2#12>,App<F,T3#11>,App<F,T4#10>,App<F,T5#9>,App<F,T6#8>,App<F,T7#7>,App<F,T8#6>,App<F,T9#5>,App<F,T10#4>,App<F,T11#3>,App<F,T12#2>,App<F,T13#1>)
    T8#6 extends Object declared in method <T1#13,T2#12,T3#11,T4#10,T5#9,T6#8,T7#7,T8#6,T9#5,T10#4,T11#3,T12#2,T13#1>group(App<F,T1#13>,App<F,T2#12>,App<F,T3#11>,App<F,T4#10>,App<F,T5#9>,App<F,T6#8>,App<F,T7#7>,App<F,T8#6>,App<F,T9#5>,App<F,T10#4>,App<F,T11#3>,App<F,T12#2>,App<F,T13#1>)
    T9#5 extends Object declared in method <T1#13,T2#12,T3#11,T4#10,T5#9,T6#8,T7#7,T8#6,T9#5,T10#4,T11#3,T12#2,T13#1>group(App<F,T1#13>,App<F,T2#12>,App<F,T3#11>,App<F,T4#10>,App<F,T5#9>,App<F,T6#8>,App<F,T7#7>,App<F,T8#6>,App<F,T9#5>,App<F,T10#4>,App<F,T11#3>,App<F,T12#2>,App<F,T13#1>)
    T10#4 extends Object declared in method <T1#13,T2#12,T3#11,T4#10,T5#9,T6#8,T7#7,T8#6,T9#5,T10#4,T11#3,T12#2,T13#1>group(App<F,T1#13>,App<F,T2#12>,App<F,T3#11>,App<F,T4#10>,App<F,T5#9>,App<F,T6#8>,App<F,T7#7>,App<F,T8#6>,App<F,T9#5>,App<F,T10#4>,App<F,T11#3>,App<F,T12#2>,App<F,T13#1>)
    T11#3 extends Object declared in method <T1#13,T2#12,T3#11,T4#10,T5#9,T6#8,T7#7,T8#6,T9#5,T10#4,T11#3,T12#2,T13#1>group(App<F,T1#13>,App<F,T2#12>,App<F,T3#11>,App<F,T4#10>,App<F,T5#9>,App<F,T6#8>,App<F,T7#7>,App<F,T8#6>,App<F,T9#5>,App<F,T10#4>,App<F,T11#3>,App<F,T12#2>,App<F,T13#1>)
    T12#2 extends Object declared in method <T1#13,T2#12,T3#11,T4#10,T5#9,T6#8,T7#7,T8#6,T9#5,T10#4,T11#3,T12#2,T13#1>group(App<F,T1#13>,App<F,T2#12>,App<F,T3#11>,App<F,T4#10>,App<F,T5#9>,App<F,T6#8>,App<F,T7#7>,App<F,T8#6>,App<F,T9#5>,App<F,T10#4>,App<F,T11#3>,App<F,T12#2>,App<F,T13#1>)
    T13#1 extends Object declared in method <T1#13,T2#12,T3#11,T4#10,T5#9,T6#8,T7#7,T8#6,T9#5,T10#4,T11#3,T12#2,T13#1>group(App<F,T1#13>,App<F,T2#12>,App<F,T3#11>,App<F,T4#10>,App<F,T5#9>,App<F,T6#8>,App<F,T7#7>,App<F,T8#6>,App<F,T9#5>,App<F,T10#4>,App<F,T11#3>,App<F,T12#2>,App<F,T13#1>)
    T1#14 extends Object declared in method <T1#14,T2#13,T3#12,T4#11,T5#10,T6#9,T7#8,T8#7,T9#6,T10#5,T11#4,T12#3,T13#2,T14#1>group(App<F,T1#14>,App<F,T2#13>,App<F,T3#12>,App<F,T4#11>,App<F,T5#10>,App<F,T6#9>,App<F,T7#8>,App<F,T8#7>,App<F,T9#6>,App<F,T10#5>,App<F,T11#4>,App<F,T12#3>,App<F,T13#2>,App<F,T14#1>)
    T2#13 extends Object declared in method <T1#14,T2#13,T3#12,T4#11,T5#10,T6#9,T7#8,T8#7,T9#6,T10#5,T11#4,T12#3,T13#2,T14#1>group(App<F,T1#14>,App<F,T2#13>,App<F,T3#12>,App<F,T4#11>,App<F,T5#10>,App<F,T6#9>,App<F,T7#8>,App<F,T8#7>,App<F,T9#6>,App<F,T10#5>,App<F,T11#4>,App<F,T12#3>,App<F,T13#2>,App<F,T14#1>)
    T3#12 extends Object declared in method <T1#14,T2#13,T3#12,T4#11,T5#10,T6#9,T7#8,T8#7,T9#6,T10#5,T11#4,T12#3,T13#2,T14#1>group(App<F,T1#14>,App<F,T2#13>,App<F,T3#12>,App<F,T4#11>,App<F,T5#10>,App<F,T6#9>,App<F,T7#8>,App<F,T8#7>,App<F,T9#6>,App<F,T10#5>,App<F,T11#4>,App<F,T12#3>,App<F,T13#2>,App<F,T14#1>)
    T4#11 extends Object declared in method <T1#14,T2#13,T3#12,T4#11,T5#10,T6#9,T7#8,T8#7,T9#6,T10#5,T11#4,T12#3,T13#2,T14#1>group(App<F,T1#14>,App<F,T2#13>,App<F,T3#12>,App<F,T4#11>,App<F,T5#10>,App<F,T6#9>,App<F,T7#8>,App<F,T8#7>,App<F,T9#6>,App<F,T10#5>,App<F,T11#4>,App<F,T12#3>,App<F,T13#2>,App<F,T14#1>)
    T5#10 extends Object declared in method <T1#14,T2#13,T3#12,T4#11,T5#10,T6#9,T7#8,T8#7,T9#6,T10#5,T11#4,T12#3,T13#2,T14#1>group(App<F,T1#14>,App<F,T2#13>,App<F,T3#12>,App<F,T4#11>,App<F,T5#10>,App<F,T6#9>,App<F,T7#8>,App<F,T8#7>,App<F,T9#6>,App<F,T10#5>,App<F,T11#4>,App<F,T12#3>,App<F,T13#2>,App<F,T14#1>)
    T6#9 extends Object declared in method <T1#14,T2#13,T3#12,T4#11,T5#10,T6#9,T7#8,T8#7,T9#6,T10#5,T11#4,T12#3,T13#2,T14#1>group(App<F,T1#14>,App<F,T2#13>,App<F,T3#12>,App<F,T4#11>,App<F,T5#10>,App<F,T6#9>,App<F,T7#8>,App<F,T8#7>,App<F,T9#6>,App<F,T10#5>,App<F,T11#4>,App<F,T12#3>,App<F,T13#2>,App<F,T14#1>)
    T7#8 extends Object declared in method <T1#14,T2#13,T3#12,T4#11,T5#10,T6#9,T7#8,T8#7,T9#6,T10#5,T11#4,T12#3,T13#2,T14#1>group(App<F,T1#14>,App<F,T2#13>,App<F,T3#12>,App<F,T4#11>,App<F,T5#10>,App<F,T6#9>,App<F,T7#8>,App<F,T8#7>,App<F,T9#6>,App<F,T10#5>,App<F,T11#4>,App<F,T12#3>,App<F,T13#2>,App<F,T14#1>)
    T8#7 extends Object declared in method <T1#14,T2#13,T3#12,T4#11,T5#10,T6#9,T7#8,T8#7,T9#6,T10#5,T11#4,T12#3,T13#2,T14#1>group(App<F,T1#14>,App<F,T2#13>,App<F,T3#12>,App<F,T4#11>,App<F,T5#10>,App<F,T6#9>,App<F,T7#8>,App<F,T8#7>,App<F,T9#6>,App<F,T10#5>,App<F,T11#4>,App<F,T12#3>,App<F,T13#2>,App<F,T14#1>)
    T9#6 extends Object declared in method <T1#14,T2#13,T3#12,T4#11,T5#10,T6#9,T7#8,T8#7,T9#6,T10#5,T11#4,T12#3,T13#2,T14#1>group(App<F,T1#14>,App<F,T2#13>,App<F,T3#12>,App<F,T4#11>,App<F,T5#10>,App<F,T6#9>,App<F,T7#8>,App<F,T8#7>,App<F,T9#6>,App<F,T10#5>,App<F,T11#4>,App<F,T12#3>,App<F,T13#2>,App<F,T14#1>)
    T10#5 extends Object declared in method <T1#14,T2#13,T3#12,T4#11,T5#10,T6#9,T7#8,T8#7,T9#6,T10#5,T11#4,T12#3,T13#2,T14#1>group(App<F,T1#14>,App<F,T2#13>,App<F,T3#12>,App<F,T4#11>,App<F,T5#10>,App<F,T6#9>,App<F,T7#8>,App<F,T8#7>,App<F,T9#6>,App<F,T10#5>,App<F,T11#4>,App<F,T12#3>,App<F,T13#2>,App<F,T14#1>)
    T11#4 extends Object declared in method <T1#14,T2#13,T3#12,T4#11,T5#10,T6#9,T7#8,T8#7,T9#6,T10#5,T11#4,T12#3,T13#2,T14#1>group(App<F,T1#14>,App<F,T2#13>,App<F,T3#12>,App<F,T4#11>,App<F,T5#10>,App<F,T6#9>,App<F,T7#8>,App<F,T8#7>,App<F,T9#6>,App<F,T10#5>,App<F,T11#4>,App<F,T12#3>,App<F,T13#2>,App<F,T14#1>)
    T12#3 extends Object declared in method <T1#14,T2#13,T3#12,T4#11,T5#10,T6#9,T7#8,T8#7,T9#6,T10#5,T11#4,T12#3,T13#2,T14#1>group(App<F,T1#14>,App<F,T2#13>,App<F,T3#12>,App<F,T4#11>,App<F,T5#10>,App<F,T6#9>,App<F,T7#8>,App<F,T8#7>,App<F,T9#6>,App<F,T10#5>,App<F,T11#4>,App<F,T12#3>,App<F,T13#2>,App<F,T14#1>)
    T13#2 extends Object declared in method <T1#14,T2#13,T3#12,T4#11,T5#10,T6#9,T7#8,T8#7,T9#6,T10#5,T11#4,T12#3,T13#2,T14#1>group(App<F,T1#14>,App<F,T2#13>,App<F,T3#12>,App<F,T4#11>,App<F,T5#10>,App<F,T6#9>,App<F,T7#8>,App<F,T8#7>,App<F,T9#6>,App<F,T10#5>,App<F,T11#4>,App<F,T12#3>,App<F,T13#2>,App<F,T14#1>)
    T14#1 extends Object declared in method <T1#14,T2#13,T3#12,T4#11,T5#10,T6#9,T7#8,T8#7,T9#6,T10#5,T11#4,T12#3,T13#2,T14#1>group(App<F,T1#14>,App<F,T2#13>,App<F,T3#12>,App<F,T4#11>,App<F,T5#10>,App<F,T6#9>,App<F,T7#8>,App<F,T8#7>,App<F,T9#6>,App<F,T10#5>,App<F,T11#4>,App<F,T12#3>,App<F,T13#2>,App<F,T14#1>)
    T1#15 extends Object declared in method <T1#15,T2#14,T3#13,T4#12,T5#11,T6#10,T7#9,T8#8,T9#7,T10#6,T11#5,T12#4,T13#3,T14#2,T15#1>group(App<F,T1#15>,App<F,T2#14>,App<F,T3#13>,App<F,T4#12>,App<F,T5#11>,App<F,T6#10>,App<F,T7#9>,App<F,T8#8>,App<F,T9#7>,App<F,T10#6>,App<F,T11#5>,App<F,T12#4>,App<F,T13#3>,App<F,T14#2>,App<F,T15#1>)
    T2#14 extends Object declared in method <T1#15,T2#14,T3#13,T4#12,T5#11,T6#10,T7#9,T8#8,T9#7,T10#6,T11#5,T12#4,T13#3,T14#2,T15#1>group(App<F,T1#15>,App<F,T2#14>,App<F,T3#13>,App<F,T4#12>,App<F,T5#11>,App<F,T6#10>,App<F,T7#9>,App<F,T8#8>,App<F,T9#7>,App<F,T10#6>,App<F,T11#5>,App<F,T12#4>,App<F,T13#3>,App<F,T14#2>,App<F,T15#1>)
    T3#13 extends Object declared in method <T1#15,T2#14,T3#13,T4#12,T5#11,T6#10,T7#9,T8#8,T9#7,T10#6,T11#5,T12#4,T13#3,T14#2,T15#1>group(App<F,T1#15>,App<F,T2#14>,App<F,T3#13>,App<F,T4#12>,App<F,T5#11>,App<F,T6#10>,App<F,T7#9>,App<F,T8#8>,App<F,T9#7>,App<F,T10#6>,App<F,T11#5>,App<F,T12#4>,App<F,T13#3>,App<F,T14#2>,App<F,T15#1>)
    T4#12 extends Object declared in method <T1#15,T2#14,T3#13,T4#12,T5#11,T6#10,T7#9,T8#8,T9#7,T10#6,T11#5,T12#4,T13#3,T14#2,T15#1>group(App<F,T1#15>,App<F,T2#14>,App<F,T3#13>,App<F,T4#12>,App<F,T5#11>,App<F,T6#10>,App<F,T7#9>,App<F,T8#8>,App<F,T9#7>,App<F,T10#6>,App<F,T11#5>,App<F,T12#4>,App<F,T13#3>,App<F,T14#2>,App<F,T15#1>)
    T5#11 extends Object declared in method <T1#15,T2#14,T3#13,T4#12,T5#11,T6#10,T7#9,T8#8,T9#7,T10#6,T11#5,T12#4,T13#3,T14#2,T15#1>group(App<F,T1#15>,App<F,T2#14>,App<F,T3#13>,App<F,T4#12>,App<F,T5#11>,App<F,T6#10>,App<F,T7#9>,App<F,T8#8>,App<F,T9#7>,App<F,T10#6>,App<F,T11#5>,App<F,T12#4>,App<F,T13#3>,App<F,T14#2>,App<F,T15#1>)
    T6#10 extends Object declared in method <T1#15,T2#14,T3#13,T4#12,T5#11,T6#10,T7#9,T8#8,T9#7,T10#6,T11#5,T12#4,T13#3,T14#2,T15#1>group(App<F,T1#15>,App<F,T2#14>,App<F,T3#13>,App<F,T4#12>,App<F,T5#11>,App<F,T6#10>,App<F,T7#9>,App<F,T8#8>,App<F,T9#7>,App<F,T10#6>,App<F,T11#5>,App<F,T12#4>,App<F,T13#3>,App<F,T14#2>,App<F,T15#1>)
    T7#9 extends Object declared in method <T1#15,T2#14,T3#13,T4#12,T5#11,T6#10,T7#9,T8#8,T9#7,T10#6,T11#5,T12#4,T13#3,T14#2,T15#1>group(App<F,T1#15>,App<F,T2#14>,App<F,T3#13>,App<F,T4#12>,App<F,T5#11>,App<F,T6#10>,App<F,T7#9>,App<F,T8#8>,App<F,T9#7>,App<F,T10#6>,App<F,T11#5>,App<F,T12#4>,App<F,T13#3>,App<F,T14#2>,App<F,T15#1>)
    T8#8 extends Object declared in method <T1#15,T2#14,T3#13,T4#12,T5#11,T6#10,T7#9,T8#8,T9#7,T10#6,T11#5,T12#4,T13#3,T14#2,T15#1>group(App<F,T1#15>,App<F,T2#14>,App<F,T3#13>,App<F,T4#12>,App<F,T5#11>,App<F,T6#10>,App<F,T7#9>,App<F,T8#8>,App<F,T9#7>,App<F,T10#6>,App<F,T11#5>,App<F,T12#4>,App<F,T13#3>,App<F,T14#2>,App<F,T15#1>)
    T9#7 extends Object declared in method <T1#15,T2#14,T3#13,T4#12,T5#11,T6#10,T7#9,T8#8,T9#7,T10#6,T11#5,T12#4,T13#3,T14#2,T15#1>group(App<F,T1#15>,App<F,T2#14>,App<F,T3#13>,App<F,T4#12>,App<F,T5#11>,App<F,T6#10>,App<F,T7#9>,App<F,T8#8>,App<F,T9#7>,App<F,T10#6>,App<F,T11#5>,App<F,T12#4>,App<F,T13#3>,App<F,T14#2>,App<F,T15#1>)
    T10#6 extends Object declared in method <T1#15,T2#14,T3#13,T4#12,T5#11,T6#10,T7#9,T8#8,T9#7,T10#6,T11#5,T12#4,T13#3,T14#2,T15#1>group(App<F,T1#15>,App<F,T2#14>,App<F,T3#13>,App<F,T4#12>,App<F,T5#11>,App<F,T6#10>,App<F,T7#9>,App<F,T8#8>,App<F,T9#7>,App<F,T10#6>,App<F,T11#5>,App<F,T12#4>,App<F,T13#3>,App<F,T14#2>,App<F,T15#1>)
    T11#5 extends Object declared in method <T1#15,T2#14,T3#13,T4#12,T5#11,T6#10,T7#9,T8#8,T9#7,T10#6,T11#5,T12#4,T13#3,T14#2,T15#1>group(App<F,T1#15>,App<F,T2#14>,App<F,T3#13>,App<F,T4#12>,App<F,T5#11>,App<F,T6#10>,App<F,T7#9>,App<F,T8#8>,App<F,T9#7>,App<F,T10#6>,App<F,T11#5>,App<F,T12#4>,App<F,T13#3>,App<F,T14#2>,App<F,T15#1>)
    T12#4 extends Object declared in method <T1#15,T2#14,T3#13,T4#12,T5#11,T6#10,T7#9,T8#8,T9#7,T10#6,T11#5,T12#4,T13#3,T14#2,T15#1>group(App<F,T1#15>,App<F,T2#14>,App<F,T3#13>,App<F,T4#12>,App<F,T5#11>,App<F,T6#10>,App<F,T7#9>,App<F,T8#8>,App<F,T9#7>,App<F,T10#6>,App<F,T11#5>,App<F,T12#4>,App<F,T13#3>,App<F,T14#2>,App<F,T15#1>)
    T13#3 extends Object declared in method <T1#15,T2#14,T3#13,T4#12,T5#11,T6#10,T7#9,T8#8,T9#7,T10#6,T11#5,T12#4,T13#3,T14#2,T15#1>group(App<F,T1#15>,App<F,T2#14>,App<F,T3#13>,App<F,T4#12>,App<F,T5#11>,App<F,T6#10>,App<F,T7#9>,App<F,T8#8>,App<F,T9#7>,App<F,T10#6>,App<F,T11#5>,App<F,T12#4>,App<F,T13#3>,App<F,T14#2>,App<F,T15#1>)
    T14#2 extends Object declared in method <T1#15,T2#14,T3#13,T4#12,T5#11,T6#10,T7#9,T8#8,T9#7,T10#6,T11#5,T12#4,T13#3,T14#2,T15#1>group(App<F,T1#15>,App<F,T2#14>,App<F,T3#13>,App<F,T4#12>,App<F,T5#11>,App<F,T6#10>,App<F,T7#9>,App<F,T8#8>,App<F,T9#7>,App<F,T10#6>,App<F,T11#5>,App<F,T12#4>,App<F,T13#3>,App<F,T14#2>,App<F,T15#1>)
    T15#1 extends Object declared in method <T1#15,T2#14,T3#13,T4#12,T5#11,T6#10,T7#9,T8#8,T9#7,T10#6,T11#5,T12#4,T13#3,T14#2,T15#1>group(App<F,T1#15>,App<F,T2#14>,App<F,T3#13>,App<F,T4#12>,App<F,T5#11>,App<F,T6#10>,App<F,T7#9>,App<F,T8#8>,App<F,T9#7>,App<F,T10#6>,App<F,T11#5>,App<F,T12#4>,App<F,T13#3>,App<F,T14#2>,App<F,T15#1>)
    T1#16 extends Object declared in method <T1#16,T2#15,T3#14,T4#13,T5#12,T6#11,T7#10,T8#9,T9#8,T10#7,T11#6,T12#5,T13#4,T14#3,T15#2,T16>group(App<F,T1#16>,App<F,T2#15>,App<F,T3#14>,App<F,T4#13>,App<F,T5#12>,App<F,T6#11>,App<F,T7#10>,App<F,T8#9>,App<F,T9#8>,App<F,T10#7>,App<F,T11#6>,App<F,T12#5>,App<F,T13#4>,App<F,T14#3>,App<F,T15#2>,App<F,T16>)
    T2#15 extends Object declared in method <T1#16,T2#15,T3#14,T4#13,T5#12,T6#11,T7#10,T8#9,T9#8,T10#7,T11#6,T12#5,T13#4,T14#3,T15#2,T16>group(App<F,T1#16>,App<F,T2#15>,App<F,T3#14>,App<F,T4#13>,App<F,T5#12>,App<F,T6#11>,App<F,T7#10>,App<F,T8#9>,App<F,T9#8>,App<F,T10#7>,App<F,T11#6>,App<F,T12#5>,App<F,T13#4>,App<F,T14#3>,App<F,T15#2>,App<F,T16>)
    T3#14 extends Object declared in method <T1#16,T2#15,T3#14,T4#13,T5#12,T6#11,T7#10,T8#9,T9#8,T10#7,T11#6,T12#5,T13#4,T14#3,T15#2,T16>group(App<F,T1#16>,App<F,T2#15>,App<F,T3#14>,App<F,T4#13>,App<F,T5#12>,App<F,T6#11>,App<F,T7#10>,App<F,T8#9>,App<F,T9#8>,App<F,T10#7>,App<F,T11#6>,App<F,T12#5>,App<F,T13#4>,App<F,T14#3>,App<F,T15#2>,App<F,T16>)
    T4#13 extends Object declared in method <T1#16,T2#15,T3#14,T4#13,T5#12,T6#11,T7#10,T8#9,T9#8,T10#7,T11#6,T12#5,T13#4,T14#3,T15#2,T16>group(App<F,T1#16>,App<F,T2#15>,App<F,T3#14>,App<F,T4#13>,App<F,T5#12>,App<F,T6#11>,App<F,T7#10>,App<F,T8#9>,App<F,T9#8>,App<F,T10#7>,App<F,T11#6>,App<F,T12#5>,App<F,T13#4>,App<F,T14#3>,App<F,T15#2>,App<F,T16>)
    T5#12 extends Object declared in method <T1#16,T2#15,T3#14,T4#13,T5#12,T6#11,T7#10,T8#9,T9#8,T10#7,T11#6,T12#5,T13#4,T14#3,T15#2,T16>group(App<F,T1#16>,App<F,T2#15>,App<F,T3#14>,App<F,T4#13>,App<F,T5#12>,App<F,T6#11>,App<F,T7#10>,App<F,T8#9>,App<F,T9#8>,App<F,T10#7>,App<F,T11#6>,App<F,T12#5>,App<F,T13#4>,App<F,T14#3>,App<F,T15#2>,App<F,T16>)
    T6#11 extends Object declared in method <T1#16,T2#15,T3#14,T4#13,T5#12,T6#11,T7#10,T8#9,T9#8,T10#7,T11#6,T12#5,T13#4,T14#3,T15#2,T16>group(App<F,T1#16>,App<F,T2#15>,App<F,T3#14>,App<F,T4#13>,App<F,T5#12>,App<F,T6#11>,App<F,T7#10>,App<F,T8#9>,App<F,T9#8>,App<F,T10#7>,App<F,T11#6>,App<F,T12#5>,App<F,T13#4>,App<F,T14#3>,App<F,T15#2>,App<F,T16>)
    T7#10 extends Object declared in method <T1#16,T2#15,T3#14,T4#13,T5#12,T6#11,T7#10,T8#9,T9#8,T10#7,T11#6,T12#5,T13#4,T14#3,T15#2,T16>group(App<F,T1#16>,App<F,T2#15>,App<F,T3#14>,App<F,T4#13>,App<F,T5#12>,App<F,T6#11>,App<F,T7#10>,App<F,T8#9>,App<F,T9#8>,App<F,T10#7>,App<F,T11#6>,App<F,T12#5>,App<F,T13#4>,App<F,T14#3>,App<F,T15#2>,App<F,T16>)
    T8#9 extends Object declared in method <T1#16,T2#15,T3#14,T4#13,T5#12,T6#11,T7#10,T8#9,T9#8,T10#7,T11#6,T12#5,T13#4,T14#3,T15#2,T16>group(App<F,T1#16>,App<F,T2#15>,App<F,T3#14>,App<F,T4#13>,App<F,T5#12>,App<F,T6#11>,App<F,T7#10>,App<F,T8#9>,App<F,T9#8>,App<F,T10#7>,App<F,T11#6>,App<F,T12#5>,App<F,T13#4>,App<F,T14#3>,App<F,T15#2>,App<F,T16>)
    T9#8 extends Object declared in method <T1#16,T2#15,T3#14,T4#13,T5#12,T6#11,T7#10,T8#9,T9#8,T10#7,T11#6,T12#5,T13#4,T14#3,T15#2,T16>group(App<F,T1#16>,App<F,T2#15>,App<F,T3#14>,App<F,T4#13>,App<F,T5#12>,App<F,T6#11>,App<F,T7#10>,App<F,T8#9>,App<F,T9#8>,App<F,T10#7>,App<F,T11#6>,App<F,T12#5>,App<F,T13#4>,App<F,T14#3>,App<F,T15#2>,App<F,T16>)
    T10#7 extends Object declared in method <T1#16,T2#15,T3#14,T4#13,T5#12,T6#11,T7#10,T8#9,T9#8,T10#7,T11#6,T12#5,T13#4,T14#3,T15#2,T16>group(App<F,T1#16>,App<F,T2#15>,App<F,T3#14>,App<F,T4#13>,App<F,T5#12>,App<F,T6#11>,App<F,T7#10>,App<F,T8#9>,App<F,T9#8>,App<F,T10#7>,App<F,T11#6>,App<F,T12#5>,App<F,T13#4>,App<F,T14#3>,App<F,T15#2>,App<F,T16>)
    T11#6 extends Object declared in method <T1#16,T2#15,T3#14,T4#13,T5#12,T6#11,T7#10,T8#9,T9#8,T10#7,T11#6,T12#5,T13#4,T14#3,T15#2,T16>group(App<F,T1#16>,App<F,T2#15>,App<F,T3#14>,App<F,T4#13>,App<F,T5#12>,App<F,T6#11>,App<F,T7#10>,App<F,T8#9>,App<F,T9#8>,App<F,T10#7>,App<F,T11#6>,App<F,T12#5>,App<F,T13#4>,App<F,T14#3>,App<F,T15#2>,App<F,T16>)
    T12#5 extends Object declared in method <T1#16,T2#15,T3#14,T4#13,T5#12,T6#11,T7#10,T8#9,T9#8,T10#7,T11#6,T12#5,T13#4,T14#3,T15#2,T16>group(App<F,T1#16>,App<F,T2#15>,App<F,T3#14>,App<F,T4#13>,App<F,T5#12>,App<F,T6#11>,App<F,T7#10>,App<F,T8#9>,App<F,T9#8>,App<F,T10#7>,App<F,T11#6>,App<F,T12#5>,App<F,T13#4>,App<F,T14#3>,App<F,T15#2>,App<F,T16>)
    T13#4 extends Object declared in method <T1#16,T2#15,T3#14,T4#13,T5#12,T6#11,T7#10,T8#9,T9#8,T10#7,T11#6,T12#5,T13#4,T14#3,T15#2,T16>group(App<F,T1#16>,App<F,T2#15>,App<F,T3#14>,App<F,T4#13>,App<F,T5#12>,App<F,T6#11>,App<F,T7#10>,App<F,T8#9>,App<F,T9#8>,App<F,T10#7>,App<F,T11#6>,App<F,T12#5>,App<F,T13#4>,App<F,T14#3>,App<F,T15#2>,App<F,T16>)
    T14#3 extends Object declared in method <T1#16,T2#15,T3#14,T4#13,T5#12,T6#11,T7#10,T8#9,T9#8,T10#7,T11#6,T12#5,T13#4,T14#3,T15#2,T16>group(App<F,T1#16>,App<F,T2#15>,App<F,T3#14>,App<F,T4#13>,App<F,T5#12>,App<F,T6#11>,App<F,T7#10>,App<F,T8#9>,App<F,T9#8>,App<F,T10#7>,App<F,T11#6>,App<F,T12#5>,App<F,T13#4>,App<F,T14#3>,App<F,T15#2>,App<F,T16>)
    T15#2 extends Object declared in method <T1#16,T2#15,T3#14,T4#13,T5#12,T6#11,T7#10,T8#9,T9#8,T10#7,T11#6,T12#5,T13#4,T14#3,T15#2,T16>group(App<F,T1#16>,App<F,T2#15>,App<F,T3#14>,App<F,T4#13>,App<F,T5#12>,App<F,T6#11>,App<F,T7#10>,App<F,T8#9>,App<F,T9#8>,App<F,T10#7>,App<F,T11#6>,App<F,T12#5>,App<F,T13#4>,App<F,T14#3>,App<F,T15#2>,App<F,T16>)
    T16 extends Object declared in method <T1#16,T2#15,T3#14,T4#13,T5#12,T6#11,T7#10,T8#9,T9#8,T10#7,T11#6,T12#5,T13#4,T14#3,T15#2,T16>group(App<F,T1#16>,App<F,T2#15>,App<F,T3#14>,App<F,T4#13>,App<F,T5#12>,App<F,T6#11>,App<F,T7#10>,App<F,T8#9>,App<F,T9#8>,App<F,T10#7>,App<F,T11#6>,App<F,T12#5>,App<F,T13#4>,App<F,T14#3>,App<F,T15#2>,App<F,T16>)
/home/runner/work/mcJava/mcJava/android/app/src/main/java/net/minecraft/world/item/enchantment/LevelBasedValue.java:77: error: incompatible types: invalid method reference
         .validate(LevelBasedValue.Clamped::validateRange);
                   ^
    incompatible types: Object cannot be converted to Clamped
/home/runner/work/mcJava/mcJava/android/app/src/main/java/net/minecraft/core/component/predicates/DataComponentPredicate.java:27: error: incompatible types: cannot infer type-variable(s) O,R,A,CAP#1,T#2,K,U
      .map(
          ^
    (argument mismatch; bad return type in lambda expression
      List<Single<DataComponentPredicate>> cannot be converted to List<Single<?>>)
  where O,V,B,R,A,T#1,T#2,K,U are type-variables:
    O extends Object declared in method <O>map(Function<? super V,? extends O>,Function<? super O,? extends V>)
    V extends Object declared in interface StreamCodec
    B extends Object declared in interface StreamCodec
    R extends Object declared in method <R,A>collect(Collector<? super T#1,A,R>)
    A extends Object declared in method <R,A>collect(Collector<? super T#1,A,R>)
    T#1 extends Object declared in interface Stream
    T#2 extends Object declared in method <T#2,K,U>toMap(Function<? super T#2,? extends K>,Function<? super T#2,? extends U>)
    K extends Object declared in method <T#2,K,U>toMap(Function<? super T#2,? extends K>,Function<? super T#2,? extends U>)
    U extends Object declared in method <T#2,K,U>toMap(Function<? super T#2,? extends K>,Function<? super T#2,? extends U>)
  where CAP#1 is a fresh type-variable:
    CAP#1 extends Object from capture of ?
/home/runner/work/mcJava/mcJava/android/app/src/main/java/net/minecraft/core/component/predicates/DataComponentPredicate.java:113: error: incompatible types: Codec<T> cannot be converted to Codec<DataComponentPredicate>
         this.singleStreamCodec = ByteBufCodecs.<DataComponentPredicate>fromCodecWithRegistries(codec)
                                                                                                ^
  where T is a type-variable:
    T extends DataComponentPredicate declared in class TypeBase
/home/runner/work/mcJava/mcJava/android/app/src/main/java/net/minecraft/advancements/predicates/MinMaxBounds.java:79: error: cannot infer type arguments for Bounds<>
         return new MinMaxBounds.Bounds<>(Optional.empty(), Optional.empty());
                ^
  reason: inferred type does not conform to equality constraint(s)
    inferred: T#1
    equality constraints(s): T#2,T#3
  where T#1,T#2,T#3 are type-variables:
    T#1 extends Number,Comparable<T#2>
    T#2 extends Number,Comparable<T#2>
    T#3 extends Object declared in method <T#3>empty()
/home/runner/work/mcJava/mcJava/android/app/src/main/java/net/minecraft/util/ExtraCodecs.java:292: error: incompatible types: bad return type in lambda expression
         return makeInterval.apply(min, max);
                                  ^
    DataResult<I> cannot be converted to DataResult<List<P>>
  where I,P are type-variables:
    I extends Object declared in method <P,I>intervalCodec(Codec<P>,String,String,BiFunction<P,P,DataResult<I>>,Function<I,P>,Function<I,P>)
    P extends Object declared in method <P,I>intervalCodec(Codec<P>,String,String,BiFunction<P,P,DataResult<I>>,Function<I,P>,Function<I,P>)
/home/runner/work/mcJava/mcJava/android/app/src/main/java/net/minecraft/util/ExtraCodecs.java:295: error: incompatible types: cannot infer type-variable(s) O
            i -> i.<P, P>group(pointCodec.fieldOf(lowerBoundName).forGetter(Pair::getFirst), pointCodec.fieldOf(upperBoundName).forGetter(Pair::getSecond))
                                                                           ^
    (argument mismatch; invalid method reference
      method getFirst in class Pair<F,S> cannot be applied to given types
        required: no arguments
        found:    Object
        reason: actual and formal argument lists differ in length)
  where O,A,F,S are type-variables:
    O extends Object declared in method <O>forGetter(Function<O,A>)
    A extends Object declared in class MapCodec
    F extends Object declared in class Pair
    S extends Object declared in class Pair
/home/runner/work/mcJava/mcJava/android/app/src/main/java/net/minecraft/util/ExtraCodecs.java:295: error: incompatible types: cannot infer type-variable(s) O
            i -> i.<P, P>group(pointCodec.fieldOf(lowerBoundName).forGetter(Pair::getFirst), pointCodec.fieldOf(upperBoundName).forGetter(Pair::getSecond))
                                                                                                                                         ^
    (argument mismatch; invalid method reference
      method getSecond in class Pair<F,S> cannot be applied to given types
        required: no arguments
        found:    Object
        reason: actual and formal argument lists differ in length)
  where O,A,F,S are type-variables:
    O extends Object declared in method <O>forGetter(Function<O,A>)
    A extends Object declared in class MapCodec
    F extends Object declared in class Pair
    S extends Object declared in class Pair
/home/runner/work/mcJava/mcJava/android/app/src/main/java/net/minecraft/util/ExtraCodecs.java:298: error: incompatible types: cannot infer type-variable(s) S
         .comapFlatMap((Pair<P, P> p) -> makeInterval.apply(p.getFirst(), p.getSecond()), i -> Pair.of(getMin.apply(i), getMax.apply(i)));
                      ^
    (argument mismatch; Function<Pair<P,P>,DataResult<? extends I>> cannot be converted to Function<? super Object,? extends DataResult<? extends I>>)
  where S,A,P,I are type-variables:
    S extends Object declared in method <S>comapFlatMap(Function<? super A,? extends DataResult<? extends S>>,Function<? super S,? extends A>)
    A extends Object declared in interface Codec
    P extends Object declared in method <P,I>intervalCodec(Codec<P>,String,String,BiFunction<P,P,DataResult<I>>,Function<I,P>,Function<I,P>)
    I extends Object declared in method <P,I>intervalCodec(Codec<P>,String,String,BiFunction<P,P,DataResult<I>>,Function<I,P>,Function<I,P>)
/home/runner/work/mcJava/mcJava/android/app/src/main/java/net/minecraft/util/ExtraCodecs.java:598: error: no suitable method found for encode(CAP#1,V,DynamicOps<T#1>)
            DataResult<T> parameters = this.encode(valueCodec.apply(type), input, ops);
                                           ^
    method <anonymous net.minecraft.util.ExtraCodecs$6>.<T#1>encode(V,DynamicOps<T#1>,RecordBuilder<T#1>) is not applicable
      (cannot infer type-variable(s) T#1
        (argument mismatch; Codec<CAP#2> cannot be converted to V))
    method <anonymous net.minecraft.util.ExtraCodecs$6>.<T#2,V2>encode(Codec<V2>,V2,DynamicOps<T#2>) is not applicable
      (inference variable V2 has incompatible bounds
        equality constraints: CAP#3
        lower bounds: V)
  where V,K,T#1,T#2,V2 are type-variables:
    V extends Object declared in method <K,V>dispatchOptionalValue(String,String,Codec<K>,Function<? super V,? extends K>,Function<? super K,? extends Codec<? extends V>>)
    K extends Object declared in method <K,V>dispatchOptionalValue(String,String,Codec<K>,Function<? super V,? extends K>,Function<? super K,? extends Codec<? extends V>>)
    T#1 extends Object declared in method <T#1>encode(V,DynamicOps<T#1>,RecordBuilder<T#1>)
    T#2 extends Object declared in method <T#2,V2>encode(Codec<V2>,V2,DynamicOps<T#2>)
    V2 extends V declared in method <T#2,V2>encode(Codec<V2>,V2,DynamicOps<T#2>)
  where CAP#1,CAP#2,CAP#3 are fresh type-variables:
    CAP#1 extends Codec<? extends V> from capture of ? extends Codec<? extends V>
    CAP#2 extends V from capture of ? extends V
    CAP#3 extends V from capture of ? extends V
/home/runner/work/mcJava/mcJava/android/app/src/main/java/net/minecraft/world/level/storage/SavedDataStorage.java:201: error: incompatible types: SavedData cannot be converted to T
      tag.put("data", (Tag)codec.encodeStart(ops, data).getOrThrow());
                                                  ^
  where T is a type-variable:
    T extends SavedData declared in method <T>encodeUnchecked(SavedDataType<T>,SavedData,RegistryOps<Tag>)
/home/runner/work/mcJava/mcJava/android/app/src/main/java/net/minecraft/world/scores/Scoreboard.java:65: error: incompatible types: Object cannot be converted to Objective
         .forEach(o -> operation.accept(this.getOrCreatePlayerScore(name, o, true)));
                                                                          ^
/home/runner/work/mcJava/mcJava/android/app/src/main/java/net/minecraft/world/level/block/entity/TestInstanceBlockEntity.java:109: error: incompatible types: Component cannot be converted to MutableComponent
      return this.test().map(key -> Component.literal(key.identifier().toString())).orElse(INVALID_TEST_NAME);
                                                                                           ^
/home/runner/work/mcJava/mcJava/android/app/src/main/java/net/minecraft/world/level/levelgen/Heightmap.java:51: warning: [removal] getHighestSectionPosition() in ChunkAccess has been deprecated and marked for removal
         int highestSectionPosition = chunk.getHighestSectionPosition() + 16;
                                           ^
/home/runner/work/mcJava/mcJava/android/app/src/main/java/net/minecraft/world/level/biome/BiomeSpecialEffects.java:90: warning: [removal] BIOME_INFO_NOISE in Biome has been deprecated and marked for removal
            double groundValue = Biome.BIOME_INFO_NOISE.get(x * 0.0225, z * 0.0225);
                                      ^
/home/runner/work/mcJava/mcJava/android/app/src/main/java/net/minecraft/world/level/levelgen/synth/NormalNoise.java:358: error: no suitable method found for group(RecordCodecBuilder<Parameters,Double>,RecordCodecBuilder<Parameters,Integer>,RecordCodecBuilder<Parameters,Integer>,RecordCodecBuilder<Parameters,Normalization>,RecordCodecBuilder<Parameters,DoubleList>)
            i -> i.group(
                  ^
    method Kind1.<T1#1>group(App<Mu<Object>,T1#1>) is not applicable
      (cannot infer type-variable(s) T1#1
        (actual and formal argument lists differ in length))
    method Kind1.<T1#2,T2#1>group(App<Mu<Object>,T1#2>,App<Mu<Object>,T2#1>) is not applicable
      (cannot infer type-variable(s) T1#2,T2#1
        (actual and formal argument lists differ in length))
    method Kind1.<T1#3,T2#2,T3#1>group(App<Mu<Object>,T1#3>,App<Mu<Object>,T2#2>,App<Mu<Object>,T3#1>) is not applicable
      (cannot infer type-variable(s) T1#3,T2#2,T3#1
        (actual and formal argument lists differ in length))
    method Kind1.<T1#4,T2#3,T3#2,T4#1>group(App<Mu<Object>,T1#4>,App<Mu<Object>,T2#3>,App<Mu<Object>,T3#2>,App<Mu<Object>,T4#1>) is not applicable
      (cannot infer type-variable(s) T1#4,T2#3,T3#2,T4#1
        (actual and formal argument lists differ in length))
    method Kind1.<T1#5,T2#4,T3#3,T4#2,T5#1>group(App<Mu<Object>,T1#5>,App<Mu<Object>,T2#4>,App<Mu<Object>,T3#3>,App<Mu<Object>,T4#2>,App<Mu<Object>,T5#1>) is not applicable
      (inference variable O has incompatible equality constraints Parameters,Object)
    method Kind1.<T1#6,T2#5,T3#4,T4#3,T5#2,T6#1>group(App<Mu<Object>,T1#6>,App<Mu<Object>,T2#5>,App<Mu<Object>,T3#4>,App<Mu<Object>,T4#3>,App<Mu<Object>,T5#2>,App<Mu<Object>,T6#1>) is not applicable
      (cannot infer type-variable(s) T1#6,T2#5,T3#4,T4#3,T5#2,T6#1
        (actual and formal argument lists differ in length))
    method Kind1.<T1#7,T2#6,T3#5,T4#4,T5#3,T6#2,T7#1>group(App<Mu<Object>,T1#7>,App<Mu<Object>,T2#6>,App<Mu<Object>,T3#5>,App<Mu<Object>,T4#4>,App<Mu<Object>,T5#3>,App<Mu<Object>,T6#2>,App<Mu<Object>,T7#1>) is not applicable
      (cannot infer type-variable(s) T1#7,T2#6,T3#5,T4#4,T5#3,T6#2,T7#1
        (actual and formal argument lists differ in length))
    method Kind1.<T1#8,T2#7,T3#6,T4#5,T5#4,T6#3,T7#2,T8#1>group(App<Mu<Object>,T1#8>,App<Mu<Object>,T2#7>,App<Mu<Object>,T3#6>,App<Mu<Object>,T4#5>,App<Mu<Object>,T5#4>,App<Mu<Object>,T6#3>,App<Mu<Object>,T7#2>,App<Mu<Object>,T8#1>) is not applicable
      (cannot infer type-variable(s) T1#8,T2#7,T3#6,T4#5,T5#4,T6#3,T7#2,T8#1
        (actual and formal argument lists differ in length))
    method Kind1.<T1#9,T2#8,T3#7,T4#6,T5#5,T6#4,T7#3,T8#2,T9#1>group(App<Mu<Object>,T1#9>,App<Mu<Object>,T2#8>,App<Mu<Object>,T3#7>,App<Mu<Object>,T4#6>,App<Mu<Object>,T5#5>,App<Mu<Object>,T6#4>,App<Mu<Object>,T7#3>,App<Mu<Object>,T8#2>,App<Mu<Object>,T9#1>) is not applicable
      (cannot infer type-variable(s) T1#9,T2#8,T3#7,T4#6,T5#5,T6#4,T7#3,T8#2,T9#1
        (actual and formal argument lists differ in length))
    method Kind1.<T1#10,T2#9,T3#8,T4#7,T5#6,T6#5,T7#4,T8#3,T9#2,T10#1>group(App<Mu<Object>,T1#10>,App<Mu<Object>,T2#9>,App<Mu<Object>,T3#8>,App<Mu<Object>,T4#7>,App<Mu<Object>,T5#6>,App<Mu<Object>,T6#5>,App<Mu<Object>,T7#4>,App<Mu<Object>,T8#3>,App<Mu<Object>,T9#2>,App<Mu<Object>,T10#1>) is not applicable
      (cannot infer type-variable(s) T1#10,T2#9,T3#8,T4#7,T5#6,T6#5,T7#4,T8#3,T9#2,T10#1
        (actual and formal argument lists differ in length))
    method Kind1.<T1#11,T2#10,T3#9,T4#8,T5#7,T6#6,T7#5,T8#4,T9#3,T10#2,T11#1>group(App<Mu<Object>,T1#11>,App<Mu<Object>,T2#10>,App<Mu<Object>,T3#9>,App<Mu<Object>,T4#8>,App<Mu<Object>,T5#7>,App<Mu<Object>,T6#6>,App<Mu<Object>,T7#5>,App<Mu<Object>,T8#4>,App<Mu<Object>,T9#3>,App<Mu<Object>,T10#2>,App<Mu<Object>,T11#1>) is not applicable
      (cannot infer type-variable(s) T1#11,T2#10,T3#9,T4#8,T5#7,T6#6,T7#5,T8#4,T9#3,T10#2,T11#1
        (actual and formal argument lists differ in length))
    method Kind1.<T1#12,T2#11,T3#10,T4#9,T5#8,T6#7,T7#6,T8#5,T9#4,T10#3,T11#2,T12#1>group(App<Mu<Object>,T1#12>,App<Mu<Object>,T2#11>,App<Mu<Object>,T3#10>,App<Mu<Object>,T4#9>,App<Mu<Object>,T5#8>,App<Mu<Object>,T6#7>,App<Mu<Object>,T7#6>,App<Mu<Object>,T8#5>,App<Mu<Object>,T9#4>,App<Mu<Object>,T10#3>,App<Mu<Object>,T11#2>,App<Mu<Object>,T12#1>) is not applicable
      (cannot infer type-variable(s) T1#12,T2#11,T3#10,T4#9,T5#8,T6#7,T7#6,T8#5,T9#4,T10#3,T11#2,T12#1
        (actual and formal argument lists differ in length))
    method Kind1.<T1#13,T2#12,T3#11,T4#10,T5#9,T6#8,T7#7,T8#6,T9#5,T10#4,T11#3,T12#2,T13#1>group(App<Mu<Object>,T1#13>,App<Mu<Object>,T2#12>,App<Mu<Object>,T3#11>,App<Mu<Object>,T4#10>,App<Mu<Object>,T5#9>,App<Mu<Object>,T6#8>,App<Mu<Object>,T7#7>,App<Mu<Object>,T8#6>,App<Mu<Object>,T9#5>,App<Mu<Object>,T10#4>,App<Mu<Object>,T11#3>,App<Mu<Object>,T12#2>,App<Mu<Object>,T13#1>) is not applicable
      (cannot infer type-variable(s) T1#13,T2#12,T3#11,T4#10,T5#9,T6#8,T7#7,T8#6,T9#5,T10#4,T11#3,T12#2,T13#1
        (actual and formal argument lists differ in length))
    method Kind1.<T1#14,T2#13,T3#12,T4#11,T5#10,T6#9,T7#8,T8#7,T9#6,T10#5,T11#4,T12#3,T13#2,T14#1>group(App<Mu<Object>,T1#14>,App<Mu<Object>,T2#13>,App<Mu<Object>,T3#12>,App<Mu<Object>,T4#11>,App<Mu<Object>,T5#10>,App<Mu<Object>,T6#9>,App<Mu<Object>,T7#8>,App<Mu<Object>,T8#7>,App<Mu<Object>,T9#6>,App<Mu<Object>,T10#5>,App<Mu<Object>,T11#4>,App<Mu<Object>,T12#3>,App<Mu<Object>,T13#2>,App<Mu<Object>,T14#1>) is not applicable
      (cannot infer type-variable(s) T1#14,T2#13,T3#12,T4#11,T5#10,T6#9,T7#8,T8#7,T9#6,T10#5,T11#4,T12#3,T13#2,T14#1
        (actual and formal argument lists differ in length))
    method Kind1.<T1#15,T2#14,T3#13,T4#12,T5#11,T6#10,T7#9,T8#8,T9#7,T10#6,T11#5,T12#4,T13#3,T14#2,T15#1>group(App<Mu<Object>,T1#15>,App<Mu<Object>,T2#14>,App<Mu<Object>,T3#13>,App<Mu<Object>,T4#12>,App<Mu<Object>,T5#11>,App<Mu<Object>,T6#10>,App<Mu<Object>,T7#9>,App<Mu<Object>,T8#8>,App<Mu<Object>,T9#7>,App<Mu<Object>,T10#6>,App<Mu<Object>,T11#5>,App<Mu<Object>,T12#4>,App<Mu<Object>,T13#3>,App<Mu<Object>,T14#2>,App<Mu<Object>,T15#1>) is not applicable
      (cannot infer type-variable(s) T1#15,T2#14,T3#13,T4#12,T5#11,T6#10,T7#9,T8#8,T9#7,T10#6,T11#5,T12#4,T13#3,T14#2,T15#1
        (actual and formal argument lists differ in length))
    method Kind1.<T1#16,T2#15,T3#14,T4#13,T5#12,T6#11,T7#10,T8#9,T9#8,T10#7,T11#6,T12#5,T13#4,T14#3,T15#2,T16>group(App<Mu<Object>,T1#16>,App<Mu<Object>,T2#15>,App<Mu<Object>,T3#14>,App<Mu<Object>,T4#13>,App<Mu<Object>,T5#12>,App<Mu<Object>,T6#11>,App<Mu<Object>,T7#10>,App<Mu<Object>,T8#9>,App<Mu<Object>,T9#8>,App<Mu<Object>,T10#7>,App<Mu<Object>,T11#6>,App<Mu<Object>,T12#5>,App<Mu<Object>,T13#4>,App<Mu<Object>,T14#3>,App<Mu<Object>,T15#2>,App<Mu<Object>,T16>) is not applicable
      (cannot infer type-variable(s) T1#16,T2#15,T3#14,T4#13,T5#12,T6#11,T7#10,T8#9,T9#8,T10#7,T11#6,T12#5,T13#4,T14#3,T15#2,T16
        (actual and formal argument lists differ in length))
  where T1#1,F,T1#2,T2#1,T1#3,T2#2,T3#1,T1#4,T2#3,T3#2,T4#1,T1#5,T2#4,T3#3,T4#2,T5#1,O,A,T1#6,T2#5,T3#4,T4#3,T5#2,T6#1,T1#7,T2#6,T3#5,T4#4,T5#3,T6#2,T7#1,T1#8,T2#7,T3#6,T4#5,T5#4,T6#3,T7#2,T8#1,T1#9,T2#8,T3#7,T4#6,T5#5,T6#4,T7#3,T8#2,T9#1,T1#10,T2#9,T3#8,T4#7,T5#6,T6#5,T7#4,T8#3,T9#2,T10#1,T1#11,T2#10,T3#9,T4#8,T5#7,T6#6,T7#5,T8#4,T9#3,T10#2,T11#1,T1#12,T2#11,T3#10,T4#9,T5#8,T6#7,T7#6,T8#5,T9#4,T10#3,T11#2,T12#1,T1#13,T2#12,T3#11,T4#10,T5#9,T6#8,T7#7,T8#6,T9#5,T10#4,T11#3,T12#2,T13#1,T1#14,T2#13,T3#12,T4#11,T5#10,T6#9,T7#8,T8#7,T9#6,T10#5,T11#4,T12#3,T13#2,T14#1,T1#15,T2#14,T3#13,T4#12,T5#11,T6#10,T7#9,T8#8,T9#7,T10#6,T11#5,T12#4,T13#3,T14#2,T15#1,T1#16,T2#15,T3#14,T4#13,T5#12,T6#11,T7#10,T8#9,T9#8,T10#7,T11#6,T12#5,T13#4,T14#3,T15#2,T16 are type-variables:
    T1#1 extends Object declared in method <T1#1>group(App<F,T1#1>)
    F extends K1 declared in interface Kind1
    T1#2 extends Object declared in method <T1#2,T2#1>group(App<F,T1#2>,App<F,T2#1>)
    T2#1 extends Object declared in method <T1#2,T2#1>group(App<F,T1#2>,App<F,T2#1>)
    T1#3 extends Object declared in method <T1#3,T2#2,T3#1>group(App<F,T1#3>,App<F,T2#2>,App<F,T3#1>)
    T2#2 extends Object declared in method <T1#3,T2#2,T3#1>group(App<F,T1#3>,App<F,T2#2>,App<F,T3#1>)
    T3#1 extends Object declared in method <T1#3,T2#2,T3#1>group(App<F,T1#3>,App<F,T2#2>,App<F,T3#1>)
    T1#4 extends Object declared in method <T1#4,T2#3,T3#2,T4#1>group(App<F,T1#4>,App<F,T2#3>,App<F,T3#2>,App<F,T4#1>)
    T2#3 extends Object declared in method <T1#4,T2#3,T3#2,T4#1>group(App<F,T1#4>,App<F,T2#3>,App<F,T3#2>,App<F,T4#1>)
    T3#2 extends Object declared in method <T1#4,T2#3,T3#2,T4#1>group(App<F,T1#4>,App<F,T2#3>,App<F,T3#2>,App<F,T4#1>)
    T4#1 extends Object declared in method <T1#4,T2#3,T3#2,T4#1>group(App<F,T1#4>,App<F,T2#3>,App<F,T3#2>,App<F,T4#1>)
    T1#5 extends Object declared in method <T1#5,T2#4,T3#3,T4#2,T5#1>group(App<F,T1#5>,App<F,T2#4>,App<F,T3#3>,App<F,T4#2>,App<F,T5#1>)
    T2#4 extends Object declared in method <T1#5,T2#4,T3#3,T4#2,T5#1>group(App<F,T1#5>,App<F,T2#4>,App<F,T3#3>,App<F,T4#2>,App<F,T5#1>)
    T3#3 extends Object declared in method <T1#5,T2#4,T3#3,T4#2,T5#1>group(App<F,T1#5>,App<F,T2#4>,App<F,T3#3>,App<F,T4#2>,App<F,T5#1>)
    T4#2 extends Object declared in method <T1#5,T2#4,T3#3,T4#2,T5#1>group(App<F,T1#5>,App<F,T2#4>,App<F,T3#3>,App<F,T4#2>,App<F,T5#1>)
    T5#1 extends Object declared in method <T1#5,T2#4,T3#3,T4#2,T5#1>group(App<F,T1#5>,App<F,T2#4>,App<F,T3#3>,App<F,T4#2>,App<F,T5#1>)
    O extends Object declared in method <O>forGetter(Function<O,A>)
    A extends Object declared in class MapCodec
    T1#6 extends Object declared in method <T1#6,T2#5,T3#4,T4#3,T5#2,T6#1>group(App<F,T1#6>,App<F,T2#5>,App<F,T3#4>,App<F,T4#3>,App<F,T5#2>,App<F,T6#1>)
    T2#5 extends Object declared in method <T1#6,T2#5,T3#4,T4#3,T5#2,T6#1>group(App<F,T1#6>,App<F,T2#5>,App<F,T3#4>,App<F,T4#3>,App<F,T5#2>,App<F,T6#1>)
    T3#4 extends Object declared in method <T1#6,T2#5,T3#4,T4#3,T5#2,T6#1>group(App<F,T1#6>,App<F,T2#5>,App<F,T3#4>,App<F,T4#3>,App<F,T5#2>,App<F,T6#1>)
    T4#3 extends Object declared in method <T1#6,T2#5,T3#4,T4#3,T5#2,T6#1>group(App<F,T1#6>,App<F,T2#5>,App<F,T3#4>,App<F,T4#3>,App<F,T5#2>,App<F,T6#1>)
    T5#2 extends Object declared in method <T1#6,T2#5,T3#4,T4#3,T5#2,T6#1>group(App<F,T1#6>,App<F,T2#5>,App<F,T3#4>,App<F,T4#3>,App<F,T5#2>,App<F,T6#1>)
    T6#1 extends Object declared in method <T1#6,T2#5,T3#4,T4#3,T5#2,T6#1>group(App<F,T1#6>,App<F,T2#5>,App<F,T3#4>,App<F,T4#3>,App<F,T5#2>,App<F,T6#1>)
    T1#7 extends Object declared in method <T1#7,T2#6,T3#5,T4#4,T5#3,T6#2,T7#1>group(App<F,T1#7>,App<F,T2#6>,App<F,T3#5>,App<F,T4#4>,App<F,T5#3>,App<F,T6#2>,App<F,T7#1>)
    T2#6 extends Object declared in method <T1#7,T2#6,T3#5,T4#4,T5#3,T6#2,T7#1>group(App<F,T1#7>,App<F,T2#6>,App<F,T3#5>,App<F,T4#4>,App<F,T5#3>,App<F,T6#2>,App<F,T7#1>)
    T3#5 extends Object declared in method <T1#7,T2#6,T3#5,T4#4,T5#3,T6#2,T7#1>group(App<F,T1#7>,App<F,T2#6>,App<F,T3#5>,App<F,T4#4>,App<F,T5#3>,App<F,T6#2>,App<F,T7#1>)
    T4#4 extends Object declared in method <T1#7,T2#6,T3#5,T4#4,T5#3,T6#2,T7#1>group(App<F,T1#7>,App<F,T2#6>,App<F,T3#5>,App<F,T4#4>,App<F,T5#3>,App<F,T6#2>,App<F,T7#1>)
    T5#3 extends Object declared in method <T1#7,T2#6,T3#5,T4#4,T5#3,T6#2,T7#1>group(App<F,T1#7>,App<F,T2#6>,App<F,T3#5>,App<F,T4#4>,App<F,T5#3>,App<F,T6#2>,App<F,T7#1>)
    T6#2 extends Object declared in method <T1#7,T2#6,T3#5,T4#4,T5#3,T6#2,T7#1>group(App<F,T1#7>,App<F,T2#6>,App<F,T3#5>,App<F,T4#4>,App<F,T5#3>,App<F,T6#2>,App<F,T7#1>)
    T7#1 extends Object declared in method <T1#7,T2#6,T3#5,T4#4,T5#3,T6#2,T7#1>group(App<F,T1#7>,App<F,T2#6>,App<F,T3#5>,App<F,T4#4>,App<F,T5#3>,App<F,T6#2>,App<F,T7#1>)
    T1#8 extends Object declared in method <T1#8,T2#7,T3#6,T4#5,T5#4,T6#3,T7#2,T8#1>group(App<F,T1#8>,App<F,T2#7>,App<F,T3#6>,App<F,T4#5>,App<F,T5#4>,App<F,T6#3>,App<F,T7#2>,App<F,T8#1>)
    T2#7 extends Object declared in method <T1#8,T2#7,T3#6,T4#5,T5#4,T6#3,T7#2,T8#1>group(App<F,T1#8>,App<F,T2#7>,App<F,T3#6>,App<F,T4#5>,App<F,T5#4>,App<F,T6#3>,App<F,T7#2>,App<F,T8#1>)
    T3#6 extends Object declared in method <T1#8,T2#7,T3#6,T4#5,T5#4,T6#3,T7#2,T8#1>group(App<F,T1#8>,App<F,T2#7>,App<F,T3#6>,App<F,T4#5>,App<F,T5#4>,App<F,T6#3>,App<F,T7#2>,App<F,T8#1>)
    T4#5 extends Object declared in method <T1#8,T2#7,T3#6,T4#5,T5#4,T6#3,T7#2,T8#1>group(App<F,T1#8>,App<F,T2#7>,App<F,T3#6>,App<F,T4#5>,App<F,T5#4>,App<F,T6#3>,App<F,T7#2>,App<F,T8#1>)
    T5#4 extends Object declared in method <T1#8,T2#7,T3#6,T4#5,T5#4,T6#3,T7#2,T8#1>group(App<F,T1#8>,App<F,T2#7>,App<F,T3#6>,App<F,T4#5>,App<F,T5#4>,App<F,T6#3>,App<F,T7#2>,App<F,T8#1>)
    T6#3 extends Object declared in method <T1#8,T2#7,T3#6,T4#5,T5#4,T6#3,T7#2,T8#1>group(App<F,T1#8>,App<F,T2#7>,App<F,T3#6>,App<F,T4#5>,App<F,T5#4>,App<F,T6#3>,App<F,T7#2>,App<F,T8#1>)
    T7#2 extends Object declared in method <T1#8,T2#7,T3#6,T4#5,T5#4,T6#3,T7#2,T8#1>group(App<F,T1#8>,App<F,T2#7>,App<F,T3#6>,App<F,T4#5>,App<F,T5#4>,App<F,T6#3>,App<F,T7#2>,App<F,T8#1>)
    T8#1 extends Object declared in method <T1#8,T2#7,T3#6,T4#5,T5#4,T6#3,T7#2,T8#1>group(App<F,T1#8>,App<F,T2#7>,App<F,T3#6>,App<F,T4#5>,App<F,T5#4>,App<F,T6#3>,App<F,T7#2>,App<F,T8#1>)
    T1#9 extends Object declared in method <T1#9,T2#8,T3#7,T4#6,T5#5,T6#4,T7#3,T8#2,T9#1>group(App<F,T1#9>,App<F,T2#8>,App<F,T3#7>,App<F,T4#6>,App<F,T5#5>,App<F,T6#4>,App<F,T7#3>,App<F,T8#2>,App<F,T9#1>)
    T2#8 extends Object declared in method <T1#9,T2#8,T3#7,T4#6,T5#5,T6#4,T7#3,T8#2,T9#1>group(App<F,T1#9>,App<F,T2#8>,App<F,T3#7>,App<F,T4#6>,App<F,T5#5>,App<F,T6#4>,App<F,T7#3>,App<F,T8#2>,App<F,T9#1>)
    T3#7 extends Object declared in method <T1#9,T2#8,T3#7,T4#6,T5#5,T6#4,T7#3,T8#2,T9#1>group(App<F,T1#9>,App<F,T2#8>,App<F,T3#7>,App<F,T4#6>,App<F,T5#5>,App<F,T6#4>,App<F,T7#3>,App<F,T8#2>,App<F,T9#1>)
    T4#6 extends Object declared in method <T1#9,T2#8,T3#7,T4#6,T5#5,T6#4,T7#3,T8#2,T9#1>group(App<F,T1#9>,App<F,T2#8>,App<F,T3#7>,App<F,T4#6>,App<F,T5#5>,App<F,T6#4>,App<F,T7#3>,App<F,T8#2>,App<F,T9#1>)
    T5#5 extends Object declared in method <T1#9,T2#8,T3#7,T4#6,T5#5,T6#4,T7#3,T8#2,T9#1>group(App<F,T1#9>,App<F,T2#8>,App<F,T3#7>,App<F,T4#6>,App<F,T5#5>,App<F,T6#4>,App<F,T7#3>,App<F,T8#2>,App<F,T9#1>)
    T6#4 extends Object declared in method <T1#9,T2#8,T3#7,T4#6,T5#5,T6#4,T7#3,T8#2,T9#1>group(App<F,T1#9>,App<F,T2#8>,App<F,T3#7>,App<F,T4#6>,App<F,T5#5>,App<F,T6#4>,App<F,T7#3>,App<F,T8#2>,App<F,T9#1>)
    T7#3 extends Object declared in method <T1#9,T2#8,T3#7,T4#6,T5#5,T6#4,T7#3,T8#2,T9#1>group(App<F,T1#9>,App<F,T2#8>,App<F,T3#7>,App<F,T4#6>,App<F,T5#5>,App<F,T6#4>,App<F,T7#3>,App<F,T8#2>,App<F,T9#1>)
    T8#2 extends Object declared in method <T1#9,T2#8,T3#7,T4#6,T5#5,T6#4,T7#3,T8#2,T9#1>group(App<F,T1#9>,App<F,T2#8>,App<F,T3#7>,App<F,T4#6>,App<F,T5#5>,App<F,T6#4>,App<F,T7#3>,App<F,T8#2>,App<F,T9#1>)
    T9#1 extends Object declared in method <T1#9,T2#8,T3#7,T4#6,T5#5,T6#4,T7#3,T8#2,T9#1>group(App<F,T1#9>,App<F,T2#8>,App<F,T3#7>,App<F,T4#6>,App<F,T5#5>,App<F,T6#4>,App<F,T7#3>,App<F,T8#2>,App<F,T9#1>)
    T1#10 extends Object declared in method <T1#10,T2#9,T3#8,T4#7,T5#6,T6#5,T7#4,T8#3,T9#2,T10#1>group(App<F,T1#10>,App<F,T2#9>,App<F,T3#8>,App<F,T4#7>,App<F,T5#6>,App<F,T6#5>,App<F,T7#4>,App<F,T8#3>,App<F,T9#2>,App<F,T10#1>)
    T2#9 extends Object declared in method <T1#10,T2#9,T3#8,T4#7,T5#6,T6#5,T7#4,T8#3,T9#2,T10#1>group(App<F,T1#10>,App<F,T2#9>,App<F,T3#8>,App<F,T4#7>,App<F,T5#6>,App<F,T6#5>,App<F,T7#4>,App<F,T8#3>,App<F,T9#2>,App<F,T10#1>)
    T3#8 extends Object declared in method <T1#10,T2#9,T3#8,T4#7,T5#6,T6#5,T7#4,T8#3,T9#2,T10#1>group(App<F,T1#10>,App<F,T2#9>,App<F,T3#8>,App<F,T4#7>,App<F,T5#6>,App<F,T6#5>,App<F,T7#4>,App<F,T8#3>,App<F,T9#2>,App<F,T10#1>)
    T4#7 extends Object declared in method <T1#10,T2#9,T3#8,T4#7,T5#6,T6#5,T7#4,T8#3,T9#2,T10#1>group(App<F,T1#10>,App<F,T2#9>,App<F,T3#8>,App<F,T4#7>,App<F,T5#6>,App<F,T6#5>,App<F,T7#4>,App<F,T8#3>,App<F,T9#2>,App<F,T10#1>)
    T5#6 extends Object declared in method <T1#10,T2#9,T3#8,T4#7,T5#6,T6#5,T7#4,T8#3,T9#2,T10#1>group(App<F,T1#10>,App<F,T2#9>,App<F,T3#8>,App<F,T4#7>,App<F,T5#6>,App<F,T6#5>,App<F,T7#4>,App<F,T8#3>,App<F,T9#2>,App<F,T10#1>)
    T6#5 extends Object declared in method <T1#10,T2#9,T3#8,T4#7,T5#6,T6#5,T7#4,T8#3,T9#2,T10#1>group(App<F,T1#10>,App<F,T2#9>,App<F,T3#8>,App<F,T4#7>,App<F,T5#6>,App<F,T6#5>,App<F,T7#4>,App<F,T8#3>,App<F,T9#2>,App<F,T10#1>)
    T7#4 extends Object declared in method <T1#10,T2#9,T3#8,T4#7,T5#6,T6#5,T7#4,T8#3,T9#2,T10#1>group(App<F,T1#10>,App<F,T2#9>,App<F,T3#8>,App<F,T4#7>,App<F,T5#6>,App<F,T6#5>,App<F,T7#4>,App<F,T8#3>,App<F,T9#2>,App<F,T10#1>)
    T8#3 extends Object declared in method <T1#10,T2#9,T3#8,T4#7,T5#6,T6#5,T7#4,T8#3,T9#2,T10#1>group(App<F,T1#10>,App<F,T2#9>,App<F,T3#8>,App<F,T4#7>,App<F,T5#6>,App<F,T6#5>,App<F,T7#4>,App<F,T8#3>,App<F,T9#2>,App<F,T10#1>)
    T9#2 extends Object declared in method <T1#10,T2#9,T3#8,T4#7,T5#6,T6#5,T7#4,T8#3,T9#2,T10#1>group(App<F,T1#10>,App<F,T2#9>,App<F,T3#8>,App<F,T4#7>,App<F,T5#6>,App<F,T6#5>,App<F,T7#4>,App<F,T8#3>,App<F,T9#2>,App<F,T10#1>)
    T10#1 extends Object declared in method <T1#10,T2#9,T3#8,T4#7,T5#6,T6#5,T7#4,T8#3,T9#2,T10#1>group(App<F,T1#10>,App<F,T2#9>,App<F,T3#8>,App<F,T4#7>,App<F,T5#6>,App<F,T6#5>,App<F,T7#4>,App<F,T8#3>,App<F,T9#2>,App<F,T10#1>)
    T1#11 extends Object declared in method <T1#11,T2#10,T3#9,T4#8,T5#7,T6#6,T7#5,T8#4,T9#3,T10#2,T11#1>group(App<F,T1#11>,App<F,T2#10>,App<F,T3#9>,App<F,T4#8>,App<F,T5#7>,App<F,T6#6>,App<F,T7#5>,App<F,T8#4>,App<F,T9#3>,App<F,T10#2>,App<F,T11#1>)
    T2#10 extends Object declared in method <T1#11,T2#10,T3#9,T4#8,T5#7,T6#6,T7#5,T8#4,T9#3,T10#2,T11#1>group(App<F,T1#11>,App<F,T2#10>,App<F,T3#9>,App<F,T4#8>,App<F,T5#7>,App<F,T6#6>,App<F,T7#5>,App<F,T8#4>,App<F,T9#3>,App<F,T10#2>,App<F,T11#1>)
    T3#9 extends Object declared in method <T1#11,T2#10,T3#9,T4#8,T5#7,T6#6,T7#5,T8#4,T9#3,T10#2,T11#1>group(App<F,T1#11>,App<F,T2#10>,App<F,T3#9>,App<F,T4#8>,App<F,T5#7>,App<F,T6#6>,App<F,T7#5>,App<F,T8#4>,App<F,T9#3>,App<F,T10#2>,App<F,T11#1>)
    T4#8 extends Object declared in method <T1#11,T2#10,T3#9,T4#8,T5#7,T6#6,T7#5,T8#4,T9#3,T10#2,T11#1>group(App<F,T1#11>,App<F,T2#10>,App<F,T3#9>,App<F,T4#8>,App<F,T5#7>,App<F,T6#6>,App<F,T7#5>,App<F,T8#4>,App<F,T9#3>,App<F,T10#2>,App<F,T11#1>)
    T5#7 extends Object declared in method <T1#11,T2#10,T3#9,T4#8,T5#7,T6#6,T7#5,T8#4,T9#3,T10#2,T11#1>group(App<F,T1#11>,App<F,T2#10>,App<F,T3#9>,App<F,T4#8>,App<F,T5#7>,App<F,T6#6>,App<F,T7#5>,App<F,T8#4>,App<F,T9#3>,App<F,T10#2>,App<F,T11#1>)
    T6#6 extends Object declared in method <T1#11,T2#10,T3#9,T4#8,T5#7,T6#6,T7#5,T8#4,T9#3,T10#2,T11#1>group(App<F,T1#11>,App<F,T2#10>,App<F,T3#9>,App<F,T4#8>,App<F,T5#7>,App<F,T6#6>,App<F,T7#5>,App<F,T8#4>,App<F,T9#3>,App<F,T10#2>,App<F,T11#1>)
    T7#5 extends Object declared in method <T1#11,T2#10,T3#9,T4#8,T5#7,T6#6,T7#5,T8#4,T9#3,T10#2,T11#1>group(App<F,T1#11>,App<F,T2#10>,App<F,T3#9>,App<F,T4#8>,App<F,T5#7>,App<F,T6#6>,App<F,T7#5>,App<F,T8#4>,App<F,T9#3>,App<F,T10#2>,App<F,T11#1>)
    T8#4 extends Object declared in method <T1#11,T2#10,T3#9,T4#8,T5#7,T6#6,T7#5,T8#4,T9#3,T10#2,T11#1>group(App<F,T1#11>,App<F,T2#10>,App<F,T3#9>,App<F,T4#8>,App<F,T5#7>,App<F,T6#6>,App<F,T7#5>,App<F,T8#4>,App<F,T9#3>,App<F,T10#2>,App<F,T11#1>)
    T9#3 extends Object declared in method <T1#11,T2#10,T3#9,T4#8,T5#7,T6#6,T7#5,T8#4,T9#3,T10#2,T11#1>group(App<F,T1#11>,App<F,T2#10>,App<F,T3#9>,App<F,T4#8>,App<F,T5#7>,App<F,T6#6>,App<F,T7#5>,App<F,T8#4>,App<F,T9#3>,App<F,T10#2>,App<F,T11#1>)
    T10#2 extends Object declared in method <T1#11,T2#10,T3#9,T4#8,T5#7,T6#6,T7#5,T8#4,T9#3,T10#2,T11#1>group(App<F,T1#11>,App<F,T2#10>,App<F,T3#9>,App<F,T4#8>,App<F,T5#7>,App<F,T6#6>,App<F,T7#5>,App<F,T8#4>,App<F,T9#3>,App<F,T10#2>,App<F,T11#1>)
    T11#1 extends Object declared in method <T1#11,T2#10,T3#9,T4#8,T5#7,T6#6,T7#5,T8#4,T9#3,T10#2,T11#1>group(App<F,T1#11>,App<F,T2#10>,App<F,T3#9>,App<F,T4#8>,App<F,T5#7>,App<F,T6#6>,App<F,T7#5>,App<F,T8#4>,App<F,T9#3>,App<F,T10#2>,App<F,T11#1>)
    T1#12 extends Object declared in method <T1#12,T2#11,T3#10,T4#9,T5#8,T6#7,T7#6,T8#5,T9#4,T10#3,T11#2,T12#1>group(App<F,T1#12>,App<F,T2#11>,App<F,T3#10>,App<F,T4#9>,App<F,T5#8>,App<F,T6#7>,App<F,T7#6>,App<F,T8#5>,App<F,T9#4>,App<F,T10#3>,App<F,T11#2>,App<F,T12#1>)
    T2#11 extends Object declared in method <T1#12,T2#11,T3#10,T4#9,T5#8,T6#7,T7#6,T8#5,T9#4,T10#3,T11#2,T12#1>group(App<F,T1#12>,App<F,T2#11>,App<F,T3#10>,App<F,T4#9>,App<F,T5#8>,App<F,T6#7>,App<F,T7#6>,App<F,T8#5>,App<F,T9#4>,App<F,T10#3>,App<F,T11#2>,App<F,T12#1>)
    T3#10 extends Object declared in method <T1#12,T2#11,T3#10,T4#9,T5#8,T6#7,T7#6,T8#5,T9#4,T10#3,T11#2,T12#1>group(App<F,T1#12>,App<F,T2#11>,App<F,T3#10>,App<F,T4#9>,App<F,T5#8>,App<F,T6#7>,App<F,T7#6>,App<F,T8#5>,App<F,T9#4>,App<F,T10#3>,App<F,T11#2>,App<F,T12#1>)
    T4#9 extends Object declared in method <T1#12,T2#11,T3#10,T4#9,T5#8,T6#7,T7#6,T8#5,T9#4,T10#3,T11#2,T12#1>group(App<F,T1#12>,App<F,T2#11>,App<F,T3#10>,App<F,T4#9>,App<F,T5#8>,App<F,T6#7>,App<F,T7#6>,App<F,T8#5>,App<F,T9#4>,App<F,T10#3>,App<F,T11#2>,App<F,T12#1>)
    T5#8 extends Object declared in method <T1#12,T2#11,T3#10,T4#9,T5#8,T6#7,T7#6,T8#5,T9#4,T10#3,T11#2,T12#1>group(App<F,T1#12>,App<F,T2#11>,App<F,T3#10>,App<F,T4#9>,App<F,T5#8>,App<F,T6#7>,App<F,T7#6>,App<F,T8#5>,App<F,T9#4>,App<F,T10#3>,App<F,T11#2>,App<F,T12#1>)
    T6#7 extends Object declared in method <T1#12,T2#11,T3#10,T4#9,T5#8,T6#7,T7#6,T8#5,T9#4,T10#3,T11#2,T12#1>group(App<F,T1#12>,App<F,T2#11>,App<F,T3#10>,App<F,T4#9>,App<F,T5#8>,App<F,T6#7>,App<F,T7#6>,App<F,T8#5>,App<F,T9#4>,App<F,T10#3>,App<F,T11#2>,App<F,T12#1>)
    T7#6 extends Object declared in method <T1#12,T2#11,T3#10,T4#9,T5#8,T6#7,T7#6,T8#5,T9#4,T10#3,T11#2,T12#1>group(App<F,T1#12>,App<F,T2#11>,App<F,T3#10>,App<F,T4#9>,App<F,T5#8>,App<F,T6#7>,App<F,T7#6>,App<F,T8#5>,App<F,T9#4>,App<F,T10#3>,App<F,T11#2>,App<F,T12#1>)
    T8#5 extends Object declared in method <T1#12,T2#11,T3#10,T4#9,T5#8,T6#7,T7#6,T8#5,T9#4,T10#3,T11#2,T12#1>group(App<F,T1#12>,App<F,T2#11>,App<F,T3#10>,App<F,T4#9>,App<F,T5#8>,App<F,T6#7>,App<F,T7#6>,App<F,T8#5>,App<F,T9#4>,App<F,T10#3>,App<F,T11#2>,App<F,T12#1>)
    T9#4 extends Object declared in method <T1#12,T2#11,T3#10,T4#9,T5#8,T6#7,T7#6,T8#5,T9#4,T10#3,T11#2,T12#1>group(App<F,T1#12>,App<F,T2#11>,App<F,T3#10>,App<F,T4#9>,App<F,T5#8>,App<F,T6#7>,App<F,T7#6>,App<F,T8#5>,App<F,T9#4>,App<F,T10#3>,App<F,T11#2>,App<F,T12#1>)
    T10#3 extends Object declared in method <T1#12,T2#11,T3#10,T4#9,T5#8,T6#7,T7#6,T8#5,T9#4,T10#3,T11#2,T12#1>group(App<F,T1#12>,App<F,T2#11>,App<F,T3#10>,App<F,T4#9>,App<F,T5#8>,App<F,T6#7>,App<F,T7#6>,App<F,T8#5>,App<F,T9#4>,App<F,T10#3>,App<F,T11#2>,App<F,T12#1>)
    T11#2 extends Object declared in method <T1#12,T2#11,T3#10,T4#9,T5#8,T6#7,T7#6,T8#5,T9#4,T10#3,T11#2,T12#1>group(App<F,T1#12>,App<F,T2#11>,App<F,T3#10>,App<F,T4#9>,App<F,T5#8>,App<F,T6#7>,App<F,T7#6>,App<F,T8#5>,App<F,T9#4>,App<F,T10#3>,App<F,T11#2>,App<F,T12#1>)
    T12#1 extends Object declared in method <T1#12,T2#11,T3#10,T4#9,T5#8,T6#7,T7#6,T8#5,T9#4,T10#3,T11#2,T12#1>group(App<F,T1#12>,App<F,T2#11>,App<F,T3#10>,App<F,T4#9>,App<F,T5#8>,App<F,T6#7>,App<F,T7#6>,App<F,T8#5>,App<F,T9#4>,App<F,T10#3>,App<F,T11#2>,App<F,T12#1>)
    T1#13 extends Object declared in method <T1#13,T2#12,T3#11,T4#10,T5#9,T6#8,T7#7,T8#6,T9#5,T10#4,T11#3,T12#2,T13#1>group(App<F,T1#13>,App<F,T2#12>,App<F,T3#11>,App<F,T4#10>,App<F,T5#9>,App<F,T6#8>,App<F,T7#7>,App<F,T8#6>,App<F,T9#5>,App<F,T10#4>,App<F,T11#3>,App<F,T12#2>,App<F,T13#1>)
    T2#12 extends Object declared in method <T1#13,T2#12,T3#11,T4#10,T5#9,T6#8,T7#7,T8#6,T9#5,T10#4,T11#3,T12#2,T13#1>group(App<F,T1#13>,App<F,T2#12>,App<F,T3#11>,App<F,T4#10>,App<F,T5#9>,App<F,T6#8>,App<F,T7#7>,App<F,T8#6>,App<F,T9#5>,App<F,T10#4>,App<F,T11#3>,App<F,T12#2>,App<F,T13#1>)
    T3#11 extends Object declared in method <T1#13,T2#12,T3#11,T4#10,T5#9,T6#8,T7#7,T8#6,T9#5,T10#4,T11#3,T12#2,T13#1>group(App<F,T1#13>,App<F,T2#12>,App<F,T3#11>,App<F,T4#10>,App<F,T5#9>,App<F,T6#8>,App<F,T7#7>,App<F,T8#6>,App<F,T9#5>,App<F,T10#4>,App<F,T11#3>,App<F,T12#2>,App<F,T13#1>)
    T4#10 extends Object declared in method <T1#13,T2#12,T3#11,T4#10,T5#9,T6#8,T7#7,T8#6,T9#5,T10#4,T11#3,T12#2,T13#1>group(App<F,T1#13>,App<F,T2#12>,App<F,T3#11>,App<F,T4#10>,App<F,T5#9>,App<F,T6#8>,App<F,T7#7>,App<F,T8#6>,App<F,T9#5>,App<F,T10#4>,App<F,T11#3>,App<F,T12#2>,App<F,T13#1>)
    T5#9 extends Object declared in method <T1#13,T2#12,T3#11,T4#10,T5#9,T6#8,T7#7,T8#6,T9#5,T10#4,T11#3,T12#2,T13#1>group(App<F,T1#13>,App<F,T2#12>,App<F,T3#11>,App<F,T4#10>,App<F,T5#9>,App<F,T6#8>,App<F,T7#7>,App<F,T8#6>,App<F,T9#5>,App<F,T10#4>,App<F,T11#3>,App<F,T12#2>,App<F,T13#1>)
    T6#8 extends Object declared in method <T1#13,T2#12,T3#11,T4#10,T5#9,T6#8,T7#7,T8#6,T9#5,T10#4,T11#3,T12#2,T13#1>group(App<F,T1#13>,App<F,T2#12>,App<F,T3#11>,App<F,T4#10>,App<F,T5#9>,App<F,T6#8>,App<F,T7#7>,App<F,T8#6>,App<F,T9#5>,App<F,T10#4>,App<F,T11#3>,App<F,T12#2>,App<F,T13#1>)
    T7#7 extends Object declared in method <T1#13,T2#12,T3#11,T4#10,T5#9,T6#8,T7#7,T8#6,T9#5,T10#4,T11#3,T12#2,T13#1>group(App<F,T1#13>,App<F,T2#12>,App<F,T3#11>,App<F,T4#10>,App<F,T5#9>,App<F,T6#8>,App<F,T7#7>,App<F,T8#6>,App<F,T9#5>,App<F,T10#4>,App<F,T11#3>,App<F,T12#2>,App<F,T13#1>)
    T8#6 extends Object declared in method <T1#13,T2#12,T3#11,T4#10,T5#9,T6#8,T7#7,T8#6,T9#5,T10#4,T11#3,T12#2,T13#1>group(App<F,T1#13>,App<F,T2#12>,App<F,T3#11>,App<F,T4#10>,App<F,T5#9>,App<F,T6#8>,App<F,T7#7>,App<F,T8#6>,App<F,T9#5>,App<F,T10#4>,App<F,T11#3>,App<F,T12#2>,App<F,T13#1>)
    T9#5 extends Object declared in method <T1#13,T2#12,T3#11,T4#10,T5#9,T6#8,T7#7,T8#6,T9#5,T10#4,T11#3,T12#2,T13#1>group(App<F,T1#13>,App<F,T2#12>,App<F,T3#11>,App<F,T4#10>,App<F,T5#9>,App<F,T6#8>,App<F,T7#7>,App<F,T8#6>,App<F,T9#5>,App<F,T10#4>,App<F,T11#3>,App<F,T12#2>,App<F,T13#1>)
    T10#4 extends Object declared in method <T1#13,T2#12,T3#11,T4#10,T5#9,T6#8,T7#7,T8#6,T9#5,T10#4,T11#3,T12#2,T13#1>group(App<F,T1#13>,App<F,T2#12>,App<F,T3#11>,App<F,T4#10>,App<F,T5#9>,App<F,T6#8>,App<F,T7#7>,App<F,T8#6>,App<F,T9#5>,App<F,T10#4>,App<F,T11#3>,App<F,T12#2>,App<F,T13#1>)
    T11#3 extends Object declared in method <T1#13,T2#12,T3#11,T4#10,T5#9,T6#8,T7#7,T8#6,T9#5,T10#4,T11#3,T12#2,T13#1>group(App<F,T1#13>,App<F,T2#12>,App<F,T3#11>,App<F,T4#10>,App<F,T5#9>,App<F,T6#8>,App<F,T7#7>,App<F,T8#6>,App<F,T9#5>,App<F,T10#4>,App<F,T11#3>,App<F,T12#2>,App<F,T13#1>)
    T12#2 extends Object declared in method <T1#13,T2#12,T3#11,T4#10,T5#9,T6#8,T7#7,T8#6,T9#5,T10#4,T11#3,T12#2,T13#1>group(App<F,T1#13>,App<F,T2#12>,App<F,T3#11>,App<F,T4#10>,App<F,T5#9>,App<F,T6#8>,App<F,T7#7>,App<F,T8#6>,App<F,T9#5>,App<F,T10#4>,App<F,T11#3>,App<F,T12#2>,App<F,T13#1>)
    T13#1 extends Object declared in method <T1#13,T2#12,T3#11,T4#10,T5#9,T6#8,T7#7,T8#6,T9#5,T10#4,T11#3,T12#2,T13#1>group(App<F,T1#13>,App<F,T2#12>,App<F,T3#11>,App<F,T4#10>,App<F,T5#9>,App<F,T6#8>,App<F,T7#7>,App<F,T8#6>,App<F,T9#5>,App<F,T10#4>,App<F,T11#3>,App<F,T12#2>,App<F,T13#1>)
    T1#14 extends Object declared in method <T1#14,T2#13,T3#12,T4#11,T5#10,T6#9,T7#8,T8#7,T9#6,T10#5,T11#4,T12#3,T13#2,T14#1>group(App<F,T1#14>,App<F,T2#13>,App<F,T3#12>,App<F,T4#11>,App<F,T5#10>,App<F,T6#9>,App<F,T7#8>,App<F,T8#7>,App<F,T9#6>,App<F,T10#5>,App<F,T11#4>,App<F,T12#3>,App<F,T13#2>,App<F,T14#1>)
    T2#13 extends Object declared in method <T1#14,T2#13,T3#12,T4#11,T5#10,T6#9,T7#8,T8#7,T9#6,T10#5,T11#4,T12#3,T13#2,T14#1>group(App<F,T1#14>,App<F,T2#13>,App<F,T3#12>,App<F,T4#11>,App<F,T5#10>,App<F,T6#9>,App<F,T7#8>,App<F,T8#7>,App<F,T9#6>,App<F,T10#5>,App<F,T11#4>,App<F,T12#3>,App<F,T13#2>,App<F,T14#1>)
    T3#12 extends Object declared in method <T1#14,T2#13,T3#12,T4#11,T5#10,T6#9,T7#8,T8#7,T9#6,T10#5,T11#4,T12#3,T13#2,T14#1>group(App<F,T1#14>,App<F,T2#13>,App<F,T3#12>,App<F,T4#11>,App<F,T5#10>,App<F,T6#9>,App<F,T7#8>,App<F,T8#7>,App<F,T9#6>,App<F,T10#5>,App<F,T11#4>,App<F,T12#3>,App<F,T13#2>,App<F,T14#1>)
    T4#11 extends Object declared in method <T1#14,T2#13,T3#12,T4#11,T5#10,T6#9,T7#8,T8#7,T9#6,T10#5,T11#4,T12#3,T13#2,T14#1>group(App<F,T1#14>,App<F,T2#13>,App<F,T3#12>,App<F,T4#11>,App<F,T5#10>,App<F,T6#9>,App<F,T7#8>,App<F,T8#7>,App<F,T9#6>,App<F,T10#5>,App<F,T11#4>,App<F,T12#3>,App<F,T13#2>,App<F,T14#1>)
    T5#10 extends Object declared in method <T1#14,T2#13,T3#12,T4#11,T5#10,T6#9,T7#8,T8#7,T9#6,T10#5,T11#4,T12#3,T13#2,T14#1>group(App<F,T1#14>,App<F,T2#13>,App<F,T3#12>,App<F,T4#11>,App<F,T5#10>,App<F,T6#9>,App<F,T7#8>,App<F,T8#7>,App<F,T9#6>,App<F,T10#5>,App<F,T11#4>,App<F,T12#3>,App<F,T13#2>,App<F,T14#1>)
    T6#9 extends Object declared in method <T1#14,T2#13,T3#12,T4#11,T5#10,T6#9,T7#8,T8#7,T9#6,T10#5,T11#4,T12#3,T13#2,T14#1>group(App<F,T1#14>,App<F,T2#13>,App<F,T3#12>,App<F,T4#11>,App<F,T5#10>,App<F,T6#9>,App<F,T7#8>,App<F,T8#7>,App<F,T9#6>,App<F,T10#5>,App<F,T11#4>,App<F,T12#3>,App<F,T13#2>,App<F,T14#1>)
    T7#8 extends Object declared in method <T1#14,T2#13,T3#12,T4#11,T5#10,T6#9,T7#8,T8#7,T9#6,T10#5,T11#4,T12#3,T13#2,T14#1>group(App<F,T1#14>,App<F,T2#13>,App<F,T3#12>,App<F,T4#11>,App<F,T5#10>,App<F,T6#9>,App<F,T7#8>,App<F,T8#7>,App<F,T9#6>,App<F,T10#5>,App<F,T11#4>,App<F,T12#3>,App<F,T13#2>,App<F,T14#1>)
    T8#7 extends Object declared in method <T1#14,T2#13,T3#12,T4#11,T5#10,T6#9,T7#8,T8#7,T9#6,T10#5,T11#4,T12#3,T13#2,T14#1>group(App<F,T1#14>,App<F,T2#13>,App<F,T3#12>,App<F,T4#11>,App<F,T5#10>,App<F,T6#9>,App<F,T7#8>,App<F,T8#7>,App<F,T9#6>,App<F,T10#5>,App<F,T11#4>,App<F,T12#3>,App<F,T13#2>,App<F,T14#1>)
    T9#6 extends Object declared in method <T1#14,T2#13,T3#12,T4#11,T5#10,T6#9,T7#8,T8#7,T9#6,T10#5,T11#4,T12#3,T13#2,T14#1>group(App<F,T1#14>,App<F,T2#13>,App<F,T3#12>,App<F,T4#11>,App<F,T5#10>,App<F,T6#9>,App<F,T7#8>,App<F,T8#7>,App<F,T9#6>,App<F,T10#5>,App<F,T11#4>,App<F,T12#3>,App<F,T13#2>,App<F,T14#1>)
    T10#5 extends Object declared in method <T1#14,T2#13,T3#12,T4#11,T5#10,T6#9,T7#8,T8#7,T9#6,T10#5,T11#4,T12#3,T13#2,T14#1>group(App<F,T1#14>,App<F,T2#13>,App<F,T3#12>,App<F,T4#11>,App<F,T5#10>,App<F,T6#9>,App<F,T7#8>,App<F,T8#7>,App<F,T9#6>,App<F,T10#5>,App<F,T11#4>,App<F,T12#3>,App<F,T13#2>,App<F,T14#1>)
    T11#4 extends Object declared in method <T1#14,T2#13,T3#12,T4#11,T5#10,T6#9,T7#8,T8#7,T9#6,T10#5,T11#4,T12#3,T13#2,T14#1>group(App<F,T1#14>,App<F,T2#13>,App<F,T3#12>,App<F,T4#11>,App<F,T5#10>,App<F,T6#9>,App<F,T7#8>,App<F,T8#7>,App<F,T9#6>,App<F,T10#5>,App<F,T11#4>,App<F,T12#3>,App<F,T13#2>,App<F,T14#1>)
    T12#3 extends Object declared in method <T1#14,T2#13,T3#12,T4#11,T5#10,T6#9,T7#8,T8#7,T9#6,T10#5,T11#4,T12#3,T13#2,T14#1>group(App<F,T1#14>,App<F,T2#13>,App<F,T3#12>,App<F,T4#11>,App<F,T5#10>,App<F,T6#9>,App<F,T7#8>,App<F,T8#7>,App<F,T9#6>,App<F,T10#5>,App<F,T11#4>,App<F,T12#3>,App<F,T13#2>,App<F,T14#1>)
    T13#2 extends Object declared in method <T1#14,T2#13,T3#12,T4#11,T5#10,T6#9,T7#8,T8#7,T9#6,T10#5,T11#4,T12#3,T13#2,T14#1>group(App<F,T1#14>,App<F,T2#13>,App<F,T3#12>,App<F,T4#11>,App<F,T5#10>,App<F,T6#9>,App<F,T7#8>,App<F,T8#7>,App<F,T9#6>,App<F,T10#5>,App<F,T11#4>,App<F,T12#3>,App<F,T13#2>,App<F,T14#1>)
    T14#1 extends Object declared in method <T1#14,T2#13,T3#12,T4#11,T5#10,T6#9,T7#8,T8#7,T9#6,T10#5,T11#4,T12#3,T13#2,T14#1>group(App<F,T1#14>,App<F,T2#13>,App<F,T3#12>,App<F,T4#11>,App<F,T5#10>,App<F,T6#9>,App<F,T7#8>,App<F,T8#7>,App<F,T9#6>,App<F,T10#5>,App<F,T11#4>,App<F,T12#3>,App<F,T13#2>,App<F,T14#1>)
    T1#15 extends Object declared in method <T1#15,T2#14,T3#13,T4#12,T5#11,T6#10,T7#9,T8#8,T9#7,T10#6,T11#5,T12#4,T13#3,T14#2,T15#1>group(App<F,T1#15>,App<F,T2#14>,App<F,T3#13>,App<F,T4#12>,App<F,T5#11>,App<F,T6#10>,App<F,T7#9>,App<F,T8#8>,App<F,T9#7>,App<F,T10#6>,App<F,T11#5>,App<F,T12#4>,App<F,T13#3>,App<F,T14#2>,App<F,T15#1>)
    T2#14 extends Object declared in method <T1#15,T2#14,T3#13,T4#12,T5#11,T6#10,T7#9,T8#8,T9#7,T10#6,T11#5,T12#4,T13#3,T14#2,T15#1>group(App<F,T1#15>,App<F,T2#14>,App<F,T3#13>,App<F,T4#12>,App<F,T5#11>,App<F,T6#10>,App<F,T7#9>,App<F,T8#8>,App<F,T9#7>,App<F,T10#6>,App<F,T11#5>,App<F,T12#4>,App<F,T13#3>,App<F,T14#2>,App<F,T15#1>)
    T3#13 extends Object declared in method <T1#15,T2#14,T3#13,T4#12,T5#11,T6#10,T7#9,T8#8,T9#7,T10#6,T11#5,T12#4,T13#3,T14#2,T15#1>group(App<F,T1#15>,App<F,T2#14>,App<F,T3#13>,App<F,T4#12>,App<F,T5#11>,App<F,T6#10>,App<F,T7#9>,App<F,T8#8>,App<F,T9#7>,App<F,T10#6>,App<F,T11#5>,App<F,T12#4>,App<F,T13#3>,App<F,T14#2>,App<F,T15#1>)
    T4#12 extends Object declared in method <T1#15,T2#14,T3#13,T4#12,T5#11,T6#10,T7#9,T8#8,T9#7,T10#6,T11#5,T12#4,T13#3,T14#2,T15#1>group(App<F,T1#15>,App<F,T2#14>,App<F,T3#13>,App<F,T4#12>,App<F,T5#11>,App<F,T6#10>,App<F,T7#9>,App<F,T8#8>,App<F,T9#7>,App<F,T10#6>,App<F,T11#5>,App<F,T12#4>,App<F,T13#3>,App<F,T14#2>,App<F,T15#1>)
    T5#11 extends Object declared in method <T1#15,T2#14,T3#13,T4#12,T5#11,T6#10,T7#9,T8#8,T9#7,T10#6,T11#5,T12#4,T13#3,T14#2,T15#1>group(App<F,T1#15>,App<F,T2#14>,App<F,T3#13>,App<F,T4#12>,App<F,T5#11>,App<F,T6#10>,App<F,T7#9>,App<F,T8#8>,App<F,T9#7>,App<F,T10#6>,App<F,T11#5>,App<F,T12#4>,App<F,T13#3>,App<F,T14#2>,App<F,T15#1>)
    T6#10 extends Object declared in method <T1#15,T2#14,T3#13,T4#12,T5#11,T6#10,T7#9,T8#8,T9#7,T10#6,T11#5,T12#4,T13#3,T14#2,T15#1>group(App<F,T1#15>,App<F,T2#14>,App<F,T3#13>,App<F,T4#12>,App<F,T5#11>,App<F,T6#10>,App<F,T7#9>,App<F,T8#8>,App<F,T9#7>,App<F,T10#6>,App<F,T11#5>,App<F,T12#4>,App<F,T13#3>,App<F,T14#2>,App<F,T15#1>)
    T7#9 extends Object declared in method <T1#15,T2#14,T3#13,T4#12,T5#11,T6#10,T7#9,T8#8,T9#7,T10#6,T11#5,T12#4,T13#3,T14#2,T15#1>group(App<F,T1#15>,App<F,T2#14>,App<F,T3#13>,App<F,T4#12>,App<F,T5#11>,App<F,T6#10>,App<F,T7#9>,App<F,T8#8>,App<F,T9#7>,App<F,T10#6>,App<F,T11#5>,App<F,T12#4>,App<F,T13#3>,App<F,T14#2>,App<F,T15#1>)
    T8#8 extends Object declared in method <T1#15,T2#14,T3#13,T4#12,T5#11,T6#10,T7#9,T8#8,T9#7,T10#6,T11#5,T12#4,T13#3,T14#2,T15#1>group(App<F,T1#15>,App<F,T2#14>,App<F,T3#13>,App<F,T4#12>,App<F,T5#11>,App<F,T6#10>,App<F,T7#9>,App<F,T8#8>,App<F,T9#7>,App<F,T10#6>,App<F,T11#5>,App<F,T12#4>,App<F,T13#3>,App<F,T14#2>,App<F,T15#1>)
    T9#7 extends Object declared in method <T1#15,T2#14,T3#13,T4#12,T5#11,T6#10,T7#9,T8#8,T9#7,T10#6,T11#5,T12#4,T13#3,T14#2,T15#1>group(App<F,T1#15>,App<F,T2#14>,App<F,T3#13>,App<F,T4#12>,App<F,T5#11>,App<F,T6#10>,App<F,T7#9>,App<F,T8#8>,App<F,T9#7>,App<F,T10#6>,App<F,T11#5>,App<F,T12#4>,App<F,T13#3>,App<F,T14#2>,App<F,T15#1>)
    T10#6 extends Object declared in method <T1#15,T2#14,T3#13,T4#12,T5#11,T6#10,T7#9,T8#8,T9#7,T10#6,T11#5,T12#4,T13#3,T14#2,T15#1>group(App<F,T1#15>,App<F,T2#14>,App<F,T3#13>,App<F,T4#12>,App<F,T5#11>,App<F,T6#10>,App<F,T7#9>,App<F,T8#8>,App<F,T9#7>,App<F,T10#6>,App<F,T11#5>,App<F,T12#4>,App<F,T13#3>,App<F,T14#2>,App<F,T15#1>)
    T11#5 extends Object declared in method <T1#15,T2#14,T3#13,T4#12,T5#11,T6#10,T7#9,T8#8,T9#7,T10#6,T11#5,T12#4,T13#3,T14#2,T15#1>group(App<F,T1#15>,App<F,T2#14>,App<F,T3#13>,App<F,T4#12>,App<F,T5#11>,App<F,T6#10>,App<F,T7#9>,App<F,T8#8>,App<F,T9#7>,App<F,T10#6>,App<F,T11#5>,App<F,T12#4>,App<F,T13#3>,App<F,T14#2>,App<F,T15#1>)
    T12#4 extends Object declared in method <T1#15,T2#14,T3#13,T4#12,T5#11,T6#10,T7#9,T8#8,T9#7,T10#6,T11#5,T12#4,T13#3,T14#2,T15#1>group(App<F,T1#15>,App<F,T2#14>,App<F,T3#13>,App<F,T4#12>,App<F,T5#11>,App<F,T6#10>,App<F,T7#9>,App<F,T8#8>,App<F,T9#7>,App<F,T10#6>,App<F,T11#5>,App<F,T12#4>,App<F,T13#3>,App<F,T14#2>,App<F,T15#1>)
    T13#3 extends Object declared in method <T1#15,T2#14,T3#13,T4#12,T5#11,T6#10,T7#9,T8#8,T9#7,T10#6,T11#5,T12#4,T13#3,T14#2,T15#1>group(App<F,T1#15>,App<F,T2#14>,App<F,T3#13>,App<F,T4#12>,App<F,T5#11>,App<F,T6#10>,App<F,T7#9>,App<F,T8#8>,App<F,T9#7>,App<F,T10#6>,App<F,T11#5>,App<F,T12#4>,App<F,T13#3>,App<F,T14#2>,App<F,T15#1>)
    T14#2 extends Object declared in method <T1#15,T2#14,T3#13,T4#12,T5#11,T6#10,T7#9,T8#8,T9#7,T10#6,T11#5,T12#4,T13#3,T14#2,T15#1>group(App<F,T1#15>,App<F,T2#14>,App<F,T3#13>,App<F,T4#12>,App<F,T5#11>,App<F,T6#10>,App<F,T7#9>,App<F,T8#8>,App<F,T9#7>,App<F,T10#6>,App<F,T11#5>,App<F,T12#4>,App<F,T13#3>,App<F,T14#2>,App<F,T15#1>)
    T15#1 extends Object declared in method <T1#15,T2#14,T3#13,T4#12,T5#11,T6#10,T7#9,T8#8,T9#7,T10#6,T11#5,T12#4,T13#3,T14#2,T15#1>group(App<F,T1#15>,App<F,T2#14>,App<F,T3#13>,App<F,T4#12>,App<F,T5#11>,App<F,T6#10>,App<F,T7#9>,App<F,T8#8>,App<F,T9#7>,App<F,T10#6>,App<F,T11#5>,App<F,T12#4>,App<F,T13#3>,App<F,T14#2>,App<F,T15#1>)
    T1#16 extends Object declared in method <T1#16,T2#15,T3#14,T4#13,T5#12,T6#11,T7#10,T8#9,T9#8,T10#7,T11#6,T12#5,T13#4,T14#3,T15#2,T16>group(App<F,T1#16>,App<F,T2#15>,App<F,T3#14>,App<F,T4#13>,App<F,T5#12>,App<F,T6#11>,App<F,T7#10>,App<F,T8#9>,App<F,T9#8>,App<F,T10#7>,App<F,T11#6>,App<F,T12#5>,App<F,T13#4>,App<F,T14#3>,App<F,T15#2>,App<F,T16>)
    T2#15 extends Object declared in method <T1#16,T2#15,T3#14,T4#13,T5#12,T6#11,T7#10,T8#9,T9#8,T10#7,T11#6,T12#5,T13#4,T14#3,T15#2,T16>group(App<F,T1#16>,App<F,T2#15>,App<F,T3#14>,App<F,T4#13>,App<F,T5#12>,App<F,T6#11>,App<F,T7#10>,App<F,T8#9>,App<F,T9#8>,App<F,T10#7>,App<F,T11#6>,App<F,T12#5>,App<F,T13#4>,App<F,T14#3>,App<F,T15#2>,App<F,T16>)
    T3#14 extends Object declared in method <T1#16,T2#15,T3#14,T4#13,T5#12,T6#11,T7#10,T8#9,T9#8,T10#7,T11#6,T12#5,T13#4,T14#3,T15#2,T16>group(App<F,T1#16>,App<F,T2#15>,App<F,T3#14>,App<F,T4#13>,App<F,T5#12>,App<F,T6#11>,App<F,T7#10>,App<F,T8#9>,App<F,T9#8>,App<F,T10#7>,App<F,T11#6>,App<F,T12#5>,App<F,T13#4>,App<F,T14#3>,App<F,T15#2>,App<F,T16>)
    T4#13 extends Object declared in method <T1#16,T2#15,T3#14,T4#13,T5#12,T6#11,T7#10,T8#9,T9#8,T10#7,T11#6,T12#5,T13#4,T14#3,T15#2,T16>group(App<F,T1#16>,App<F,T2#15>,App<F,T3#14>,App<F,T4#13>,App<F,T5#12>,App<F,T6#11>,App<F,T7#10>,App<F,T8#9>,App<F,T9#8>,App<F,T10#7>,App<F,T11#6>,App<F,T12#5>,App<F,T13#4>,App<F,T14#3>,App<F,T15#2>,App<F,T16>)
    T5#12 extends Object declared in method <T1#16,T2#15,T3#14,T4#13,T5#12,T6#11,T7#10,T8#9,T9#8,T10#7,T11#6,T12#5,T13#4,T14#3,T15#2,T16>group(App<F,T1#16>,App<F,T2#15>,App<F,T3#14>,App<F,T4#13>,App<F,T5#12>,App<F,T6#11>,App<F,T7#10>,App<F,T8#9>,App<F,T9#8>,App<F,T10#7>,App<F,T11#6>,App<F,T12#5>,App<F,T13#4>,App<F,T14#3>,App<F,T15#2>,App<F,T16>)
    T6#11 extends Object declared in method <T1#16,T2#15,T3#14,T4#13,T5#12,T6#11,T7#10,T8#9,T9#8,T10#7,T11#6,T12#5,T13#4,T14#3,T15#2,T16>group(App<F,T1#16>,App<F,T2#15>,App<F,T3#14>,App<F,T4#13>,App<F,T5#12>,App<F,T6#11>,App<F,T7#10>,App<F,T8#9>,App<F,T9#8>,App<F,T10#7>,App<F,T11#6>,App<F,T12#5>,App<F,T13#4>,App<F,T14#3>,App<F,T15#2>,App<F,T16>)
    T7#10 extends Object declared in method <T1#16,T2#15,T3#14,T4#13,T5#12,T6#11,T7#10,T8#9,T9#8,T10#7,T11#6,T12#5,T13#4,T14#3,T15#2,T16>group(App<F,T1#16>,App<F,T2#15>,App<F,T3#14>,App<F,T4#13>,App<F,T5#12>,App<F,T6#11>,App<F,T7#10>,App<F,T8#9>,App<F,T9#8>,App<F,T10#7>,App<F,T11#6>,App<F,T12#5>,App<F,T13#4>,App<F,T14#3>,App<F,T15#2>,App<F,T16>)
    T8#9 extends Object declared in method <T1#16,T2#15,T3#14,T4#13,T5#12,T6#11,T7#10,T8#9,T9#8,T10#7,T11#6,T12#5,T13#4,T14#3,T15#2,T16>group(App<F,T1#16>,App<F,T2#15>,App<F,T3#14>,App<F,T4#13>,App<F,T5#12>,App<F,T6#11>,App<F,T7#10>,App<F,T8#9>,App<F,T9#8>,App<F,T10#7>,App<F,T11#6>,App<F,T12#5>,App<F,T13#4>,App<F,T14#3>,App<F,T15#2>,App<F,T16>)
    T9#8 extends Object declared in method <T1#16,T2#15,T3#14,T4#13,T5#12,T6#11,T7#10,T8#9,T9#8,T10#7,T11#6,T12#5,T13#4,T14#3,T15#2,T16>group(App<F,T1#16>,App<F,T2#15>,App<F,T3#14>,App<F,T4#13>,App<F,T5#12>,App<F,T6#11>,App<F,T7#10>,App<F,T8#9>,App<F,T9#8>,App<F,T10#7>,App<F,T11#6>,App<F,T12#5>,App<F,T13#4>,App<F,T14#3>,App<F,T15#2>,App<F,T16>)
    T10#7 extends Object declared in method <T1#16,T2#15,T3#14,T4#13,T5#12,T6#11,T7#10,T8#9,T9#8,T10#7,T11#6,T12#5,T13#4,T14#3,T15#2,T16>group(App<F,T1#16>,App<F,T2#15>,App<F,T3#14>,App<F,T4#13>,App<F,T5#12>,App<F,T6#11>,App<F,T7#10>,App<F,T8#9>,App<F,T9#8>,App<F,T10#7>,App<F,T11#6>,App<F,T12#5>,App<F,T13#4>,App<F,T14#3>,App<F,T15#2>,App<F,T16>)
    T11#6 extends Object declared in method <T1#16,T2#15,T3#14,T4#13,T5#12,T6#11,T7#10,T8#9,T9#8,T10#7,T11#6,T12#5,T13#4,T14#3,T15#2,T16>group(App<F,T1#16>,App<F,T2#15>,App<F,T3#14>,App<F,T4#13>,App<F,T5#12>,App<F,T6#11>,App<F,T7#10>,App<F,T8#9>,App<F,T9#8>,App<F,T10#7>,App<F,T11#6>,App<F,T12#5>,App<F,T13#4>,App<F,T14#3>,App<F,T15#2>,App<F,T16>)
    T12#5 extends Object declared in method <T1#16,T2#15,T3#14,T4#13,T5#12,T6#11,T7#10,T8#9,T9#8,T10#7,T11#6,T12#5,T13#4,T14#3,T15#2,T16>group(App<F,T1#16>,App<F,T2#15>,App<F,T3#14>,App<F,T4#13>,App<F,T5#12>,App<F,T6#11>,App<F,T7#10>,App<F,T8#9>,App<F,T9#8>,App<F,T10#7>,App<F,T11#6>,App<F,T12#5>,App<F,T13#4>,App<F,T14#3>,App<F,T15#2>,App<F,T16>)
    T13#4 extends Object declared in method <T1#16,T2#15,T3#14,T4#13,T5#12,T6#11,T7#10,T8#9,T9#8,T10#7,T11#6,T12#5,T13#4,T14#3,T15#2,T16>group(App<F,T1#16>,App<F,T2#15>,App<F,T3#14>,App<F,T4#13>,App<F,T5#12>,App<F,T6#11>,App<F,T7#10>,App<F,T8#9>,App<F,T9#8>,App<F,T10#7>,App<F,T11#6>,App<F,T12#5>,App<F,T13#4>,App<F,T14#3>,App<F,T15#2>,App<F,T16>)
    T14#3 extends Object declared in method <T1#16,T2#15,T3#14,T4#13,T5#12,T6#11,T7#10,T8#9,T9#8,T10#7,T11#6,T12#5,T13#4,T14#3,T15#2,T16>group(App<F,T1#16>,App<F,T2#15>,App<F,T3#14>,App<F,T4#13>,App<F,T5#12>,App<F,T6#11>,App<F,T7#10>,App<F,T8#9>,App<F,T9#8>,App<F,T10#7>,App<F,T11#6>,App<F,T12#5>,App<F,T13#4>,App<F,T14#3>,App<F,T15#2>,App<F,T16>)
    T15#2 extends Object declared in method <T1#16,T2#15,T3#14,T4#13,T5#12,T6#11,T7#10,T8#9,T9#8,T10#7,T11#6,T12#5,T13#4,T14#3,T15#2,T16>group(App<F,T1#16>,App<F,T2#15>,App<F,T3#14>,App<F,T4#13>,App<F,T5#12>,App<F,T6#11>,App<F,T7#10>,App<F,T8#9>,App<F,T9#8>,App<F,T10#7>,App<F,T11#6>,App<F,T12#5>,App<F,T13#4>,App<F,T14#3>,App<F,T15#2>,App<F,T16>)
    T16 extends Object declared in method <T1#16,T2#15,T3#14,T4#13,T5#12,T6#11,T7#10,T8#9,T9#8,T10#7,T11#6,T12#5,T13#4,T14#3,T15#2,T16>group(App<F,T1#16>,App<F,T2#15>,App<F,T3#14>,App<F,T4#13>,App<F,T5#12>,App<F,T6#11>,App<F,T7#10>,App<F,T8#9>,App<F,T9#8>,App<F,T10#7>,App<F,T11#6>,App<F,T12#5>,App<F,T13#4>,App<F,T14#3>,App<F,T15#2>,App<F,T16>)
/home/runner/work/mcJava/mcJava/android/app/src/main/java/net/minecraft/world/level/levelgen/synth/NormalNoise.java:367: error: incompatible types: invalid method reference
         .validate(NormalNoise.Parameters::validate);
                   ^
    incompatible types: Object cannot be converted to Parameters
/home/runner/work/mcJava/mcJava/android/app/src/main/java/net/minecraft/world/level/levelgen/NoiseSettings.java:12: error: no suitable method found for group(RecordCodecBuilder<NoiseSettings,Integer>,RecordCodecBuilder<NoiseSettings,Integer>)
         i -> i.group(
               ^
    method Kind1.<T1#1>group(App<Mu<Object>,T1#1>) is not applicable
      (cannot infer type-variable(s) T1#1
        (actual and formal argument lists differ in length))
    method Kind1.<T1#2,T2#1>group(App<Mu<Object>,T1#2>,App<Mu<Object>,T2#1>) is not applicable
      (inference variable O has incompatible equality constraints NoiseSettings,Object)
    method Kind1.<T1#3,T2#2,T3#1>group(App<Mu<Object>,T1#3>,App<Mu<Object>,T2#2>,App<Mu<Object>,T3#1>) is not applicable
      (cannot infer type-variable(s) T1#3,T2#2,T3#1
        (actual and formal argument lists differ in length))
    method Kind1.<T1#4,T2#3,T3#2,T4#1>group(App<Mu<Object>,T1#4>,App<Mu<Object>,T2#3>,App<Mu<Object>,T3#2>,App<Mu<Object>,T4#1>) is not applicable
      (cannot infer type-variable(s) T1#4,T2#3,T3#2,T4#1
        (actual and formal argument lists differ in length))
    method Kind1.<T1#5,T2#4,T3#3,T4#2,T5#1>group(App<Mu<Object>,T1#5>,App<Mu<Object>,T2#4>,App<Mu<Object>,T3#3>,App<Mu<Object>,T4#2>,App<Mu<Object>,T5#1>) is not applicable
      (cannot infer type-variable(s) T1#5,T2#4,T3#3,T4#2,T5#1
        (actual and formal argument lists differ in length))
    method Kind1.<T1#6,T2#5,T3#4,T4#3,T5#2,T6#1>group(App<Mu<Object>,T1#6>,App<Mu<Object>,T2#5>,App<Mu<Object>,T3#4>,App<Mu<Object>,T4#3>,App<Mu<Object>,T5#2>,App<Mu<Object>,T6#1>) is not applicable
      (cannot infer type-variable(s) T1#6,T2#5,T3#4,T4#3,T5#2,T6#1
        (actual and formal argument lists differ in length))
    method Kind1.<T1#7,T2#6,T3#5,T4#4,T5#3,T6#2,T7#1>group(App<Mu<Object>,T1#7>,App<Mu<Object>,T2#6>,App<Mu<Object>,T3#5>,App<Mu<Object>,T4#4>,App<Mu<Object>,T5#3>,App<Mu<Object>,T6#2>,App<Mu<Object>,T7#1>) is not applicable
      (cannot infer type-variable(s) T1#7,T2#6,T3#5,T4#4,T5#3,T6#2,T7#1
        (actual and formal argument lists differ in length))
    method Kind1.<T1#8,T2#7,T3#6,T4#5,T5#4,T6#3,T7#2,T8#1>group(App<Mu<Object>,T1#8>,App<Mu<Object>,T2#7>,App<Mu<Object>,T3#6>,App<Mu<Object>,T4#5>,App<Mu<Object>,T5#4>,App<Mu<Object>,T6#3>,App<Mu<Object>,T7#2>,App<Mu<Object>,T8#1>) is not applicable
      (cannot infer type-variable(s) T1#8,T2#7,T3#6,T4#5,T5#4,T6#3,T7#2,T8#1
        (actual and formal argument lists differ in length))
    method Kind1.<T1#9,T2#8,T3#7,T4#6,T5#5,T6#4,T7#3,T8#2,T9#1>group(App<Mu<Object>,T1#9>,App<Mu<Object>,T2#8>,App<Mu<Object>,T3#7>,App<Mu<Object>,T4#6>,App<Mu<Object>,T5#5>,App<Mu<Object>,T6#4>,App<Mu<Object>,T7#3>,App<Mu<Object>,T8#2>,App<Mu<Object>,T9#1>) is not applicable
      (cannot infer type-variable(s) T1#9,T2#8,T3#7,T4#6,T5#5,T6#4,T7#3,T8#2,T9#1
        (actual and formal argument lists differ in length))
    method Kind1.<T1#10,T2#9,T3#8,T4#7,T5#6,T6#5,T7#4,T8#3,T9#2,T10#1>group(App<Mu<Object>,T1#10>,App<Mu<Object>,T2#9>,App<Mu<Object>,T3#8>,App<Mu<Object>,T4#7>,App<Mu<Object>,T5#6>,App<Mu<Object>,T6#5>,App<Mu<Object>,T7#4>,App<Mu<Object>,T8#3>,App<Mu<Object>,T9#2>,App<Mu<Object>,T10#1>) is not applicable
      (cannot infer type-variable(s) T1#10,T2#9,T3#8,T4#7,T5#6,T6#5,T7#4,T8#3,T9#2,T10#1
        (actual and formal argument lists differ in length))
    method Kind1.<T1#11,T2#10,T3#9,T4#8,T5#7,T6#6,T7#5,T8#4,T9#3,T10#2,T11#1>group(App<Mu<Object>,T1#11>,App<Mu<Object>,T2#10>,App<Mu<Object>,T3#9>,App<Mu<Object>,T4#8>,App<Mu<Object>,T5#7>,App<Mu<Object>,T6#6>,App<Mu<Object>,T7#5>,App<Mu<Object>,T8#4>,App<Mu<Object>,T9#3>,App<Mu<Object>,T10#2>,App<Mu<Object>,T11#1>) is not applicable
      (cannot infer type-variable(s) T1#11,T2#10,T3#9,T4#8,T5#7,T6#6,T7#5,T8#4,T9#3,T10#2,T11#1
        (actual and formal argument lists differ in length))
    method Kind1.<T1#12,T2#11,T3#10,T4#9,T5#8,T6#7,T7#6,T8#5,T9#4,T10#3,T11#2,T12#1>group(App<Mu<Object>,T1#12>,App<Mu<Object>,T2#11>,App<Mu<Object>,T3#10>,App<Mu<Object>,T4#9>,App<Mu<Object>,T5#8>,App<Mu<Object>,T6#7>,App<Mu<Object>,T7#6>,App<Mu<Object>,T8#5>,App<Mu<Object>,T9#4>,App<Mu<Object>,T10#3>,App<Mu<Object>,T11#2>,App<Mu<Object>,T12#1>) is not applicable
      (cannot infer type-variable(s) T1#12,T2#11,T3#10,T4#9,T5#8,T6#7,T7#6,T8#5,T9#4,T10#3,T11#2,T12#1
        (actual and formal argument lists differ in length))
    method Kind1.<T1#13,T2#12,T3#11,T4#10,T5#9,T6#8,T7#7,T8#6,T9#5,T10#4,T11#3,T12#2,T13#1>group(App<Mu<Object>,T1#13>,App<Mu<Object>,T2#12>,App<Mu<Object>,T3#11>,App<Mu<Object>,T4#10>,App<Mu<Object>,T5#9>,App<Mu<Object>,T6#8>,App<Mu<Object>,T7#7>,App<Mu<Object>,T8#6>,App<Mu<Object>,T9#5>,App<Mu<Object>,T10#4>,App<Mu<Object>,T11#3>,App<Mu<Object>,T12#2>,App<Mu<Object>,T13#1>) is not applicable
      (cannot infer type-variable(s) T1#13,T2#12,T3#11,T4#10,T5#9,T6#8,T7#7,T8#6,T9#5,T10#4,T11#3,T12#2,T13#1
        (actual and formal argument lists differ in length))
    method Kind1.<T1#14,T2#13,T3#12,T4#11,T5#10,T6#9,T7#8,T8#7,T9#6,T10#5,T11#4,T12#3,T13#2,T14#1>group(App<Mu<Object>,T1#14>,App<Mu<Object>,T2#13>,App<Mu<Object>,T3#12>,App<Mu<Object>,T4#11>,App<Mu<Object>,T5#10>,App<Mu<Object>,T6#9>,App<Mu<Object>,T7#8>,App<Mu<Object>,T8#7>,App<Mu<Object>,T9#6>,App<Mu<Object>,T10#5>,App<Mu<Object>,T11#4>,App<Mu<Object>,T12#3>,App<Mu<Object>,T13#2>,App<Mu<Object>,T14#1>) is not applicable
      (cannot infer type-variable(s) T1#14,T2#13,T3#12,T4#11,T5#10,T6#9,T7#8,T8#7,T9#6,T10#5,T11#4,T12#3,T13#2,T14#1
        (actual and formal argument lists differ in length))
    method Kind1.<T1#15,T2#14,T3#13,T4#12,T5#11,T6#10,T7#9,T8#8,T9#7,T10#6,T11#5,T12#4,T13#3,T14#2,T15#1>group(App<Mu<Object>,T1#15>,App<Mu<Object>,T2#14>,App<Mu<Object>,T3#13>,App<Mu<Object>,T4#12>,App<Mu<Object>,T5#11>,App<Mu<Object>,T6#10>,App<Mu<Object>,T7#9>,App<Mu<Object>,T8#8>,App<Mu<Object>,T9#7>,App<Mu<Object>,T10#6>,App<Mu<Object>,T11#5>,App<Mu<Object>,T12#4>,App<Mu<Object>,T13#3>,App<Mu<Object>,T14#2>,App<Mu<Object>,T15#1>) is not applicable
      (cannot infer type-variable(s) T1#15,T2#14,T3#13,T4#12,T5#11,T6#10,T7#9,T8#8,T9#7,T10#6,T11#5,T12#4,T13#3,T14#2,T15#1
        (actual and formal argument lists differ in length))
    method Kind1.<T1#16,T2#15,T3#14,T4#13,T5#12,T6#11,T7#10,T8#9,T9#8,T10#7,T11#6,T12#5,T13#4,T14#3,T15#2,T16>group(App<Mu<Object>,T1#16>,App<Mu<Object>,T2#15>,App<Mu<Object>,T3#14>,App<Mu<Object>,T4#13>,App<Mu<Object>,T5#12>,App<Mu<Object>,T6#11>,App<Mu<Object>,T7#10>,App<Mu<Object>,T8#9>,App<Mu<Object>,T9#8>,App<Mu<Object>,T10#7>,App<Mu<Object>,T11#6>,App<Mu<Object>,T12#5>,App<Mu<Object>,T13#4>,App<Mu<Object>,T14#3>,App<Mu<Object>,T15#2>,App<Mu<Object>,T16>) is not applicable
      (cannot infer type-variable(s) T1#16,T2#15,T3#14,T4#13,T5#12,T6#11,T7#10,T8#9,T9#8,T10#7,T11#6,T12#5,T13#4,T14#3,T15#2,T16
        (actual and formal argument lists differ in length))
  where T1#1,F,T1#2,T2#1,O,A,T1#3,T2#2,T3#1,T1#4,T2#3,T3#2,T4#1,T1#5,T2#4,T3#3,T4#2,T5#1,T1#6,T2#5,T3#4,T4#3,T5#2,T6#1,T1#7,T2#6,T3#5,T4#4,T5#3,T6#2,T7#1,T1#8,T2#7,T3#6,T4#5,T5#4,T6#3,T7#2,T8#1,T1#9,T2#8,T3#7,T4#6,T5#5,T6#4,T7#3,T8#2,T9#1,T1#10,T2#9,T3#8,T4#7,T5#6,T6#5,T7#4,T8#3,T9#2,T10#1,T1#11,T2#10,T3#9,T4#8,T5#7,T6#6,T7#5,T8#4,T9#3,T10#2,T11#1,T1#12,T2#11,T3#10,T4#9,T5#8,T6#7,T7#6,T8#5,T9#4,T10#3,T11#2,T12#1,T1#13,T2#12,T3#11,T4#10,T5#9,T6#8,T7#7,T8#6,T9#5,T10#4,T11#3,T12#2,T13#1,T1#14,T2#13,T3#12,T4#11,T5#10,T6#9,T7#8,T8#7,T9#6,T10#5,T11#4,T12#3,T13#2,T14#1,T1#15,T2#14,T3#13,T4#12,T5#11,T6#10,T7#9,T8#8,T9#7,T10#6,T11#5,T12#4,T13#3,T14#2,T15#1,T1#16,T2#15,T3#14,T4#13,T5#12,T6#11,T7#10,T8#9,T9#8,T10#7,T11#6,T12#5,T13#4,T14#3,T15#2,T16 are type-variables:
    T1#1 extends Object declared in method <T1#1>group(App<F,T1#1>)
    F extends K1 declared in interface Kind1
    T1#2 extends Object declared in method <T1#2,T2#1>group(App<F,T1#2>,App<F,T2#1>)
    T2#1 extends Object declared in method <T1#2,T2#1>group(App<F,T1#2>,App<F,T2#1>)
    O extends Object declared in method <O>forGetter(Function<O,A>)
    A extends Object declared in class MapCodec
    T1#3 extends Object declared in method <T1#3,T2#2,T3#1>group(App<F,T1#3>,App<F,T2#2>,App<F,T3#1>)
    T2#2 extends Object declared in method <T1#3,T2#2,T3#1>group(App<F,T1#3>,App<F,T2#2>,App<F,T3#1>)
    T3#1 extends Object declared in method <T1#3,T2#2,T3#1>group(App<F,T1#3>,App<F,T2#2>,App<F,T3#1>)
    T1#4 extends Object declared in method <T1#4,T2#3,T3#2,T4#1>group(App<F,T1#4>,App<F,T2#3>,App<F,T3#2>,App<F,T4#1>)
    T2#3 extends Object declared in method <T1#4,T2#3,T3#2,T4#1>group(App<F,T1#4>,App<F,T2#3>,App<F,T3#2>,App<F,T4#1>)
    T3#2 extends Object declared in method <T1#4,T2#3,T3#2,T4#1>group(App<F,T1#4>,App<F,T2#3>,App<F,T3#2>,App<F,T4#1>)
    T4#1 extends Object declared in method <T1#4,T2#3,T3#2,T4#1>group(App<F,T1#4>,App<F,T2#3>,App<F,T3#2>,App<F,T4#1>)
    T1#5 extends Object declared in method <T1#5,T2#4,T3#3,T4#2,T5#1>group(App<F,T1#5>,App<F,T2#4>,App<F,T3#3>,App<F,T4#2>,App<F,T5#1>)
    T2#4 extends Object declared in method <T1#5,T2#4,T3#3,T4#2,T5#1>group(App<F,T1#5>,App<F,T2#4>,App<F,T3#3>,App<F,T4#2>,App<F,T5#1>)
    T3#3 extends Object declared in method <T1#5,T2#4,T3#3,T4#2,T5#1>group(App<F,T1#5>,App<F,T2#4>,App<F,T3#3>,App<F,T4#2>,App<F,T5#1>)
    T4#2 extends Object declared in method <T1#5,T2#4,T3#3,T4#2,T5#1>group(App<F,T1#5>,App<F,T2#4>,App<F,T3#3>,App<F,T4#2>,App<F,T5#1>)
    T5#1 extends Object declared in method <T1#5,T2#4,T3#3,T4#2,T5#1>group(App<F,T1#5>,App<F,T2#4>,App<F,T3#3>,App<F,T4#2>,App<F,T5#1>)
    T1#6 extends Object declared in method <T1#6,T2#5,T3#4,T4#3,T5#2,T6#1>group(App<F,T1#6>,App<F,T2#5>,App<F,T3#4>,App<F,T4#3>,App<F,T5#2>,App<F,T6#1>)
    T2#5 extends Object declared in method <T1#6,T2#5,T3#4,T4#3,T5#2,T6#1>group(App<F,T1#6>,App<F,T2#5>,App<F,T3#4>,App<F,T4#3>,App<F,T5#2>,App<F,T6#1>)
    T3#4 extends Object declared in method <T1#6,T2#5,T3#4,T4#3,T5#2,T6#1>group(App<F,T1#6>,App<F,T2#5>,App<F,T3#4>,App<F,T4#3>,App<F,T5#2>,App<F,T6#1>)
    T4#3 extends Object declared in method <T1#6,T2#5,T3#4,T4#3,T5#2,T6#1>group(App<F,T1#6>,App<F,T2#5>,App<F,T3#4>,App<F,T4#3>,App<F,T5#2>,App<F,T6#1>)
    T5#2 extends Object declared in method <T1#6,T2#5,T3#4,T4#3,T5#2,T6#1>group(App<F,T1#6>,App<F,T2#5>,App<F,T3#4>,App<F,T4#3>,App<F,T5#2>,App<F,T6#1>)
    T6#1 extends Object declared in method <T1#6,T2#5,T3#4,T4#3,T5#2,T6#1>group(App<F,T1#6>,App<F,T2#5>,App<F,T3#4>,App<F,T4#3>,App<F,T5#2>,App<F,T6#1>)
    T1#7 extends Object declared in method <T1#7,T2#6,T3#5,T4#4,T5#3,T6#2,T7#1>group(App<F,T1#7>,App<F,T2#6>,App<F,T3#5>,App<F,T4#4>,App<F,T5#3>,App<F,T6#2>,App<F,T7#1>)
    T2#6 extends Object declared in method <T1#7,T2#6,T3#5,T4#4,T5#3,T6#2,T7#1>group(App<F,T1#7>,App<F,T2#6>,App<F,T3#5>,App<F,T4#4>,App<F,T5#3>,App<F,T6#2>,App<F,T7#1>)
    T3#5 extends Object declared in method <T1#7,T2#6,T3#5,T4#4,T5#3,T6#2,T7#1>group(App<F,T1#7>,App<F,T2#6>,App<F,T3#5>,App<F,T4#4>,App<F,T5#3>,App<F,T6#2>,App<F,T7#1>)
    T4#4 extends Object declared in method <T1#7,T2#6,T3#5,T4#4,T5#3,T6#2,T7#1>group(App<F,T1#7>,App<F,T2#6>,App<F,T3#5>,App<F,T4#4>,App<F,T5#3>,App<F,T6#2>,App<F,T7#1>)
    T5#3 extends Object declared in method <T1#7,T2#6,T3#5,T4#4,T5#3,T6#2,T7#1>group(App<F,T1#7>,App<F,T2#6>,App<F,T3#5>,App<F,T4#4>,App<F,T5#3>,App<F,T6#2>,App<F,T7#1>)
    T6#2 extends Object declared in method <T1#7,T2#6,T3#5,T4#4,T5#3,T6#2,T7#1>group(App<F,T1#7>,App<F,T2#6>,App<F,T3#5>,App<F,T4#4>,App<F,T5#3>,App<F,T6#2>,App<F,T7#1>)
    T7#1 extends Object declared in method <T1#7,T2#6,T3#5,T4#4,T5#3,T6#2,T7#1>group(App<F,T1#7>,App<F,T2#6>,App<F,T3#5>,App<F,T4#4>,App<F,T5#3>,App<F,T6#2>,App<F,T7#1>)
    T1#8 extends Object declared in method <T1#8,T2#7,T3#6,T4#5,T5#4,T6#3,T7#2,T8#1>group(App<F,T1#8>,App<F,T2#7>,App<F,T3#6>,App<F,T4#5>,App<F,T5#4>,App<F,T6#3>,App<F,T7#2>,App<F,T8#1>)
    T2#7 extends Object declared in method <T1#8,T2#7,T3#6,T4#5,T5#4,T6#3,T7#2,T8#1>group(App<F,T1#8>,App<F,T2#7>,App<F,T3#6>,App<F,T4#5>,App<F,T5#4>,App<F,T6#3>,App<F,T7#2>,App<F,T8#1>)
    T3#6 extends Object declared in method <T1#8,T2#7,T3#6,T4#5,T5#4,T6#3,T7#2,T8#1>group(App<F,T1#8>,App<F,T2#7>,App<F,T3#6>,App<F,T4#5>,App<F,T5#4>,App<F,T6#3>,App<F,T7#2>,App<F,T8#1>)
    T4#5 extends Object declared in method <T1#8,T2#7,T3#6,T4#5,T5#4,T6#3,T7#2,T8#1>group(App<F,T1#8>,App<F,T2#7>,App<F,T3#6>,App<F,T4#5>,App<F,T5#4>,App<F,T6#3>,App<F,T7#2>,App<F,T8#1>)
    T5#4 extends Object declared in method <T1#8,T2#7,T3#6,T4#5,T5#4,T6#3,T7#2,T8#1>group(App<F,T1#8>,App<F,T2#7>,App<F,T3#6>,App<F,T4#5>,App<F,T5#4>,App<F,T6#3>,App<F,T7#2>,App<F,T8#1>)
    T6#3 extends Object declared in method <T1#8,T2#7,T3#6,T4#5,T5#4,T6#3,T7#2,T8#1>group(App<F,T1#8>,App<F,T2#7>,App<F,T3#6>,App<F,T4#5>,App<F,T5#4>,App<F,T6#3>,App<F,T7#2>,App<F,T8#1>)
    T7#2 extends Object declared in method <T1#8,T2#7,T3#6,T4#5,T5#4,T6#3,T7#2,T8#1>group(App<F,T1#8>,App<F,T2#7>,App<F,T3#6>,App<F,T4#5>,App<F,T5#4>,App<F,T6#3>,App<F,T7#2>,App<F,T8#1>)
    T8#1 extends Object declared in method <T1#8,T2#7,T3#6,T4#5,T5#4,T6#3,T7#2,T8#1>group(App<F,T1#8>,App<F,T2#7>,App<F,T3#6>,App<F,T4#5>,App<F,T5#4>,App<F,T6#3>,App<F,T7#2>,App<F,T8#1>)
    T1#9 extends Object declared in method <T1#9,T2#8,T3#7,T4#6,T5#5,T6#4,T7#3,T8#2,T9#1>group(App<F,T1#9>,App<F,T2#8>,App<F,T3#7>,App<F,T4#6>,App<F,T5#5>,App<F,T6#4>,App<F,T7#3>,App<F,T8#2>,App<F,T9#1>)
    T2#8 extends Object declared in method <T1#9,T2#8,T3#7,T4#6,T5#5,T6#4,T7#3,T8#2,T9#1>group(App<F,T1#9>,App<F,T2#8>,App<F,T3#7>,App<F,T4#6>,App<F,T5#5>,App<F,T6#4>,App<F,T7#3>,App<F,T8#2>,App<F,T9#1>)
    T3#7 extends Object declared in method <T1#9,T2#8,T3#7,T4#6,T5#5,T6#4,T7#3,T8#2,T9#1>group(App<F,T1#9>,App<F,T2#8>,App<F,T3#7>,App<F,T4#6>,App<F,T5#5>,App<F,T6#4>,App<F,T7#3>,App<F,T8#2>,App<F,T9#1>)
    T4#6 extends Object declared in method <T1#9,T2#8,T3#7,T4#6,T5#5,T6#4,T7#3,T8#2,T9#1>group(App<F,T1#9>,App<F,T2#8>,App<F,T3#7>,App<F,T4#6>,App<F,T5#5>,App<F,T6#4>,App<F,T7#3>,App<F,T8#2>,App<F,T9#1>)
    T5#5 extends Object declared in method <T1#9,T2#8,T3#7,T4#6,T5#5,T6#4,T7#3,T8#2,T9#1>group(App<F,T1#9>,App<F,T2#8>,App<F,T3#7>,App<F,T4#6>,App<F,T5#5>,App<F,T6#4>,App<F,T7#3>,App<F,T8#2>,App<F,T9#1>)
    T6#4 extends Object declared in method <T1#9,T2#8,T3#7,T4#6,T5#5,T6#4,T7#3,T8#2,T9#1>group(App<F,T1#9>,App<F,T2#8>,App<F,T3#7>,App<F,T4#6>,App<F,T5#5>,App<F,T6#4>,App<F,T7#3>,App<F,T8#2>,App<F,T9#1>)
    T7#3 extends Object declared in method <T1#9,T2#8,T3#7,T4#6,T5#5,T6#4,T7#3,T8#2,T9#1>group(App<F,T1#9>,App<F,T2#8>,App<F,T3#7>,App<F,T4#6>,App<F,T5#5>,App<F,T6#4>,App<F,T7#3>,App<F,T8#2>,App<F,T9#1>)
    T8#2 extends Object declared in method <T1#9,T2#8,T3#7,T4#6,T5#5,T6#4,T7#3,T8#2,T9#1>group(App<F,T1#9>,App<F,T2#8>,App<F,T3#7>,App<F,T4#6>,App<F,T5#5>,App<F,T6#4>,App<F,T7#3>,App<F,T8#2>,App<F,T9#1>)
    T9#1 extends Object declared in method <T1#9,T2#8,T3#7,T4#6,T5#5,T6#4,T7#3,T8#2,T9#1>group(App<F,T1#9>,App<F,T2#8>,App<F,T3#7>,App<F,T4#6>,App<F,T5#5>,App<F,T6#4>,App<F,T7#3>,App<F,T8#2>,App<F,T9#1>)
    T1#10 extends Object declared in method <T1#10,T2#9,T3#8,T4#7,T5#6,T6#5,T7#4,T8#3,T9#2,T10#1>group(App<F,T1#10>,App<F,T2#9>,App<F,T3#8>,App<F,T4#7>,App<F,T5#6>,App<F,T6#5>,App<F,T7#4>,App<F,T8#3>,App<F,T9#2>,App<F,T10#1>)
    T2#9 extends Object declared in method <T1#10,T2#9,T3#8,T4#7,T5#6,T6#5,T7#4,T8#3,T9#2,T10#1>group(App<F,T1#10>,App<F,T2#9>,App<F,T3#8>,App<F,T4#7>,App<F,T5#6>,App<F,T6#5>,App<F,T7#4>,App<F,T8#3>,App<F,T9#2>,App<F,T10#1>)
    T3#8 extends Object declared in method <T1#10,T2#9,T3#8,T4#7,T5#6,T6#5,T7#4,T8#3,T9#2,T10#1>group(App<F,T1#10>,App<F,T2#9>,App<F,T3#8>,App<F,T4#7>,App<F,T5#6>,App<F,T6#5>,App<F,T7#4>,App<F,T8#3>,App<F,T9#2>,App<F,T10#1>)
    T4#7 extends Object declared in method <T1#10,T2#9,T3#8,T4#7,T5#6,T6#5,T7#4,T8#3,T9#2,T10#1>group(App<F,T1#10>,App<F,T2#9>,App<F,T3#8>,App<F,T4#7>,App<F,T5#6>,App<F,T6#5>,App<F,T7#4>,App<F,T8#3>,App<F,T9#2>,App<F,T10#1>)
    T5#6 extends Object declared in method <T1#10,T2#9,T3#8,T4#7,T5#6,T6#5,T7#4,T8#3,T9#2,T10#1>group(App<F,T1#10>,App<F,T2#9>,App<F,T3#8>,App<F,T4#7>,App<F,T5#6>,App<F,T6#5>,App<F,T7#4>,App<F,T8#3>,App<F,T9#2>,App<F,T10#1>)
    T6#5 extends Object declared in method <T1#10,T2#9,T3#8,T4#7,T5#6,T6#5,T7#4,T8#3,T9#2,T10#1>group(App<F,T1#10>,App<F,T2#9>,App<F,T3#8>,App<F,T4#7>,App<F,T5#6>,App<F,T6#5>,App<F,T7#4>,App<F,T8#3>,App<F,T9#2>,App<F,T10#1>)
    T7#4 extends Object declared in method <T1#10,T2#9,T3#8,T4#7,T5#6,T6#5,T7#4,T8#3,T9#2,T10#1>group(App<F,T1#10>,App<F,T2#9>,App<F,T3#8>,App<F,T4#7>,App<F,T5#6>,App<F,T6#5>,App<F,T7#4>,App<F,T8#3>,App<F,T9#2>,App<F,T10#1>)
    T8#3 extends Object declared in method <T1#10,T2#9,T3#8,T4#7,T5#6,T6#5,T7#4,T8#3,T9#2,T10#1>group(App<F,T1#10>,App<F,T2#9>,App<F,T3#8>,App<F,T4#7>,App<F,T5#6>,App<F,T6#5>,App<F,T7#4>,App<F,T8#3>,App<F,T9#2>,App<F,T10#1>)
    T9#2 extends Object declared in method <T1#10,T2#9,T3#8,T4#7,T5#6,T6#5,T7#4,T8#3,T9#2,T10#1>group(App<F,T1#10>,App<F,T2#9>,App<F,T3#8>,App<F,T4#7>,App<F,T5#6>,App<F,T6#5>,App<F,T7#4>,App<F,T8#3>,App<F,T9#2>,App<F,T10#1>)
    T10#1 extends Object declared in method <T1#10,T2#9,T3#8,T4#7,T5#6,T6#5,T7#4,T8#3,T9#2,T10#1>group(App<F,T1#10>,App<F,T2#9>,App<F,T3#8>,App<F,T4#7>,App<F,T5#6>,App<F,T6#5>,App<F,T7#4>,App<F,T8#3>,App<F,T9#2>,App<F,T10#1>)
    T1#11 extends Object declared in method <T1#11,T2#10,T3#9,T4#8,T5#7,T6#6,T7#5,T8#4,T9#3,T10#2,T11#1>group(App<F,T1#11>,App<F,T2#10>,App<F,T3#9>,App<F,T4#8>,App<F,T5#7>,App<F,T6#6>,App<F,T7#5>,App<F,T8#4>,App<F,T9#3>,App<F,T10#2>,App<F,T11#1>)
    T2#10 extends Object declared in method <T1#11,T2#10,T3#9,T4#8,T5#7,T6#6,T7#5,T8#4,T9#3,T10#2,T11#1>group(App<F,T1#11>,App<F,T2#10>,App<F,T3#9>,App<F,T4#8>,App<F,T5#7>,App<F,T6#6>,App<F,T7#5>,App<F,T8#4>,App<F,T9#3>,App<F,T10#2>,App<F,T11#1>)
    T3#9 extends Object declared in method <T1#11,T2#10,T3#9,T4#8,T5#7,T6#6,T7#5,T8#4,T9#3,T10#2,T11#1>group(App<F,T1#11>,App<F,T2#10>,App<F,T3#9>,App<F,T4#8>,App<F,T5#7>,App<F,T6#6>,App<F,T7#5>,App<F,T8#4>,App<F,T9#3>,App<F,T10#2>,App<F,T11#1>)
    T4#8 extends Object declared in method <T1#11,T2#10,T3#9,T4#8,T5#7,T6#6,T7#5,T8#4,T9#3,T10#2,T11#1>group(App<F,T1#11>,App<F,T2#10>,App<F,T3#9>,App<F,T4#8>,App<F,T5#7>,App<F,T6#6>,App<F,T7#5>,App<F,T8#4>,App<F,T9#3>,App<F,T10#2>,App<F,T11#1>)
    T5#7 extends Object declared in method <T1#11,T2#10,T3#9,T4#8,T5#7,T6#6,T7#5,T8#4,T9#3,T10#2,T11#1>group(App<F,T1#11>,App<F,T2#10>,App<F,T3#9>,App<F,T4#8>,App<F,T5#7>,App<F,T6#6>,App<F,T7#5>,App<F,T8#4>,App<F,T9#3>,App<F,T10#2>,App<F,T11#1>)
    T6#6 extends Object declared in method <T1#11,T2#10,T3#9,T4#8,T5#7,T6#6,T7#5,T8#4,T9#3,T10#2,T11#1>group(App<F,T1#11>,App<F,T2#10>,App<F,T3#9>,App<F,T4#8>,App<F,T5#7>,App<F,T6#6>,App<F,T7#5>,App<F,T8#4>,App<F,T9#3>,App<F,T10#2>,App<F,T11#1>)
    T7#5 extends Object declared in method <T1#11,T2#10,T3#9,T4#8,T5#7,T6#6,T7#5,T8#4,T9#3,T10#2,T11#1>group(App<F,T1#11>,App<F,T2#10>,App<F,T3#9>,App<F,T4#8>,App<F,T5#7>,App<F,T6#6>,App<F,T7#5>,App<F,T8#4>,App<F,T9#3>,App<F,T10#2>,App<F,T11#1>)
    T8#4 extends Object declared in method <T1#11,T2#10,T3#9,T4#8,T5#7,T6#6,T7#5,T8#4,T9#3,T10#2,T11#1>group(App<F,T1#11>,App<F,T2#10>,App<F,T3#9>,App<F,T4#8>,App<F,T5#7>,App<F,T6#6>,App<F,T7#5>,App<F,T8#4>,App<F,T9#3>,App<F,T10#2>,App<F,T11#1>)
    T9#3 extends Object declared in method <T1#11,T2#10,T3#9,T4#8,T5#7,T6#6,T7#5,T8#4,T9#3,T10#2,T11#1>group(App<F,T1#11>,App<F,T2#10>,App<F,T3#9>,App<F,T4#8>,App<F,T5#7>,App<F,T6#6>,App<F,T7#5>,App<F,T8#4>,App<F,T9#3>,App<F,T10#2>,App<F,T11#1>)
    T10#2 extends Object declared in method <T1#11,T2#10,T3#9,T4#8,T5#7,T6#6,T7#5,T8#4,T9#3,T10#2,T11#1>group(App<F,T1#11>,App<F,T2#10>,App<F,T3#9>,App<F,T4#8>,App<F,T5#7>,App<F,T6#6>,App<F,T7#5>,App<F,T8#4>,App<F,T9#3>,App<F,T10#2>,App<F,T11#1>)
    T11#1 extends Object declared in method <T1#11,T2#10,T3#9,T4#8,T5#7,T6#6,T7#5,T8#4,T9#3,T10#2,T11#1>group(App<F,T1#11>,App<F,T2#10>,App<F,T3#9>,App<F,T4#8>,App<F,T5#7>,App<F,T6#6>,App<F,T7#5>,App<F,T8#4>,App<F,T9#3>,App<F,T10#2>,App<F,T11#1>)
    T1#12 extends Object declared in method <T1#12,T2#11,T3#10,T4#9,T5#8,T6#7,T7#6,T8#5,T9#4,T10#3,T11#2,T12#1>group(App<F,T1#12>,App<F,T2#11>,App<F,T3#10>,App<F,T4#9>,App<F,T5#8>,App<F,T6#7>,App<F,T7#6>,App<F,T8#5>,App<F,T9#4>,App<F,T10#3>,App<F,T11#2>,App<F,T12#1>)
    T2#11 extends Object declared in method <T1#12,T2#11,T3#10,T4#9,T5#8,T6#7,T7#6,T8#5,T9#4,T10#3,T11#2,T12#1>group(App<F,T1#12>,App<F,T2#11>,App<F,T3#10>,App<F,T4#9>,App<F,T5#8>,App<F,T6#7>,App<F,T7#6>,App<F,T8#5>,App<F,T9#4>,App<F,T10#3>,App<F,T11#2>,App<F,T12#1>)
    T3#10 extends Object declared in method <T1#12,T2#11,T3#10,T4#9,T5#8,T6#7,T7#6,T8#5,T9#4,T10#3,T11#2,T12#1>group(App<F,T1#12>,App<F,T2#11>,App<F,T3#10>,App<F,T4#9>,App<F,T5#8>,App<F,T6#7>,App<F,T7#6>,App<F,T8#5>,App<F,T9#4>,App<F,T10#3>,App<F,T11#2>,App<F,T12#1>)
    T4#9 extends Object declared in method <T1#12,T2#11,T3#10,T4#9,T5#8,T6#7,T7#6,T8#5,T9#4,T10#3,T11#2,T12#1>group(App<F,T1#12>,App<F,T2#11>,App<F,T3#10>,App<F,T4#9>,App<F,T5#8>,App<F,T6#7>,App<F,T7#6>,App<F,T8#5>,App<F,T9#4>,App<F,T10#3>,App<F,T11#2>,App<F,T12#1>)
    T5#8 extends Object declared in method <T1#12,T2#11,T3#10,T4#9,T5#8,T6#7,T7#6,T8#5,T9#4,T10#3,T11#2,T12#1>group(App<F,T1#12>,App<F,T2#11>,App<F,T3#10>,App<F,T4#9>,App<F,T5#8>,App<F,T6#7>,App<F,T7#6>,App<F,T8#5>,App<F,T9#4>,App<F,T10#3>,App<F,T11#2>,App<F,T12#1>)
    T6#7 extends Object declared in method <T1#12,T2#11,T3#10,T4#9,T5#8,T6#7,T7#6,T8#5,T9#4,T10#3,T11#2,T12#1>group(App<F,T1#12>,App<F,T2#11>,App<F,T3#10>,App<F,T4#9>,App<F,T5#8>,App<F,T6#7>,App<F,T7#6>,App<F,T8#5>,App<F,T9#4>,App<F,T10#3>,App<F,T11#2>,App<F,T12#1>)
    T7#6 extends Object declared in method <T1#12,T2#11,T3#10,T4#9,T5#8,T6#7,T7#6,T8#5,T9#4,T10#3,T11#2,T12#1>group(App<F,T1#12>,App<F,T2#11>,App<F,T3#10>,App<F,T4#9>,App<F,T5#8>,App<F,T6#7>,App<F,T7#6>,App<F,T8#5>,App<F,T9#4>,App<F,T10#3>,App<F,T11#2>,App<F,T12#1>)
    T8#5 extends Object declared in method <T1#12,T2#11,T3#10,T4#9,T5#8,T6#7,T7#6,T8#5,T9#4,T10#3,T11#2,T12#1>group(App<F,T1#12>,App<F,T2#11>,App<F,T3#10>,App<F,T4#9>,App<F,T5#8>,App<F,T6#7>,App<F,T7#6>,App<F,T8#5>,App<F,T9#4>,App<F,T10#3>,App<F,T11#2>,App<F,T12#1>)
    T9#4 extends Object declared in method <T1#12,T2#11,T3#10,T4#9,T5#8,T6#7,T7#6,T8#5,T9#4,T10#3,T11#2,T12#1>group(App<F,T1#12>,App<F,T2#11>,App<F,T3#10>,App<F,T4#9>,App<F,T5#8>,App<F,T6#7>,App<F,T7#6>,App<F,T8#5>,App<F,T9#4>,App<F,T10#3>,App<F,T11#2>,App<F,T12#1>)
    T10#3 extends Object declared in method <T1#12,T2#11,T3#10,T4#9,T5#8,T6#7,T7#6,T8#5,T9#4,T10#3,T11#2,T12#1>group(App<F,T1#12>,App<F,T2#11>,App<F,T3#10>,App<F,T4#9>,App<F,T5#8>,App<F,T6#7>,App<F,T7#6>,App<F,T8#5>,App<F,T9#4>,App<F,T10#3>,App<F,T11#2>,App<F,T12#1>)
    T11#2 extends Object declared in method <T1#12,T2#11,T3#10,T4#9,T5#8,T6#7,T7#6,T8#5,T9#4,T10#3,T11#2,T12#1>group(App<F,T1#12>,App<F,T2#11>,App<F,T3#10>,App<F,T4#9>,App<F,T5#8>,App<F,T6#7>,App<F,T7#6>,App<F,T8#5>,App<F,T9#4>,App<F,T10#3>,App<F,T11#2>,App<F,T12#1>)
    T12#1 extends Object declared in method <T1#12,T2#11,T3#10,T4#9,T5#8,T6#7,T7#6,T8#5,T9#4,T10#3,T11#2,T12#1>group(App<F,T1#12>,App<F,T2#11>,App<F,T3#10>,App<F,T4#9>,App<F,T5#8>,App<F,T6#7>,App<F,T7#6>,App<F,T8#5>,App<F,T9#4>,App<F,T10#3>,App<F,T11#2>,App<F,T12#1>)
    T1#13 extends Object declared in method <T1#13,T2#12,T3#11,T4#10,T5#9,T6#8,T7#7,T8#6,T9#5,T10#4,T11#3,T12#2,T13#1>group(App<F,T1#13>,App<F,T2#12>,App<F,T3#11>,App<F,T4#10>,App<F,T5#9>,App<F,T6#8>,App<F,T7#7>,App<F,T8#6>,App<F,T9#5>,App<F,T10#4>,App<F,T11#3>,App<F,T12#2>,App<F,T13#1>)
    T2#12 extends Object declared in method <T1#13,T2#12,T3#11,T4#10,T5#9,T6#8,T7#7,T8#6,T9#5,T10#4,T11#3,T12#2,T13#1>group(App<F,T1#13>,App<F,T2#12>,App<F,T3#11>,App<F,T4#10>,App<F,T5#9>,App<F,T6#8>,App<F,T7#7>,App<F,T8#6>,App<F,T9#5>,App<F,T10#4>,App<F,T11#3>,App<F,T12#2>,App<F,T13#1>)
    T3#11 extends Object declared in method <T1#13,T2#12,T3#11,T4#10,T5#9,T6#8,T7#7,T8#6,T9#5,T10#4,T11#3,T12#2,T13#1>group(App<F,T1#13>,App<F,T2#12>,App<F,T3#11>,App<F,T4#10>,App<F,T5#9>,App<F,T6#8>,App<F,T7#7>,App<F,T8#6>,App<F,T9#5>,App<F,T10#4>,App<F,T11#3>,App<F,T12#2>,App<F,T13#1>)
    T4#10 extends Object declared in method <T1#13,T2#12,T3#11,T4#10,T5#9,T6#8,T7#7,T8#6,T9#5,T10#4,T11#3,T12#2,T13#1>group(App<F,T1#13>,App<F,T2#12>,App<F,T3#11>,App<F,T4#10>,App<F,T5#9>,App<F,T6#8>,App<F,T7#7>,App<F,T8#6>,App<F,T9#5>,App<F,T10#4>,App<F,T11#3>,App<F,T12#2>,App<F,T13#1>)
    T5#9 extends Object declared in method <T1#13,T2#12,T3#11,T4#10,T5#9,T6#8,T7#7,T8#6,T9#5,T10#4,T11#3,T12#2,T13#1>group(App<F,T1#13>,App<F,T2#12>,App<F,T3#11>,App<F,T4#10>,App<F,T5#9>,App<F,T6#8>,App<F,T7#7>,App<F,T8#6>,App<F,T9#5>,App<F,T10#4>,App<F,T11#3>,App<F,T12#2>,App<F,T13#1>)
    T6#8 extends Object declared in method <T1#13,T2#12,T3#11,T4#10,T5#9,T6#8,T7#7,T8#6,T9#5,T10#4,T11#3,T12#2,T13#1>group(App<F,T1#13>,App<F,T2#12>,App<F,T3#11>,App<F,T4#10>,App<F,T5#9>,App<F,T6#8>,App<F,T7#7>,App<F,T8#6>,App<F,T9#5>,App<F,T10#4>,App<F,T11#3>,App<F,T12#2>,App<F,T13#1>)
    T7#7 extends Object declared in method <T1#13,T2#12,T3#11,T4#10,T5#9,T6#8,T7#7,T8#6,T9#5,T10#4,T11#3,T12#2,T13#1>group(App<F,T1#13>,App<F,T2#12>,App<F,T3#11>,App<F,T4#10>,App<F,T5#9>,App<F,T6#8>,App<F,T7#7>,App<F,T8#6>,App<F,T9#5>,App<F,T10#4>,App<F,T11#3>,App<F,T12#2>,App<F,T13#1>)
    T8#6 extends Object declared in method <T1#13,T2#12,T3#11,T4#10,T5#9,T6#8,T7#7,T8#6,T9#5,T10#4,T11#3,T12#2,T13#1>group(App<F,T1#13>,App<F,T2#12>,App<F,T3#11>,App<F,T4#10>,App<F,T5#9>,App<F,T6#8>,App<F,T7#7>,App<F,T8#6>,App<F,T9#5>,App<F,T10#4>,App<F,T11#3>,App<F,T12#2>,App<F,T13#1>)
    T9#5 extends Object declared in method <T1#13,T2#12,T3#11,T4#10,T5#9,T6#8,T7#7,T8#6,T9#5,T10#4,T11#3,T12#2,T13#1>group(App<F,T1#13>,App<F,T2#12>,App<F,T3#11>,App<F,T4#10>,App<F,T5#9>,App<F,T6#8>,App<F,T7#7>,App<F,T8#6>,App<F,T9#5>,App<F,T10#4>,App<F,T11#3>,App<F,T12#2>,App<F,T13#1>)
    T10#4 extends Object declared in method <T1#13,T2#12,T3#11,T4#10,T5#9,T6#8,T7#7,T8#6,T9#5,T10#4,T11#3,T12#2,T13#1>group(App<F,T1#13>,App<F,T2#12>,App<F,T3#11>,App<F,T4#10>,App<F,T5#9>,App<F,T6#8>,App<F,T7#7>,App<F,T8#6>,App<F,T9#5>,App<F,T10#4>,App<F,T11#3>,App<F,T12#2>,App<F,T13#1>)
    T11#3 extends Object declared in method <T1#13,T2#12,T3#11,T4#10,T5#9,T6#8,T7#7,T8#6,T9#5,T10#4,T11#3,T12#2,T13#1>group(App<F,T1#13>,App<F,T2#12>,App<F,T3#11>,App<F,T4#10>,App<F,T5#9>,App<F,T6#8>,App<F,T7#7>,App<F,T8#6>,App<F,T9#5>,App<F,T10#4>,App<F,T11#3>,App<F,T12#2>,App<F,T13#1>)
    T12#2 extends Object declared in method <T1#13,T2#12,T3#11,T4#10,T5#9,T6#8,T7#7,T8#6,T9#5,T10#4,T11#3,T12#2,T13#1>group(App<F,T1#13>,App<F,T2#12>,App<F,T3#11>,App<F,T4#10>,App<F,T5#9>,App<F,T6#8>,App<F,T7#7>,App<F,T8#6>,App<F,T9#5>,App<F,T10#4>,App<F,T11#3>,App<F,T12#2>,App<F,T13#1>)
    T13#1 extends Object declared in method <T1#13,T2#12,T3#11,T4#10,T5#9,T6#8,T7#7,T8#6,T9#5,T10#4,T11#3,T12#2,T13#1>group(App<F,T1#13>,App<F,T2#12>,App<F,T3#11>,App<F,T4#10>,App<F,T5#9>,App<F,T6#8>,App<F,T7#7>,App<F,T8#6>,App<F,T9#5>,App<F,T10#4>,App<F,T11#3>,App<F,T12#2>,App<F,T13#1>)
    T1#14 extends Object declared in method <T1#14,T2#13,T3#12,T4#11,T5#10,T6#9,T7#8,T8#7,T9#6,T10#5,T11#4,T12#3,T13#2,T14#1>group(App<F,T1#14>,App<F,T2#13>,App<F,T3#12>,App<F,T4#11>,App<F,T5#10>,App<F,T6#9>,App<F,T7#8>,App<F,T8#7>,App<F,T9#6>,App<F,T10#5>,App<F,T11#4>,App<F,T12#3>,App<F,T13#2>,App<F,T14#1>)
    T2#13 extends Object declared in method <T1#14,T2#13,T3#12,T4#11,T5#10,T6#9,T7#8,T8#7,T9#6,T10#5,T11#4,T12#3,T13#2,T14#1>group(App<F,T1#14>,App<F,T2#13>,App<F,T3#12>,App<F,T4#11>,App<F,T5#10>,App<F,T6#9>,App<F,T7#8>,App<F,T8#7>,App<F,T9#6>,App<F,T10#5>,App<F,T11#4>,App<F,T12#3>,App<F,T13#2>,App<F,T14#1>)
    T3#12 extends Object declared in method <T1#14,T2#13,T3#12,T4#11,T5#10,T6#9,T7#8,T8#7,T9#6,T10#5,T11#4,T12#3,T13#2,T14#1>group(App<F,T1#14>,App<F,T2#13>,App<F,T3#12>,App<F,T4#11>,App<F,T5#10>,App<F,T6#9>,App<F,T7#8>,App<F,T8#7>,App<F,T9#6>,App<F,T10#5>,App<F,T11#4>,App<F,T12#3>,App<F,T13#2>,App<F,T14#1>)
    T4#11 extends Object declared in method <T1#14,T2#13,T3#12,T4#11,T5#10,T6#9,T7#8,T8#7,T9#6,T10#5,T11#4,T12#3,T13#2,T14#1>group(App<F,T1#14>,App<F,T2#13>,App<F,T3#12>,App<F,T4#11>,App<F,T5#10>,App<F,T6#9>,App<F,T7#8>,App<F,T8#7>,App<F,T9#6>,App<F,T10#5>,App<F,T11#4>,App<F,T12#3>,App<F,T13#2>,App<F,T14#1>)
    T5#10 extends Object declared in method <T1#14,T2#13,T3#12,T4#11,T5#10,T6#9,T7#8,T8#7,T9#6,T10#5,T11#4,T12#3,T13#2,T14#1>group(App<F,T1#14>,App<F,T2#13>,App<F,T3#12>,App<F,T4#11>,App<F,T5#10>,App<F,T6#9>,App<F,T7#8>,App<F,T8#7>,App<F,T9#6>,App<F,T10#5>,App<F,T11#4>,App<F,T12#3>,App<F,T13#2>,App<F,T14#1>)
    T6#9 extends Object declared in method <T1#14,T2#13,T3#12,T4#11,T5#10,T6#9,T7#8,T8#7,T9#6,T10#5,T11#4,T12#3,T13#2,T14#1>group(App<F,T1#14>,App<F,T2#13>,App<F,T3#12>,App<F,T4#11>,App<F,T5#10>,App<F,T6#9>,App<F,T7#8>,App<F,T8#7>,App<F,T9#6>,App<F,T10#5>,App<F,T11#4>,App<F,T12#3>,App<F,T13#2>,App<F,T14#1>)
    T7#8 extends Object declared in method <T1#14,T2#13,T3#12,T4#11,T5#10,T6#9,T7#8,T8#7,T9#6,T10#5,T11#4,T12#3,T13#2,T14#1>group(App<F,T1#14>,App<F,T2#13>,App<F,T3#12>,App<F,T4#11>,App<F,T5#10>,App<F,T6#9>,App<F,T7#8>,App<F,T8#7>,App<F,T9#6>,App<F,T10#5>,App<F,T11#4>,App<F,T12#3>,App<F,T13#2>,App<F,T14#1>)
    T8#7 extends Object declared in method <T1#14,T2#13,T3#12,T4#11,T5#10,T6#9,T7#8,T8#7,T9#6,T10#5,T11#4,T12#3,T13#2,T14#1>group(App<F,T1#14>,App<F,T2#13>,App<F,T3#12>,App<F,T4#11>,App<F,T5#10>,App<F,T6#9>,App<F,T7#8>,App<F,T8#7>,App<F,T9#6>,App<F,T10#5>,App<F,T11#4>,App<F,T12#3>,App<F,T13#2>,App<F,T14#1>)
    T9#6 extends Object declared in method <T1#14,T2#13,T3#12,T4#11,T5#10,T6#9,T7#8,T8#7,T9#6,T10#5,T11#4,T12#3,T13#2,T14#1>group(App<F,T1#14>,App<F,T2#13>,App<F,T3#12>,App<F,T4#11>,App<F,T5#10>,App<F,T6#9>,App<F,T7#8>,App<F,T8#7>,App<F,T9#6>,App<F,T10#5>,App<F,T11#4>,App<F,T12#3>,App<F,T13#2>,App<F,T14#1>)
    T10#5 extends Object declared in method <T1#14,T2#13,T3#12,T4#11,T5#10,T6#9,T7#8,T8#7,T9#6,T10#5,T11#4,T12#3,T13#2,T14#1>group(App<F,T1#14>,App<F,T2#13>,App<F,T3#12>,App<F,T4#11>,App<F,T5#10>,App<F,T6#9>,App<F,T7#8>,App<F,T8#7>,App<F,T9#6>,App<F,T10#5>,App<F,T11#4>,App<F,T12#3>,App<F,T13#2>,App<F,T14#1>)
    T11#4 extends Object declared in method <T1#14,T2#13,T3#12,T4#11,T5#10,T6#9,T7#8,T8#7,T9#6,T10#5,T11#4,T12#3,T13#2,T14#1>group(App<F,T1#14>,App<F,T2#13>,App<F,T3#12>,App<F,T4#11>,App<F,T5#10>,App<F,T6#9>,App<F,T7#8>,App<F,T8#7>,App<F,T9#6>,App<F,T10#5>,App<F,T11#4>,App<F,T12#3>,App<F,T13#2>,App<F,T14#1>)
    T12#3 extends Object declared in method <T1#14,T2#13,T3#12,T4#11,T5#10,T6#9,T7#8,T8#7,T9#6,T10#5,T11#4,T12#3,T13#2,T14#1>group(App<F,T1#14>,App<F,T2#13>,App<F,T3#12>,App<F,T4#11>,App<F,T5#10>,App<F,T6#9>,App<F,T7#8>,App<F,T8#7>,App<F,T9#6>,App<F,T10#5>,App<F,T11#4>,App<F,T12#3>,App<F,T13#2>,App<F,T14#1>)
    T13#2 extends Object declared in method <T1#14,T2#13,T3#12,T4#11,T5#10,T6#9,T7#8,T8#7,T9#6,T10#5,T11#4,T12#3,T13#2,T14#1>group(App<F,T1#14>,App<F,T2#13>,App<F,T3#12>,App<F,T4#11>,App<F,T5#10>,App<F,T6#9>,App<F,T7#8>,App<F,T8#7>,App<F,T9#6>,App<F,T10#5>,App<F,T11#4>,App<F,T12#3>,App<F,T13#2>,App<F,T14#1>)
    T14#1 extends Object declared in method <T1#14,T2#13,T3#12,T4#11,T5#10,T6#9,T7#8,T8#7,T9#6,T10#5,T11#4,T12#3,T13#2,T14#1>group(App<F,T1#14>,App<F,T2#13>,App<F,T3#12>,App<F,T4#11>,App<F,T5#10>,App<F,T6#9>,App<F,T7#8>,App<F,T8#7>,App<F,T9#6>,App<F,T10#5>,App<F,T11#4>,App<F,T12#3>,App<F,T13#2>,App<F,T14#1>)
    T1#15 extends Object declared in method <T1#15,T2#14,T3#13,T4#12,T5#11,T6#10,T7#9,T8#8,T9#7,T10#6,T11#5,T12#4,T13#3,T14#2,T15#1>group(App<F,T1#15>,App<F,T2#14>,App<F,T3#13>,App<F,T4#12>,App<F,T5#11>,App<F,T6#10>,App<F,T7#9>,App<F,T8#8>,App<F,T9#7>,App<F,T10#6>,App<F,T11#5>,App<F,T12#4>,App<F,T13#3>,App<F,T14#2>,App<F,T15#1>)
    T2#14 extends Object declared in method <T1#15,T2#14,T3#13,T4#12,T5#11,T6#10,T7#9,T8#8,T9#7,T10#6,T11#5,T12#4,T13#3,T14#2,T15#1>group(App<F,T1#15>,App<F,T2#14>,App<F,T3#13>,App<F,T4#12>,App<F,T5#11>,App<F,T6#10>,App<F,T7#9>,App<F,T8#8>,App<F,T9#7>,App<F,T10#6>,App<F,T11#5>,App<F,T12#4>,App<F,T13#3>,App<F,T14#2>,App<F,T15#1>)
    T3#13 extends Object declared in method <T1#15,T2#14,T3#13,T4#12,T5#11,T6#10,T7#9,T8#8,T9#7,T10#6,T11#5,T12#4,T13#3,T14#2,T15#1>group(App<F,T1#15>,App<F,T2#14>,App<F,T3#13>,App<F,T4#12>,App<F,T5#11>,App<F,T6#10>,App<F,T7#9>,App<F,T8#8>,App<F,T9#7>,App<F,T10#6>,App<F,T11#5>,App<F,T12#4>,App<F,T13#3>,App<F,T14#2>,App<F,T15#1>)
    T4#12 extends Object declared in method <T1#15,T2#14,T3#13,T4#12,T5#11,T6#10,T7#9,T8#8,T9#7,T10#6,T11#5,T12#4,T13#3,T14#2,T15#1>group(App<F,T1#15>,App<F,T2#14>,App<F,T3#13>,App<F,T4#12>,App<F,T5#11>,App<F,T6#10>,App<F,T7#9>,App<F,T8#8>,App<F,T9#7>,App<F,T10#6>,App<F,T11#5>,App<F,T12#4>,App<F,T13#3>,App<F,T14#2>,App<F,T15#1>)
    T5#11 extends Object declared in method <T1#15,T2#14,T3#13,T4#12,T5#11,T6#10,T7#9,T8#8,T9#7,T10#6,T11#5,T12#4,T13#3,T14#2,T15#1>group(App<F,T1#15>,App<F,T2#14>,App<F,T3#13>,App<F,T4#12>,App<F,T5#11>,App<F,T6#10>,App<F,T7#9>,App<F,T8#8>,App<F,T9#7>,App<F,T10#6>,App<F,T11#5>,App<F,T12#4>,App<F,T13#3>,App<F,T14#2>,App<F,T15#1>)
    T6#10 extends Object declared in method <T1#15,T2#14,T3#13,T4#12,T5#11,T6#10,T7#9,T8#8,T9#7,T10#6,T11#5,T12#4,T13#3,T14#2,T15#1>group(App<F,T1#15>,App<F,T2#14>,App<F,T3#13>,App<F,T4#12>,App<F,T5#11>,App<F,T6#10>,App<F,T7#9>,App<F,T8#8>,App<F,T9#7>,App<F,T10#6>,App<F,T11#5>,App<F,T12#4>,App<F,T13#3>,App<F,T14#2>,App<F,T15#1>)
    T7#9 extends Object declared in method <T1#15,T2#14,T3#13,T4#12,T5#11,T6#10,T7#9,T8#8,T9#7,T10#6,T11#5,T12#4,T13#3,T14#2,T15#1>group(App<F,T1#15>,App<F,T2#14>,App<F,T3#13>,App<F,T4#12>,App<F,T5#11>,App<F,T6#10>,App<F,T7#9>,App<F,T8#8>,App<F,T9#7>,App<F,T10#6>,App<F,T11#5>,App<F,T12#4>,App<F,T13#3>,App<F,T14#2>,App<F,T15#1>)
    T8#8 extends Object declared in method <T1#15,T2#14,T3#13,T4#12,T5#11,T6#10,T7#9,T8#8,T9#7,T10#6,T11#5,T12#4,T13#3,T14#2,T15#1>group(App<F,T1#15>,App<F,T2#14>,App<F,T3#13>,App<F,T4#12>,App<F,T5#11>,App<F,T6#10>,App<F,T7#9>,App<F,T8#8>,App<F,T9#7>,App<F,T10#6>,App<F,T11#5>,App<F,T12#4>,App<F,T13#3>,App<F,T14#2>,App<F,T15#1>)
    T9#7 extends Object declared in method <T1#15,T2#14,T3#13,T4#12,T5#11,T6#10,T7#9,T8#8,T9#7,T10#6,T11#5,T12#4,T13#3,T14#2,T15#1>group(App<F,T1#15>,App<F,T2#14>,App<F,T3#13>,App<F,T4#12>,App<F,T5#11>,App<F,T6#10>,App<F,T7#9>,App<F,T8#8>,App<F,T9#7>,App<F,T10#6>,App<F,T11#5>,App<F,T12#4>,App<F,T13#3>,App<F,T14#2>,App<F,T15#1>)
    T10#6 extends Object declared in method <T1#15,T2#14,T3#13,T4#12,T5#11,T6#10,T7#9,T8#8,T9#7,T10#6,T11#5,T12#4,T13#3,T14#2,T15#1>group(App<F,T1#15>,App<F,T2#14>,App<F,T3#13>,App<F,T4#12>,App<F,T5#11>,App<F,T6#10>,App<F,T7#9>,App<F,T8#8>,App<F,T9#7>,App<F,T10#6>,App<F,T11#5>,App<F,T12#4>,App<F,T13#3>,App<F,T14#2>,App<F,T15#1>)
    T11#5 extends Object declared in method <T1#15,T2#14,T3#13,T4#12,T5#11,T6#10,T7#9,T8#8,T9#7,T10#6,T11#5,T12#4,T13#3,T14#2,T15#1>group(App<F,T1#15>,App<F,T2#14>,App<F,T3#13>,App<F,T4#12>,App<F,T5#11>,App<F,T6#10>,App<F,T7#9>,App<F,T8#8>,App<F,T9#7>,App<F,T10#6>,App<F,T11#5>,App<F,T12#4>,App<F,T13#3>,App<F,T14#2>,App<F,T15#1>)
    T12#4 extends Object declared in method <T1#15,T2#14,T3#13,T4#12,T5#11,T6#10,T7#9,T8#8,T9#7,T10#6,T11#5,T12#4,T13#3,T14#2,T15#1>group(App<F,T1#15>,App<F,T2#14>,App<F,T3#13>,App<F,T4#12>,App<F,T5#11>,App<F,T6#10>,App<F,T7#9>,App<F,T8#8>,App<F,T9#7>,App<F,T10#6>,App<F,T11#5>,App<F,T12#4>,App<F,T13#3>,App<F,T14#2>,App<F,T15#1>)
    T13#3 extends Object declared in method <T1#15,T2#14,T3#13,T4#12,T5#11,T6#10,T7#9,T8#8,T9#7,T10#6,T11#5,T12#4,T13#3,T14#2,T15#1>group(App<F,T1#15>,App<F,T2#14>,App<F,T3#13>,App<F,T4#12>,App<F,T5#11>,App<F,T6#10>,App<F,T7#9>,App<F,T8#8>,App<F,T9#7>,App<F,T10#6>,App<F,T11#5>,App<F,T12#4>,App<F,T13#3>,App<F,T14#2>,App<F,T15#1>)
    T14#2 extends Object declared in method <T1#15,T2#14,T3#13,T4#12,T5#11,T6#10,T7#9,T8#8,T9#7,T10#6,T11#5,T12#4,T13#3,T14#2,T15#1>group(App<F,T1#15>,App<F,T2#14>,App<F,T3#13>,App<F,T4#12>,App<F,T5#11>,App<F,T6#10>,App<F,T7#9>,App<F,T8#8>,App<F,T9#7>,App<F,T10#6>,App<F,T11#5>,App<F,T12#4>,App<F,T13#3>,App<F,T14#2>,App<F,T15#1>)
    T15#1 extends Object declared in method <T1#15,T2#14,T3#13,T4#12,T5#11,T6#10,T7#9,T8#8,T9#7,T10#6,T11#5,T12#4,T13#3,T14#2,T15#1>group(App<F,T1#15>,App<F,T2#14>,App<F,T3#13>,App<F,T4#12>,App<F,T5#11>,App<F,T6#10>,App<F,T7#9>,App<F,T8#8>,App<F,T9#7>,App<F,T10#6>,App<F,T11#5>,App<F,T12#4>,App<F,T13#3>,App<F,T14#2>,App<F,T15#1>)
    T1#16 extends Object declared in method <T1#16,T2#15,T3#14,T4#13,T5#12,T6#11,T7#10,T8#9,T9#8,T10#7,T11#6,T12#5,T13#4,T14#3,T15#2,T16>group(App<F,T1#16>,App<F,T2#15>,App<F,T3#14>,App<F,T4#13>,App<F,T5#12>,App<F,T6#11>,App<F,T7#10>,App<F,T8#9>,App<F,T9#8>,App<F,T10#7>,App<F,T11#6>,App<F,T12#5>,App<F,T13#4>,App<F,T14#3>,App<F,T15#2>,App<F,T16>)
    T2#15 extends Object declared in method <T1#16,T2#15,T3#14,T4#13,T5#12,T6#11,T7#10,T8#9,T9#8,T10#7,T11#6,T12#5,T13#4,T14#3,T15#2,T16>group(App<F,T1#16>,App<F,T2#15>,App<F,T3#14>,App<F,T4#13>,App<F,T5#12>,App<F,T6#11>,App<F,T7#10>,App<F,T8#9>,App<F,T9#8>,App<F,T10#7>,App<F,T11#6>,App<F,T12#5>,App<F,T13#4>,App<F,T14#3>,App<F,T15#2>,App<F,T16>)
    T3#14 extends Object declared in method <T1#16,T2#15,T3#14,T4#13,T5#12,T6#11,T7#10,T8#9,T9#8,T10#7,T11#6,T12#5,T13#4,T14#3,T15#2,T16>group(App<F,T1#16>,App<F,T2#15>,App<F,T3#14>,App<F,T4#13>,App<F,T5#12>,App<F,T6#11>,App<F,T7#10>,App<F,T8#9>,App<F,T9#8>,App<F,T10#7>,App<F,T11#6>,App<F,T12#5>,App<F,T13#4>,App<F,T14#3>,App<F,T15#2>,App<F,T16>)
    T4#13 extends Object declared in method <T1#16,T2#15,T3#14,T4#13,T5#12,T6#11,T7#10,T8#9,T9#8,T10#7,T11#6,T12#5,T13#4,T14#3,T15#2,T16>group(App<F,T1#16>,App<F,T2#15>,App<F,T3#14>,App<F,T4#13>,App<F,T5#12>,App<F,T6#11>,App<F,T7#10>,App<F,T8#9>,App<F,T9#8>,App<F,T10#7>,App<F,T11#6>,App<F,T12#5>,App<F,T13#4>,App<F,T14#3>,App<F,T15#2>,App<F,T16>)
    T5#12 extends Object declared in method <T1#16,T2#15,T3#14,T4#13,T5#12,T6#11,T7#10,T8#9,T9#8,T10#7,T11#6,T12#5,T13#4,T14#3,T15#2,T16>group(App<F,T1#16>,App<F,T2#15>,App<F,T3#14>,App<F,T4#13>,App<F,T5#12>,App<F,T6#11>,App<F,T7#10>,App<F,T8#9>,App<F,T9#8>,App<F,T10#7>,App<F,T11#6>,App<F,T12#5>,App<F,T13#4>,App<F,T14#3>,App<F,T15#2>,App<F,T16>)
    T6#11 extends Object declared in method <T1#16,T2#15,T3#14,T4#13,T5#12,T6#11,T7#10,T8#9,T9#8,T10#7,T11#6,T12#5,T13#4,T14#3,T15#2,T16>group(App<F,T1#16>,App<F,T2#15>,App<F,T3#14>,App<F,T4#13>,App<F,T5#12>,App<F,T6#11>,App<F,T7#10>,App<F,T8#9>,App<F,T9#8>,App<F,T10#7>,App<F,T11#6>,App<F,T12#5>,App<F,T13#4>,App<F,T14#3>,App<F,T15#2>,App<F,T16>)
    T7#10 extends Object declared in method <T1#16,T2#15,T3#14,T4#13,T5#12,T6#11,T7#10,T8#9,T9#8,T10#7,T11#6,T12#5,T13#4,T14#3,T15#2,T16>group(App<F,T1#16>,App<F,T2#15>,App<F,T3#14>,App<F,T4#13>,App<F,T5#12>,App<F,T6#11>,App<F,T7#10>,App<F,T8#9>,App<F,T9#8>,App<F,T10#7>,App<F,T11#6>,App<F,T12#5>,App<F,T13#4>,App<F,T14#3>,App<F,T15#2>,App<F,T16>)
    T8#9 extends Object declared in method <T1#16,T2#15,T3#14,T4#13,T5#12,T6#11,T7#10,T8#9,T9#8,T10#7,T11#6,T12#5,T13#4,T14#3,T15#2,T16>group(App<F,T1#16>,App<F,T2#15>,App<F,T3#14>,App<F,T4#13>,App<F,T5#12>,App<F,T6#11>,App<F,T7#10>,App<F,T8#9>,App<F,T9#8>,App<F,T10#7>,App<F,T11#6>,App<F,T12#5>,App<F,T13#4>,App<F,T14#3>,App<F,T15#2>,App<F,T16>)
    T9#8 extends Object declared in method <T1#16,T2#15,T3#14,T4#13,T5#12,T6#11,T7#10,T8#9,T9#8,T10#7,T11#6,T12#5,T13#4,T14#3,T15#2,T16>group(App<F,T1#16>,App<F,T2#15>,App<F,T3#14>,App<F,T4#13>,App<F,T5#12>,App<F,T6#11>,App<F,T7#10>,App<F,T8#9>,App<F,T9#8>,App<F,T10#7>,App<F,T11#6>,App<F,T12#5>,App<F,T13#4>,App<F,T14#3>,App<F,T15#2>,App<F,T16>)
    T10#7 extends Object declared in method <T1#16,T2#15,T3#14,T4#13,T5#12,T6#11,T7#10,T8#9,T9#8,T10#7,T11#6,T12#5,T13#4,T14#3,T15#2,T16>group(App<F,T1#16>,App<F,T2#15>,App<F,T3#14>,App<F,T4#13>,App<F,T5#12>,App<F,T6#11>,App<F,T7#10>,App<F,T8#9>,App<F,T9#8>,App<F,T10#7>,App<F,T11#6>,App<F,T12#5>,App<F,T13#4>,App<F,T14#3>,App<F,T15#2>,App<F,T16>)
    T11#6 extends Object declared in method <T1#16,T2#15,T3#14,T4#13,T5#12,T6#11,T7#10,T8#9,T9#8,T10#7,T11#6,T12#5,T13#4,T14#3,T15#2,T16>group(App<F,T1#16>,App<F,T2#15>,App<F,T3#14>,App<F,T4#13>,App<F,T5#12>,App<F,T6#11>,App<F,T7#10>,App<F,T8#9>,App<F,T9#8>,App<F,T10#7>,App<F,T11#6>,App<F,T12#5>,App<F,T13#4>,App<F,T14#3>,App<F,T15#2>,App<F,T16>)
    T12#5 extends Object declared in method <T1#16,T2#15,T3#14,T4#13,T5#12,T6#11,T7#10,T8#9,T9#8,T10#7,T11#6,T12#5,T13#4,T14#3,T15#2,T16>group(App<F,T1#16>,App<F,T2#15>,App<F,T3#14>,App<F,T4#13>,App<F,T5#12>,App<F,T6#11>,App<F,T7#10>,App<F,T8#9>,App<F,T9#8>,App<F,T10#7>,App<F,T11#6>,App<F,T12#5>,App<F,T13#4>,App<F,T14#3>,App<F,T15#2>,App<F,T16>)
    T13#4 extends Object declared in method <T1#16,T2#15,T3#14,T4#13,T5#12,T6#11,T7#10,T8#9,T9#8,T10#7,T11#6,T12#5,T13#4,T14#3,T15#2,T16>group(App<F,T1#16>,App<F,T2#15>,App<F,T3#14>,App<F,T4#13>,App<F,T5#12>,App<F,T6#11>,App<F,T7#10>,App<F,T8#9>,App<F,T9#8>,App<F,T10#7>,App<F,T11#6>,App<F,T12#5>,App<F,T13#4>,App<F,T14#3>,App<F,T15#2>,App<F,T16>)
    T14#3 extends Object declared in method <T1#16,T2#15,T3#14,T4#13,T5#12,T6#11,T7#10,T8#9,T9#8,T10#7,T11#6,T12#5,T13#4,T14#3,T15#2,T16>group(App<F,T1#16>,App<F,T2#15>,App<F,T3#14>,App<F,T4#13>,App<F,T5#12>,App<F,T6#11>,App<F,T7#10>,App<F,T8#9>,App<F,T9#8>,App<F,T10#7>,App<F,T11#6>,App<F,T12#5>,App<F,T13#4>,App<F,T14#3>,App<F,T15#2>,App<F,T16>)
    T15#2 extends Object declared in method <T1#16,T2#15,T3#14,T4#13,T5#12,T6#11,T7#10,T8#9,T9#8,T10#7,T11#6,T12#5,T13#4,T14#3,T15#2,T16>group(App<F,T1#16>,App<F,T2#15>,App<F,T3#14>,App<F,T4#13>,App<F,T5#12>,App<F,T6#11>,App<F,T7#10>,App<F,T8#9>,App<F,T9#8>,App<F,T10#7>,App<F,T11#6>,App<F,T12#5>,App<F,T13#4>,App<F,T14#3>,App<F,T15#2>,App<F,T16>)
    T16 extends Object declared in method <T1#16,T2#15,T3#14,T4#13,T5#12,T6#11,T7#10,T8#9,T9#8,T10#7,T11#6,T12#5,T13#4,T14#3,T15#2,T16>group(App<F,T1#16>,App<F,T2#15>,App<F,T3#14>,App<F,T4#13>,App<F,T5#12>,App<F,T6#11>,App<F,T7#10>,App<F,T8#9>,App<F,T9#8>,App<F,T10#7>,App<F,T11#6>,App<F,T12#5>,App<F,T13#4>,App<F,T14#3>,App<F,T15#2>,App<F,T16>)
/home/runner/work/mcJava/mcJava/android/app/src/main/java/net/minecraft/world/level/levelgen/NoiseSettings.java:18: error: incompatible types: invalid method reference
      .comapFlatMap(NoiseSettings::guardY, Function.identity());
                    ^
    incompatible types: Object cannot be converted to NoiseSettings
/home/runner/work/mcJava/mcJava/android/app/src/main/java/net/minecraft/world/level/levelgen/blending/BlendingData.java:410: error: no suitable method found for group(RecordCodecBuilder<Packed,Integer>,RecordCodecBuilder<Packed,Integer>,RecordCodecBuilder<Packed,Optional<float[]>>)
            i -> i.group(
                  ^
    method Kind1.<T1#1>group(App<Mu<Object>,T1#1>) is not applicable
      (cannot infer type-variable(s) T1#1
        (actual and formal argument lists differ in length))
    method Kind1.<T1#2,T2#1>group(App<Mu<Object>,T1#2>,App<Mu<Object>,T2#1>) is not applicable
      (cannot infer type-variable(s) T1#2,T2#1
        (actual and formal argument lists differ in length))
    method Kind1.<T1#3,T2#2,T3#1>group(App<Mu<Object>,T1#3>,App<Mu<Object>,T2#2>,App<Mu<Object>,T3#1>) is not applicable
      (inference variable O has incompatible equality constraints Packed,Object)
    method Kind1.<T1#4,T2#3,T3#2,T4#1>group(App<Mu<Object>,T1#4>,App<Mu<Object>,T2#3>,App<Mu<Object>,T3#2>,App<Mu<Object>,T4#1>) is not applicable
      (cannot infer type-variable(s) T1#4,T2#3,T3#2,T4#1
        (actual and formal argument lists differ in length))
    method Kind1.<T1#5,T2#4,T3#3,T4#2,T5#1>group(App<Mu<Object>,T1#5>,App<Mu<Object>,T2#4>,App<Mu<Object>,T3#3>,App<Mu<Object>,T4#2>,App<Mu<Object>,T5#1>) is not applicable
      (cannot infer type-variable(s) T1#5,T2#4,T3#3,T4#2,T5#1
        (actual and formal argument lists differ in length))
    method Kind1.<T1#6,T2#5,T3#4,T4#3,T5#2,T6#1>group(App<Mu<Object>,T1#6>,App<Mu<Object>,T2#5>,App<Mu<Object>,T3#4>,App<Mu<Object>,T4#3>,App<Mu<Object>,T5#2>,App<Mu<Object>,T6#1>) is not applicable
      (cannot infer type-variable(s) T1#6,T2#5,T3#4,T4#3,T5#2,T6#1
        (actual and formal argument lists differ in length))
    method Kind1.<T1#7,T2#6,T3#5,T4#4,T5#3,T6#2,T7#1>group(App<Mu<Object>,T1#7>,App<Mu<Object>,T2#6>,App<Mu<Object>,T3#5>,App<Mu<Object>,T4#4>,App<Mu<Object>,T5#3>,App<Mu<Object>,T6#2>,App<Mu<Object>,T7#1>) is not applicable
      (cannot infer type-variable(s) T1#7,T2#6,T3#5,T4#4,T5#3,T6#2,T7#1
        (actual and formal argument lists differ in length))
    method Kind1.<T1#8,T2#7,T3#6,T4#5,T5#4,T6#3,T7#2,T8#1>group(App<Mu<Object>,T1#8>,App<Mu<Object>,T2#7>,App<Mu<Object>,T3#6>,App<Mu<Object>,T4#5>,App<Mu<Object>,T5#4>,App<Mu<Object>,T6#3>,App<Mu<Object>,T7#2>,App<Mu<Object>,T8#1>) is not applicable
      (cannot infer type-variable(s) T1#8,T2#7,T3#6,T4#5,T5#4,T6#3,T7#2,T8#1
        (actual and formal argument lists differ in length))
    method Kind1.<T1#9,T2#8,T3#7,T4#6,T5#5,T6#4,T7#3,T8#2,T9#1>group(App<Mu<Object>,T1#9>,App<Mu<Object>,T2#8>,App<Mu<Object>,T3#7>,App<Mu<Object>,T4#6>,App<Mu<Object>,T5#5>,App<Mu<Object>,T6#4>,App<Mu<Object>,T7#3>,App<Mu<Object>,T8#2>,App<Mu<Object>,T9#1>) is not applicable
      (cannot infer type-variable(s) T1#9,T2#8,T3#7,T4#6,T5#5,T6#4,T7#3,T8#2,T9#1
        (actual and formal argument lists differ in length))
    method Kind1.<T1#10,T2#9,T3#8,T4#7,T5#6,T6#5,T7#4,T8#3,T9#2,T10#1>group(App<Mu<Object>,T1#10>,App<Mu<Object>,T2#9>,App<Mu<Object>,T3#8>,App<Mu<Object>,T4#7>,App<Mu<Object>,T5#6>,App<Mu<Object>,T6#5>,App<Mu<Object>,T7#4>,App<Mu<Object>,T8#3>,App<Mu<Object>,T9#2>,App<Mu<Object>,T10#1>) is not applicable
      (cannot infer type-variable(s) T1#10,T2#9,T3#8,T4#7,T5#6,T6#5,T7#4,T8#3,T9#2,T10#1
        (actual and formal argument lists differ in length))
    method Kind1.<T1#11,T2#10,T3#9,T4#8,T5#7,T6#6,T7#5,T8#4,T9#3,T10#2,T11#1>group(App<Mu<Object>,T1#11>,App<Mu<Object>,T2#10>,App<Mu<Object>,T3#9>,App<Mu<Object>,T4#8>,App<Mu<Object>,T5#7>,App<Mu<Object>,T6#6>,App<Mu<Object>,T7#5>,App<Mu<Object>,T8#4>,App<Mu<Object>,T9#3>,App<Mu<Object>,T10#2>,App<Mu<Object>,T11#1>) is not applicable
      (cannot infer type-variable(s) T1#11,T2#10,T3#9,T4#8,T5#7,T6#6,T7#5,T8#4,T9#3,T10#2,T11#1
        (actual and formal argument lists differ in length))
    method Kind1.<T1#12,T2#11,T3#10,T4#9,T5#8,T6#7,T7#6,T8#5,T9#4,T10#3,T11#2,T12#1>group(App<Mu<Object>,T1#12>,App<Mu<Object>,T2#11>,App<Mu<Object>,T3#10>,App<Mu<Object>,T4#9>,App<Mu<Object>,T5#8>,App<Mu<Object>,T6#7>,App<Mu<Object>,T7#6>,App<Mu<Object>,T8#5>,App<Mu<Object>,T9#4>,App<Mu<Object>,T10#3>,App<Mu<Object>,T11#2>,App<Mu<Object>,T12#1>) is not applicable
      (cannot infer type-variable(s) T1#12,T2#11,T3#10,T4#9,T5#8,T6#7,T7#6,T8#5,T9#4,T10#3,T11#2,T12#1
        (actual and formal argument lists differ in length))
    method Kind1.<T1#13,T2#12,T3#11,T4#10,T5#9,T6#8,T7#7,T8#6,T9#5,T10#4,T11#3,T12#2,T13#1>group(App<Mu<Object>,T1#13>,App<Mu<Object>,T2#12>,App<Mu<Object>,T3#11>,App<Mu<Object>,T4#10>,App<Mu<Object>,T5#9>,App<Mu<Object>,T6#8>,App<Mu<Object>,T7#7>,App<Mu<Object>,T8#6>,App<Mu<Object>,T9#5>,App<Mu<Object>,T10#4>,App<Mu<Object>,T11#3>,App<Mu<Object>,T12#2>,App<Mu<Object>,T13#1>) is not applicable
      (cannot infer type-variable(s) T1#13,T2#12,T3#11,T4#10,T5#9,T6#8,T7#7,T8#6,T9#5,T10#4,T11#3,T12#2,T13#1
        (actual and formal argument lists differ in length))
    method Kind1.<T1#14,T2#13,T3#12,T4#11,T5#10,T6#9,T7#8,T8#7,T9#6,T10#5,T11#4,T12#3,T13#2,T14#1>group(App<Mu<Object>,T1#14>,App<Mu<Object>,T2#13>,App<Mu<Object>,T3#12>,App<Mu<Object>,T4#11>,App<Mu<Object>,T5#10>,App<Mu<Object>,T6#9>,App<Mu<Object>,T7#8>,App<Mu<Object>,T8#7>,App<Mu<Object>,T9#6>,App<Mu<Object>,T10#5>,App<Mu<Object>,T11#4>,App<Mu<Object>,T12#3>,App<Mu<Object>,T13#2>,App<Mu<Object>,T14#1>) is not applicable
      (cannot infer type-variable(s) T1#14,T2#13,T3#12,T4#11,T5#10,T6#9,T7#8,T8#7,T9#6,T10#5,T11#4,T12#3,T13#2,T14#1
        (actual and formal argument lists differ in length))
    method Kind1.<T1#15,T2#14,T3#13,T4#12,T5#11,T6#10,T7#9,T8#8,T9#7,T10#6,T11#5,T12#4,T13#3,T14#2,T15#1>group(App<Mu<Object>,T1#15>,App<Mu<Object>,T2#14>,App<Mu<Object>,T3#13>,App<Mu<Object>,T4#12>,App<Mu<Object>,T5#11>,App<Mu<Object>,T6#10>,App<Mu<Object>,T7#9>,App<Mu<Object>,T8#8>,App<Mu<Object>,T9#7>,App<Mu<Object>,T10#6>,App<Mu<Object>,T11#5>,App<Mu<Object>,T12#4>,App<Mu<Object>,T13#3>,App<Mu<Object>,T14#2>,App<Mu<Object>,T15#1>) is not applicable
      (cannot infer type-variable(s) T1#15,T2#14,T3#13,T4#12,T5#11,T6#10,T7#9,T8#8,T9#7,T10#6,T11#5,T12#4,T13#3,T14#2,T15#1
        (actual and formal argument lists differ in length))
    method Kind1.<T1#16,T2#15,T3#14,T4#13,T5#12,T6#11,T7#10,T8#9,T9#8,T10#7,T11#6,T12#5,T13#4,T14#3,T15#2,T16>group(App<Mu<Object>,T1#16>,App<Mu<Object>,T2#15>,App<Mu<Object>,T3#14>,App<Mu<Object>,T4#13>,App<Mu<Object>,T5#12>,App<Mu<Object>,T6#11>,App<Mu<Object>,T7#10>,App<Mu<Object>,T8#9>,App<Mu<Object>,T9#8>,App<Mu<Object>,T10#7>,App<Mu<Object>,T11#6>,App<Mu<Object>,T12#5>,App<Mu<Object>,T13#4>,App<Mu<Object>,T14#3>,App<Mu<Object>,T15#2>,App<Mu<Object>,T16>) is not applicable
      (cannot infer type-variable(s) T1#16,T2#15,T3#14,T4#13,T5#12,T6#11,T7#10,T8#9,T9#8,T10#7,T11#6,T12#5,T13#4,T14#3,T15#2,T16
        (actual and formal argument lists differ in length))
  where T1#1,F,T1#2,T2#1,T1#3,T2#2,T3#1,O,A,T1#4,T2#3,T3#2,T4#1,T1#5,T2#4,T3#3,T4#2,T5#1,T1#6,T2#5,T3#4,T4#3,T5#2,T6#1,T1#7,T2#6,T3#5,T4#4,T5#3,T6#2,T7#1,T1#8,T2#7,T3#6,T4#5,T5#4,T6#3,T7#2,T8#1,T1#9,T2#8,T3#7,T4#6,T5#5,T6#4,T7#3,T8#2,T9#1,T1#10,T2#9,T3#8,T4#7,T5#6,T6#5,T7#4,T8#3,T9#2,T10#1,T1#11,T2#10,T3#9,T4#8,T5#7,T6#6,T7#5,T8#4,T9#3,T10#2,T11#1,T1#12,T2#11,T3#10,T4#9,T5#8,T6#7,T7#6,T8#5,T9#4,T10#3,T11#2,T12#1,T1#13,T2#12,T3#11,T4#10,T5#9,T6#8,T7#7,T8#6,T9#5,T10#4,T11#3,T12#2,T13#1,T1#14,T2#13,T3#12,T4#11,T5#10,T6#9,T7#8,T8#7,T9#6,T10#5,T11#4,T12#3,T13#2,T14#1,T1#15,T2#14,T3#13,T4#12,T5#11,T6#10,T7#9,T8#8,T9#7,T10#6,T11#5,T12#4,T13#3,T14#2,T15#1,T1#16,T2#15,T3#14,T4#13,T5#12,T6#11,T7#10,T8#9,T9#8,T10#7,T11#6,T12#5,T13#4,T14#3,T15#2,T16 are type-variables:
    T1#1 extends Object declared in method <T1#1>group(App<F,T1#1>)
    F extends K1 declared in interface Kind1
    T1#2 extends Object declared in method <T1#2,T2#1>group(App<F,T1#2>,App<F,T2#1>)
    T2#1 extends Object declared in method <T1#2,T2#1>group(App<F,T1#2>,App<F,T2#1>)
    T1#3 extends Object declared in method <T1#3,T2#2,T3#1>group(App<F,T1#3>,App<F,T2#2>,App<F,T3#1>)
    T2#2 extends Object declared in method <T1#3,T2#2,T3#1>group(App<F,T1#3>,App<F,T2#2>,App<F,T3#1>)
    T3#1 extends Object declared in method <T1#3,T2#2,T3#1>group(App<F,T1#3>,App<F,T2#2>,App<F,T3#1>)
    O extends Object declared in method <O>forGetter(Function<O,A>)
    A extends Object declared in class MapCodec
    T1#4 extends Object declared in method <T1#4,T2#3,T3#2,T4#1>group(App<F,T1#4>,App<F,T2#3>,App<F,T3#2>,App<F,T4#1>)
    T2#3 extends Object declared in method <T1#4,T2#3,T3#2,T4#1>group(App<F,T1#4>,App<F,T2#3>,App<F,T3#2>,App<F,T4#1>)
    T3#2 extends Object declared in method <T1#4,T2#3,T3#2,T4#1>group(App<F,T1#4>,App<F,T2#3>,App<F,T3#2>,App<F,T4#1>)
    T4#1 extends Object declared in method <T1#4,T2#3,T3#2,T4#1>group(App<F,T1#4>,App<F,T2#3>,App<F,T3#2>,App<F,T4#1>)
    T1#5 extends Object declared in method <T1#5,T2#4,T3#3,T4#2,T5#1>group(App<F,T1#5>,App<F,T2#4>,App<F,T3#3>,App<F,T4#2>,App<F,T5#1>)
    T2#4 extends Object declared in method <T1#5,T2#4,T3#3,T4#2,T5#1>group(App<F,T1#5>,App<F,T2#4>,App<F,T3#3>,App<F,T4#2>,App<F,T5#1>)
    T3#3 extends Object declared in method <T1#5,T2#4,T3#3,T4#2,T5#1>group(App<F,T1#5>,App<F,T2#4>,App<F,T3#3>,App<F,T4#2>,App<F,T5#1>)
    T4#2 extends Object declared in method <T1#5,T2#4,T3#3,T4#2,T5#1>group(App<F,T1#5>,App<F,T2#4>,App<F,T3#3>,App<F,T4#2>,App<F,T5#1>)
    T5#1 extends Object declared in method <T1#5,T2#4,T3#3,T4#2,T5#1>group(App<F,T1#5>,App<F,T2#4>,App<F,T3#3>,App<F,T4#2>,App<F,T5#1>)
    T1#6 extends Object declared in method <T1#6,T2#5,T3#4,T4#3,T5#2,T6#1>group(App<F,T1#6>,App<F,T2#5>,App<F,T3#4>,App<F,T4#3>,App<F,T5#2>,App<F,T6#1>)
    T2#5 extends Object declared in method <T1#6,T2#5,T3#4,T4#3,T5#2,T6#1>group(App<F,T1#6>,App<F,T2#5>,App<F,T3#4>,App<F,T4#3>,App<F,T5#2>,App<F,T6#1>)
    T3#4 extends Object declared in method <T1#6,T2#5,T3#4,T4#3,T5#2,T6#1>group(App<F,T1#6>,App<F,T2#5>,App<F,T3#4>,App<F,T4#3>,App<F,T5#2>,App<F,T6#1>)
    T4#3 extends Object declared in method <T1#6,T2#5,T3#4,T4#3,T5#2,T6#1>group(App<F,T1#6>,App<F,T2#5>,App<F,T3#4>,App<F,T4#3>,App<F,T5#2>,App<F,T6#1>)
    T5#2 extends Object declared in method <T1#6,T2#5,T3#4,T4#3,T5#2,T6#1>group(App<F,T1#6>,App<F,T2#5>,App<F,T3#4>,App<F,T4#3>,App<F,T5#2>,App<F,T6#1>)
    T6#1 extends Object declared in method <T1#6,T2#5,T3#4,T4#3,T5#2,T6#1>group(App<F,T1#6>,App<F,T2#5>,App<F,T3#4>,App<F,T4#3>,App<F,T5#2>,App<F,T6#1>)
    T1#7 extends Object declared in method <T1#7,T2#6,T3#5,T4#4,T5#3,T6#2,T7#1>group(App<F,T1#7>,App<F,T2#6>,App<F,T3#5>,App<F,T4#4>,App<F,T5#3>,App<F,T6#2>,App<F,T7#1>)
    T2#6 extends Object declared in method <T1#7,T2#6,T3#5,T4#4,T5#3,T6#2,T7#1>group(App<F,T1#7>,App<F,T2#6>,App<F,T3#5>,App<F,T4#4>,App<F,T5#3>,App<F,T6#2>,App<F,T7#1>)
    T3#5 extends Object declared in method <T1#7,T2#6,T3#5,T4#4,T5#3,T6#2,T7#1>group(App<F,T1#7>,App<F,T2#6>,App<F,T3#5>,App<F,T4#4>,App<F,T5#3>,App<F,T6#2>,App<F,T7#1>)
    T4#4 extends Object declared in method <T1#7,T2#6,T3#5,T4#4,T5#3,T6#2,T7#1>group(App<F,T1#7>,App<F,T2#6>,App<F,T3#5>,App<F,T4#4>,App<F,T5#3>,App<F,T6#2>,App<F,T7#1>)
    T5#3 extends Object declared in method <T1#7,T2#6,T3#5,T4#4,T5#3,T6#2,T7#1>group(App<F,T1#7>,App<F,T2#6>,App<F,T3#5>,App<F,T4#4>,App<F,T5#3>,App<F,T6#2>,App<F,T7#1>)
    T6#2 extends Object declared in method <T1#7,T2#6,T3#5,T4#4,T5#3,T6#2,T7#1>group(App<F,T1#7>,App<F,T2#6>,App<F,T3#5>,App<F,T4#4>,App<F,T5#3>,App<F,T6#2>,App<F,T7#1>)
    T7#1 extends Object declared in method <T1#7,T2#6,T3#5,T4#4,T5#3,T6#2,T7#1>group(App<F,T1#7>,App<F,T2#6>,App<F,T3#5>,App<F,T4#4>,App<F,T5#3>,App<F,T6#2>,App<F,T7#1>)
    T1#8 extends Object declared in method <T1#8,T2#7,T3#6,T4#5,T5#4,T6#3,T7#2,T8#1>group(App<F,T1#8>,App<F,T2#7>,App<F,T3#6>,App<F,T4#5>,App<F,T5#4>,App<F,T6#3>,App<F,T7#2>,App<F,T8#1>)
    T2#7 extends Object declared in method <T1#8,T2#7,T3#6,T4#5,T5#4,T6#3,T7#2,T8#1>group(App<F,T1#8>,App<F,T2#7>,App<F,T3#6>,App<F,T4#5>,App<F,T5#4>,App<F,T6#3>,App<F,T7#2>,App<F,T8#1>)
    T3#6 extends Object declared in method <T1#8,T2#7,T3#6,T4#5,T5#4,T6#3,T7#2,T8#1>group(App<F,T1#8>,App<F,T2#7>,App<F,T3#6>,App<F,T4#5>,App<F,T5#4>,App<F,T6#3>,App<F,T7#2>,App<F,T8#1>)
    T4#5 extends Object declared in method <T1#8,T2#7,T3#6,T4#5,T5#4,T6#3,T7#2,T8#1>group(App<F,T1#8>,App<F,T2#7>,App<F,T3#6>,App<F,T4#5>,App<F,T5#4>,App<F,T6#3>,App<F,T7#2>,App<F,T8#1>)
    T5#4 extends Object declared in method <T1#8,T2#7,T3#6,T4#5,T5#4,T6#3,T7#2,T8#1>group(App<F,T1#8>,App<F,T2#7>,App<F,T3#6>,App<F,T4#5>,App<F,T5#4>,App<F,T6#3>,App<F,T7#2>,App<F,T8#1>)
    T6#3 extends Object declared in method <T1#8,T2#7,T3#6,T4#5,T5#4,T6#3,T7#2,T8#1>group(App<F,T1#8>,App<F,T2#7>,App<F,T3#6>,App<F,T4#5>,App<F,T5#4>,App<F,T6#3>,App<F,T7#2>,App<F,T8#1>)
    T7#2 extends Object declared in method <T1#8,T2#7,T3#6,T4#5,T5#4,T6#3,T7#2,T8#1>group(App<F,T1#8>,App<F,T2#7>,App<F,T3#6>,App<F,T4#5>,App<F,T5#4>,App<F,T6#3>,App<F,T7#2>,App<F,T8#1>)
    T8#1 extends Object declared in method <T1#8,T2#7,T3#6,T4#5,T5#4,T6#3,T7#2,T8#1>group(App<F,T1#8>,App<F,T2#7>,App<F,T3#6>,App<F,T4#5>,App<F,T5#4>,App<F,T6#3>,App<F,T7#2>,App<F,T8#1>)
    T1#9 extends Object declared in method <T1#9,T2#8,T3#7,T4#6,T5#5,T6#4,T7#3,T8#2,T9#1>group(App<F,T1#9>,App<F,T2#8>,App<F,T3#7>,App<F,T4#6>,App<F,T5#5>,App<F,T6#4>,App<F,T7#3>,App<F,T8#2>,App<F,T9#1>)
    T2#8 extends Object declared in method <T1#9,T2#8,T3#7,T4#6,T5#5,T6#4,T7#3,T8#2,T9#1>group(App<F,T1#9>,App<F,T2#8>,App<F,T3#7>,App<F,T4#6>,App<F,T5#5>,App<F,T6#4>,App<F,T7#3>,App<F,T8#2>,App<F,T9#1>)
    T3#7 extends Object declared in method <T1#9,T2#8,T3#7,T4#6,T5#5,T6#4,T7#3,T8#2,T9#1>group(App<F,T1#9>,App<F,T2#8>,App<F,T3#7>,App<F,T4#6>,App<F,T5#5>,App<F,T6#4>,App<F,T7#3>,App<F,T8#2>,App<F,T9#1>)
    T4#6 extends Object declared in method <T1#9,T2#8,T3#7,T4#6,T5#5,T6#4,T7#3,T8#2,T9#1>group(App<F,T1#9>,App<F,T2#8>,App<F,T3#7>,App<F,T4#6>,App<F,T5#5>,App<F,T6#4>,App<F,T7#3>,App<F,T8#2>,App<F,T9#1>)
    T5#5 extends Object declared in method <T1#9,T2#8,T3#7,T4#6,T5#5,T6#4,T7#3,T8#2,T9#1>group(App<F,T1#9>,App<F,T2#8>,App<F,T3#7>,App<F,T4#6>,App<F,T5#5>,App<F,T6#4>,App<F,T7#3>,App<F,T8#2>,App<F,T9#1>)
    T6#4 extends Object declared in method <T1#9,T2#8,T3#7,T4#6,T5#5,T6#4,T7#3,T8#2,T9#1>group(App<F,T1#9>,App<F,T2#8>,App<F,T3#7>,App<F,T4#6>,App<F,T5#5>,App<F,T6#4>,App<F,T7#3>,App<F,T8#2>,App<F,T9#1>)
    T7#3 extends Object declared in method <T1#9,T2#8,T3#7,T4#6,T5#5,T6#4,T7#3,T8#2,T9#1>group(App<F,T1#9>,App<F,T2#8>,App<F,T3#7>,App<F,T4#6>,App<F,T5#5>,App<F,T6#4>,App<F,T7#3>,App<F,T8#2>,App<F,T9#1>)
    T8#2 extends Object declared in method <T1#9,T2#8,T3#7,T4#6,T5#5,T6#4,T7#3,T8#2,T9#1>group(App<F,T1#9>,App<F,T2#8>,App<F,T3#7>,App<F,T4#6>,App<F,T5#5>,App<F,T6#4>,App<F,T7#3>,App<F,T8#2>,App<F,T9#1>)
    T9#1 extends Object declared in method <T1#9,T2#8,T3#7,T4#6,T5#5,T6#4,T7#3,T8#2,T9#1>group(App<F,T1#9>,App<F,T2#8>,App<F,T3#7>,App<F,T4#6>,App<F,T5#5>,App<F,T6#4>,App<F,T7#3>,App<F,T8#2>,App<F,T9#1>)
    T1#10 extends Object declared in method <T1#10,T2#9,T3#8,T4#7,T5#6,T6#5,T7#4,T8#3,T9#2,T10#1>group(App<F,T1#10>,App<F,T2#9>,App<F,T3#8>,App<F,T4#7>,App<F,T5#6>,App<F,T6#5>,App<F,T7#4>,App<F,T8#3>,App<F,T9#2>,App<F,T10#1>)
    T2#9 extends Object declared in method <T1#10,T2#9,T3#8,T4#7,T5#6,T6#5,T7#4,T8#3,T9#2,T10#1>group(App<F,T1#10>,App<F,T2#9>,App<F,T3#8>,App<F,T4#7>,App<F,T5#6>,App<F,T6#5>,App<F,T7#4>,App<F,T8#3>,App<F,T9#2>,App<F,T10#1>)
    T3#8 extends Object declared in method <T1#10,T2#9,T3#8,T4#7,T5#6,T6#5,T7#4,T8#3,T9#2,T10#1>group(App<F,T1#10>,App<F,T2#9>,App<F,T3#8>,App<F,T4#7>,App<F,T5#6>,App<F,T6#5>,App<F,T7#4>,App<F,T8#3>,App<F,T9#2>,App<F,T10#1>)
    T4#7 extends Object declared in method <T1#10,T2#9,T3#8,T4#7,T5#6,T6#5,T7#4,T8#3,T9#2,T10#1>group(App<F,T1#10>,App<F,T2#9>,App<F,T3#8>,App<F,T4#7>,App<F,T5#6>,App<F,T6#5>,App<F,T7#4>,App<F,T8#3>,App<F,T9#2>,App<F,T10#1>)
    T5#6 extends Object declared in method <T1#10,T2#9,T3#8,T4#7,T5#6,T6#5,T7#4,T8#3,T9#2,T10#1>group(App<F,T1#10>,App<F,T2#9>,App<F,T3#8>,App<F,T4#7>,App<F,T5#6>,App<F,T6#5>,App<F,T7#4>,App<F,T8#3>,App<F,T9#2>,App<F,T10#1>)
    T6#5 extends Object declared in method <T1#10,T2#9,T3#8,T4#7,T5#6,T6#5,T7#4,T8#3,T9#2,T10#1>group(App<F,T1#10>,App<F,T2#9>,App<F,T3#8>,App<F,T4#7>,App<F,T5#6>,App<F,T6#5>,App<F,T7#4>,App<F,T8#3>,App<F,T9#2>,App<F,T10#1>)
    T7#4 extends Object declared in method <T1#10,T2#9,T3#8,T4#7,T5#6,T6#5,T7#4,T8#3,T9#2,T10#1>group(App<F,T1#10>,App<F,T2#9>,App<F,T3#8>,App<F,T4#7>,App<F,T5#6>,App<F,T6#5>,App<F,T7#4>,App<F,T8#3>,App<F,T9#2>,App<F,T10#1>)
    T8#3 extends Object declared in method <T1#10,T2#9,T3#8,T4#7,T5#6,T6#5,T7#4,T8#3,T9#2,T10#1>group(App<F,T1#10>,App<F,T2#9>,App<F,T3#8>,App<F,T4#7>,App<F,T5#6>,App<F,T6#5>,App<F,T7#4>,App<F,T8#3>,App<F,T9#2>,App<F,T10#1>)
    T9#2 extends Object declared in method <T1#10,T2#9,T3#8,T4#7,T5#6,T6#5,T7#4,T8#3,T9#2,T10#1>group(App<F,T1#10>,App<F,T2#9>,App<F,T3#8>,App<F,T4#7>,App<F,T5#6>,App<F,T6#5>,App<F,T7#4>,App<F,T8#3>,App<F,T9#2>,App<F,T10#1>)
    T10#1 extends Object declared in method <T1#10,T2#9,T3#8,T4#7,T5#6,T6#5,T7#4,T8#3,T9#2,T10#1>group(App<F,T1#10>,App<F,T2#9>,App<F,T3#8>,App<F,T4#7>,App<F,T5#6>,App<F,T6#5>,App<F,T7#4>,App<F,T8#3>,App<F,T9#2>,App<F,T10#1>)
    T1#11 extends Object declared in method <T1#11,T2#10,T3#9,T4#8,T5#7,T6#6,T7#5,T8#4,T9#3,T10#2,T11#1>group(App<F,T1#11>,App<F,T2#10>,App<F,T3#9>,App<F,T4#8>,App<F,T5#7>,App<F,T6#6>,App<F,T7#5>,App<F,T8#4>,App<F,T9#3>,App<F,T10#2>,App<F,T11#1>)
    T2#10 extends Object declared in method <T1#11,T2#10,T3#9,T4#8,T5#7,T6#6,T7#5,T8#4,T9#3,T10#2,T11#1>group(App<F,T1#11>,App<F,T2#10>,App<F,T3#9>,App<F,T4#8>,App<F,T5#7>,App<F,T6#6>,App<F,T7#5>,App<F,T8#4>,App<F,T9#3>,App<F,T10#2>,App<F,T11#1>)
    T3#9 extends Object declared in method <T1#11,T2#10,T3#9,T4#8,T5#7,T6#6,T7#5,T8#4,T9#3,T10#2,T11#1>group(App<F,T1#11>,App<F,T2#10>,App<F,T3#9>,App<F,T4#8>,App<F,T5#7>,App<F,T6#6>,App<F,T7#5>,App<F,T8#4>,App<F,T9#3>,App<F,T10#2>,App<F,T11#1>)
    T4#8 extends Object declared in method <T1#11,T2#10,T3#9,T4#8,T5#7,T6#6,T7#5,T8#4,T9#3,T10#2,T11#1>group(App<F,T1#11>,App<F,T2#10>,App<F,T3#9>,App<F,T4#8>,App<F,T5#7>,App<F,T6#6>,App<F,T7#5>,App<F,T8#4>,App<F,T9#3>,App<F,T10#2>,App<F,T11#1>)
    T5#7 extends Object declared in method <T1#11,T2#10,T3#9,T4#8,T5#7,T6#6,T7#5,T8#4,T9#3,T10#2,T11#1>group(App<F,T1#11>,App<F,T2#10>,App<F,T3#9>,App<F,T4#8>,App<F,T5#7>,App<F,T6#6>,App<F,T7#5>,App<F,T8#4>,App<F,T9#3>,App<F,T10#2>,App<F,T11#1>)
    T6#6 extends Object declared in method <T1#11,T2#10,T3#9,T4#8,T5#7,T6#6,T7#5,T8#4,T9#3,T10#2,T11#1>group(App<F,T1#11>,App<F,T2#10>,App<F,T3#9>,App<F,T4#8>,App<F,T5#7>,App<F,T6#6>,App<F,T7#5>,App<F,T8#4>,App<F,T9#3>,App<F,T10#2>,App<F,T11#1>)
    T7#5 extends Object declared in method <T1#11,T2#10,T3#9,T4#8,T5#7,T6#6,T7#5,T8#4,T9#3,T10#2,T11#1>group(App<F,T1#11>,App<F,T2#10>,App<F,T3#9>,App<F,T4#8>,App<F,T5#7>,App<F,T6#6>,App<F,T7#5>,App<F,T8#4>,App<F,T9#3>,App<F,T10#2>,App<F,T11#1>)
    T8#4 extends Object declared in method <T1#11,T2#10,T3#9,T4#8,T5#7,T6#6,T7#5,T8#4,T9#3,T10#2,T11#1>group(App<F,T1#11>,App<F,T2#10>,App<F,T3#9>,App<F,T4#8>,App<F,T5#7>,App<F,T6#6>,App<F,T7#5>,App<F,T8#4>,App<F,T9#3>,App<F,T10#2>,App<F,T11#1>)
    T9#3 extends Object declared in method <T1#11,T2#10,T3#9,T4#8,T5#7,T6#6,T7#5,T8#4,T9#3,T10#2,T11#1>group(App<F,T1#11>,App<F,T2#10>,App<F,T3#9>,App<F,T4#8>,App<F,T5#7>,App<F,T6#6>,App<F,T7#5>,App<F,T8#4>,App<F,T9#3>,App<F,T10#2>,App<F,T11#1>)
    T10#2 extends Object declared in method <T1#11,T2#10,T3#9,T4#8,T5#7,T6#6,T7#5,T8#4,T9#3,T10#2,T11#1>group(App<F,T1#11>,App<F,T2#10>,App<F,T3#9>,App<F,T4#8>,App<F,T5#7>,App<F,T6#6>,App<F,T7#5>,App<F,T8#4>,App<F,T9#3>,App<F,T10#2>,App<F,T11#1>)
    T11#1 extends Object declared in method <T1#11,T2#10,T3#9,T4#8,T5#7,T6#6,T7#5,T8#4,T9#3,T10#2,T11#1>group(App<F,T1#11>,App<F,T2#10>,App<F,T3#9>,App<F,T4#8>,App<F,T5#7>,App<F,T6#6>,App<F,T7#5>,App<F,T8#4>,App<F,T9#3>,App<F,T10#2>,App<F,T11#1>)
    T1#12 extends Object declared in method <T1#12,T2#11,T3#10,T4#9,T5#8,T6#7,T7#6,T8#5,T9#4,T10#3,T11#2,T12#1>group(App<F,T1#12>,App<F,T2#11>,App<F,T3#10>,App<F,T4#9>,App<F,T5#8>,App<F,T6#7>,App<F,T7#6>,App<F,T8#5>,App<F,T9#4>,App<F,T10#3>,App<F,T11#2>,App<F,T12#1>)
    T2#11 extends Object declared in method <T1#12,T2#11,T3#10,T4#9,T5#8,T6#7,T7#6,T8#5,T9#4,T10#3,T11#2,T12#1>group(App<F,T1#12>,App<F,T2#11>,App<F,T3#10>,App<F,T4#9>,App<F,T5#8>,App<F,T6#7>,App<F,T7#6>,App<F,T8#5>,App<F,T9#4>,App<F,T10#3>,App<F,T11#2>,App<F,T12#1>)
    T3#10 extends Object declared in method <T1#12,T2#11,T3#10,T4#9,T5#8,T6#7,T7#6,T8#5,T9#4,T10#3,T11#2,T12#1>group(App<F,T1#12>,App<F,T2#11>,App<F,T3#10>,App<F,T4#9>,App<F,T5#8>,App<F,T6#7>,App<F,T7#6>,App<F,T8#5>,App<F,T9#4>,App<F,T10#3>,App<F,T11#2>,App<F,T12#1>)
    T4#9 extends Object declared in method <T1#12,T2#11,T3#10,T4#9,T5#8,T6#7,T7#6,T8#5,T9#4,T10#3,T11#2,T12#1>group(App<F,T1#12>,App<F,T2#11>,App<F,T3#10>,App<F,T4#9>,App<F,T5#8>,App<F,T6#7>,App<F,T7#6>,App<F,T8#5>,App<F,T9#4>,App<F,T10#3>,App<F,T11#2>,App<F,T12#1>)
    T5#8 extends Object declared in method <T1#12,T2#11,T3#10,T4#9,T5#8,T6#7,T7#6,T8#5,T9#4,T10#3,T11#2,T12#1>group(App<F,T1#12>,App<F,T2#11>,App<F,T3#10>,App<F,T4#9>,App<F,T5#8>,App<F,T6#7>,App<F,T7#6>,App<F,T8#5>,App<F,T9#4>,App<F,T10#3>,App<F,T11#2>,App<F,T12#1>)
    T6#7 extends Object declared in method <T1#12,T2#11,T3#10,T4#9,T5#8,T6#7,T7#6,T8#5,T9#4,T10#3,T11#2,T12#1>group(App<F,T1#12>,App<F,T2#11>,App<F,T3#10>,App<F,T4#9>,App<F,T5#8>,App<F,T6#7>,App<F,T7#6>,App<F,T8#5>,App<F,T9#4>,App<F,T10#3>,App<F,T11#2>,App<F,T12#1>)
    T7#6 extends Object declared in method <T1#12,T2#11,T3#10,T4#9,T5#8,T6#7,T7#6,T8#5,T9#4,T10#3,T11#2,T12#1>group(App<F,T1#12>,App<F,T2#11>,App<F,T3#10>,App<F,T4#9>,App<F,T5#8>,App<F,T6#7>,App<F,T7#6>,App<F,T8#5>,App<F,T9#4>,App<F,T10#3>,App<F,T11#2>,App<F,T12#1>)
    T8#5 extends Object declared in method <T1#12,T2#11,T3#10,T4#9,T5#8,T6#7,T7#6,T8#5,T9#4,T10#3,T11#2,T12#1>group(App<F,T1#12>,App<F,T2#11>,App<F,T3#10>,App<F,T4#9>,App<F,T5#8>,App<F,T6#7>,App<F,T7#6>,App<F,T8#5>,App<F,T9#4>,App<F,T10#3>,App<F,T11#2>,App<F,T12#1>)
    T9#4 extends Object declared in method <T1#12,T2#11,T3#10,T4#9,T5#8,T6#7,T7#6,T8#5,T9#4,T10#3,T11#2,T12#1>group(App<F,T1#12>,App<F,T2#11>,App<F,T3#10>,App<F,T4#9>,App<F,T5#8>,App<F,T6#7>,App<F,T7#6>,App<F,T8#5>,App<F,T9#4>,App<F,T10#3>,App<F,T11#2>,App<F,T12#1>)
    T10#3 extends Object declared in method <T1#12,T2#11,T3#10,T4#9,T5#8,T6#7,T7#6,T8#5,T9#4,T10#3,T11#2,T12#1>group(App<F,T1#12>,App<F,T2#11>,App<F,T3#10>,App<F,T4#9>,App<F,T5#8>,App<F,T6#7>,App<F,T7#6>,App<F,T8#5>,App<F,T9#4>,App<F,T10#3>,App<F,T11#2>,App<F,T12#1>)
    T11#2 extends Object declared in method <T1#12,T2#11,T3#10,T4#9,T5#8,T6#7,T7#6,T8#5,T9#4,T10#3,T11#2,T12#1>group(App<F,T1#12>,App<F,T2#11>,App<F,T3#10>,App<F,T4#9>,App<F,T5#8>,App<F,T6#7>,App<F,T7#6>,App<F,T8#5>,App<F,T9#4>,App<F,T10#3>,App<F,T11#2>,App<F,T12#1>)
    T12#1 extends Object declared in method <T1#12,T2#11,T3#10,T4#9,T5#8,T6#7,T7#6,T8#5,T9#4,T10#3,T11#2,T12#1>group(App<F,T1#12>,App<F,T2#11>,App<F,T3#10>,App<F,T4#9>,App<F,T5#8>,App<F,T6#7>,App<F,T7#6>,App<F,T8#5>,App<F,T9#4>,App<F,T10#3>,App<F,T11#2>,App<F,T12#1>)
    T1#13 extends Object declared in method <T1#13,T2#12,T3#11,T4#10,T5#9,T6#8,T7#7,T8#6,T9#5,T10#4,T11#3,T12#2,T13#1>group(App<F,T1#13>,App<F,T2#12>,App<F,T3#11>,App<F,T4#10>,App<F,T5#9>,App<F,T6#8>,App<F,T7#7>,App<F,T8#6>,App<F,T9#5>,App<F,T10#4>,App<F,T11#3>,App<F,T12#2>,App<F,T13#1>)
    T2#12 extends Object declared in method <T1#13,T2#12,T3#11,T4#10,T5#9,T6#8,T7#7,T8#6,T9#5,T10#4,T11#3,T12#2,T13#1>group(App<F,T1#13>,App<F,T2#12>,App<F,T3#11>,App<F,T4#10>,App<F,T5#9>,App<F,T6#8>,App<F,T7#7>,App<F,T8#6>,App<F,T9#5>,App<F,T10#4>,App<F,T11#3>,App<F,T12#2>,App<F,T13#1>)
    T3#11 extends Object declared in method <T1#13,T2#12,T3#11,T4#10,T5#9,T6#8,T7#7,T8#6,T9#5,T10#4,T11#3,T12#2,T13#1>group(App<F,T1#13>,App<F,T2#12>,App<F,T3#11>,App<F,T4#10>,App<F,T5#9>,App<F,T6#8>,App<F,T7#7>,App<F,T8#6>,App<F,T9#5>,App<F,T10#4>,App<F,T11#3>,App<F,T12#2>,App<F,T13#1>)
    T4#10 extends Object declared in method <T1#13,T2#12,T3#11,T4#10,T5#9,T6#8,T7#7,T8#6,T9#5,T10#4,T11#3,T12#2,T13#1>group(App<F,T1#13>,App<F,T2#12>,App<F,T3#11>,App<F,T4#10>,App<F,T5#9>,App<F,T6#8>,App<F,T7#7>,App<F,T8#6>,App<F,T9#5>,App<F,T10#4>,App<F,T11#3>,App<F,T12#2>,App<F,T13#1>)
    T5#9 extends Object declared in method <T1#13,T2#12,T3#11,T4#10,T5#9,T6#8,T7#7,T8#6,T9#5,T10#4,T11#3,T12#2,T13#1>group(App<F,T1#13>,App<F,T2#12>,App<F,T3#11>,App<F,T4#10>,App<F,T5#9>,App<F,T6#8>,App<F,T7#7>,App<F,T8#6>,App<F,T9#5>,App<F,T10#4>,App<F,T11#3>,App<F,T12#2>,App<F,T13#1>)
    T6#8 extends Object declared in method <T1#13,T2#12,T3#11,T4#10,T5#9,T6#8,T7#7,T8#6,T9#5,T10#4,T11#3,T12#2,T13#1>group(App<F,T1#13>,App<F,T2#12>,App<F,T3#11>,App<F,T4#10>,App<F,T5#9>,App<F,T6#8>,App<F,T7#7>,App<F,T8#6>,App<F,T9#5>,App<F,T10#4>,App<F,T11#3>,App<F,T12#2>,App<F,T13#1>)
    T7#7 extends Object declared in method <T1#13,T2#12,T3#11,T4#10,T5#9,T6#8,T7#7,T8#6,T9#5,T10#4,T11#3,T12#2,T13#1>group(App<F,T1#13>,App<F,T2#12>,App<F,T3#11>,App<F,T4#10>,App<F,T5#9>,App<F,T6#8>,App<F,T7#7>,App<F,T8#6>,App<F,T9#5>,App<F,T10#4>,App<F,T11#3>,App<F,T12#2>,App<F,T13#1>)
    T8#6 extends Object declared in method <T1#13,T2#12,T3#11,T4#10,T5#9,T6#8,T7#7,T8#6,T9#5,T10#4,T11#3,T12#2,T13#1>group(App<F,T1#13>,App<F,T2#12>,App<F,T3#11>,App<F,T4#10>,App<F,T5#9>,App<F,T6#8>,App<F,T7#7>,App<F,T8#6>,App<F,T9#5>,App<F,T10#4>,App<F,T11#3>,App<F,T12#2>,App<F,T13#1>)
    T9#5 extends Object declared in method <T1#13,T2#12,T3#11,T4#10,T5#9,T6#8,T7#7,T8#6,T9#5,T10#4,T11#3,T12#2,T13#1>group(App<F,T1#13>,App<F,T2#12>,App<F,T3#11>,App<F,T4#10>,App<F,T5#9>,App<F,T6#8>,App<F,T7#7>,App<F,T8#6>,App<F,T9#5>,App<F,T10#4>,App<F,T11#3>,App<F,T12#2>,App<F,T13#1>)
    T10#4 extends Object declared in method <T1#13,T2#12,T3#11,T4#10,T5#9,T6#8,T7#7,T8#6,T9#5,T10#4,T11#3,T12#2,T13#1>group(App<F,T1#13>,App<F,T2#12>,App<F,T3#11>,App<F,T4#10>,App<F,T5#9>,App<F,T6#8>,App<F,T7#7>,App<F,T8#6>,App<F,T9#5>,App<F,T10#4>,App<F,T11#3>,App<F,T12#2>,App<F,T13#1>)
    T11#3 extends Object declared in method <T1#13,T2#12,T3#11,T4#10,T5#9,T6#8,T7#7,T8#6,T9#5,T10#4,T11#3,T12#2,T13#1>group(App<F,T1#13>,App<F,T2#12>,App<F,T3#11>,App<F,T4#10>,App<F,T5#9>,App<F,T6#8>,App<F,T7#7>,App<F,T8#6>,App<F,T9#5>,App<F,T10#4>,App<F,T11#3>,App<F,T12#2>,App<F,T13#1>)
    T12#2 extends Object declared in method <T1#13,T2#12,T3#11,T4#10,T5#9,T6#8,T7#7,T8#6,T9#5,T10#4,T11#3,T12#2,T13#1>group(App<F,T1#13>,App<F,T2#12>,App<F,T3#11>,App<F,T4#10>,App<F,T5#9>,App<F,T6#8>,App<F,T7#7>,App<F,T8#6>,App<F,T9#5>,App<F,T10#4>,App<F,T11#3>,App<F,T12#2>,App<F,T13#1>)
    T13#1 extends Object declared in method <T1#13,T2#12,T3#11,T4#10,T5#9,T6#8,T7#7,T8#6,T9#5,T10#4,T11#3,T12#2,T13#1>group(App<F,T1#13>,App<F,T2#12>,App<F,T3#11>,App<F,T4#10>,App<F,T5#9>,App<F,T6#8>,App<F,T7#7>,App<F,T8#6>,App<F,T9#5>,App<F,T10#4>,App<F,T11#3>,App<F,T12#2>,App<F,T13#1>)
    T1#14 extends Object declared in method <T1#14,T2#13,T3#12,T4#11,T5#10,T6#9,T7#8,T8#7,T9#6,T10#5,T11#4,T12#3,T13#2,T14#1>group(App<F,T1#14>,App<F,T2#13>,App<F,T3#12>,App<F,T4#11>,App<F,T5#10>,App<F,T6#9>,App<F,T7#8>,App<F,T8#7>,App<F,T9#6>,App<F,T10#5>,App<F,T11#4>,App<F,T12#3>,App<F,T13#2>,App<F,T14#1>)
    T2#13 extends Object declared in method <T1#14,T2#13,T3#12,T4#11,T5#10,T6#9,T7#8,T8#7,T9#6,T10#5,T11#4,T12#3,T13#2,T14#1>group(App<F,T1#14>,App<F,T2#13>,App<F,T3#12>,App<F,T4#11>,App<F,T5#10>,App<F,T6#9>,App<F,T7#8>,App<F,T8#7>,App<F,T9#6>,App<F,T10#5>,App<F,T11#4>,App<F,T12#3>,App<F,T13#2>,App<F,T14#1>)
    T3#12 extends Object declared in method <T1#14,T2#13,T3#12,T4#11,T5#10,T6#9,T7#8,T8#7,T9#6,T10#5,T11#4,T12#3,T13#2,T14#1>group(App<F,T1#14>,App<F,T2#13>,App<F,T3#12>,App<F,T4#11>,App<F,T5#10>,App<F,T6#9>,App<F,T7#8>,App<F,T8#7>,App<F,T9#6>,App<F,T10#5>,App<F,T11#4>,App<F,T12#3>,App<F,T13#2>,App<F,T14#1>)
    T4#11 extends Object declared in method <T1#14,T2#13,T3#12,T4#11,T5#10,T6#9,T7#8,T8#7,T9#6,T10#5,T11#4,T12#3,T13#2,T14#1>group(App<F,T1#14>,App<F,T2#13>,App<F,T3#12>,App<F,T4#11>,App<F,T5#10>,App<F,T6#9>,App<F,T7#8>,App<F,T8#7>,App<F,T9#6>,App<F,T10#5>,App<F,T11#4>,App<F,T12#3>,App<F,T13#2>,App<F,T14#1>)
    T5#10 extends Object declared in method <T1#14,T2#13,T3#12,T4#11,T5#10,T6#9,T7#8,T8#7,T9#6,T10#5,T11#4,T12#3,T13#2,T14#1>group(App<F,T1#14>,App<F,T2#13>,App<F,T3#12>,App<F,T4#11>,App<F,T5#10>,App<F,T6#9>,App<F,T7#8>,App<F,T8#7>,App<F,T9#6>,App<F,T10#5>,App<F,T11#4>,App<F,T12#3>,App<F,T13#2>,App<F,T14#1>)
    T6#9 extends Object declared in method <T1#14,T2#13,T3#12,T4#11,T5#10,T6#9,T7#8,T8#7,T9#6,T10#5,T11#4,T12#3,T13#2,T14#1>group(App<F,T1#14>,App<F,T2#13>,App<F,T3#12>,App<F,T4#11>,App<F,T5#10>,App<F,T6#9>,App<F,T7#8>,App<F,T8#7>,App<F,T9#6>,App<F,T10#5>,App<F,T11#4>,App<F,T12#3>,App<F,T13#2>,App<F,T14#1>)
    T7#8 extends Object declared in method <T1#14,T2#13,T3#12,T4#11,T5#10,T6#9,T7#8,T8#7,T9#6,T10#5,T11#4,T12#3,T13#2,T14#1>group(App<F,T1#14>,App<F,T2#13>,App<F,T3#12>,App<F,T4#11>,App<F,T5#10>,App<F,T6#9>,App<F,T7#8>,App<F,T8#7>,App<F,T9#6>,App<F,T10#5>,App<F,T11#4>,App<F,T12#3>,App<F,T13#2>,App<F,T14#1>)
    T8#7 extends Object declared in method <T1#14,T2#13,T3#12,T4#11,T5#10,T6#9,T7#8,T8#7,T9#6,T10#5,T11#4,T12#3,T13#2,T14#1>group(App<F,T1#14>,App<F,T2#13>,App<F,T3#12>,App<F,T4#11>,App<F,T5#10>,App<F,T6#9>,App<F,T7#8>,App<F,T8#7>,App<F,T9#6>,App<F,T10#5>,App<F,T11#4>,App<F,T12#3>,App<F,T13#2>,App<F,T14#1>)
    T9#6 extends Object declared in method <T1#14,T2#13,T3#12,T4#11,T5#10,T6#9,T7#8,T8#7,T9#6,T10#5,T11#4,T12#3,T13#2,T14#1>group(App<F,T1#14>,App<F,T2#13>,App<F,T3#12>,App<F,T4#11>,App<F,T5#10>,App<F,T6#9>,App<F,T7#8>,App<F,T8#7>,App<F,T9#6>,App<F,T10#5>,App<F,T11#4>,App<F,T12#3>,App<F,T13#2>,App<F,T14#1>)
    T10#5 extends Object declared in method <T1#14,T2#13,T3#12,T4#11,T5#10,T6#9,T7#8,T8#7,T9#6,T10#5,T11#4,T12#3,T13#2,T14#1>group(App<F,T1#14>,App<F,T2#13>,App<F,T3#12>,App<F,T4#11>,App<F,T5#10>,App<F,T6#9>,App<F,T7#8>,App<F,T8#7>,App<F,T9#6>,App<F,T10#5>,App<F,T11#4>,App<F,T12#3>,App<F,T13#2>,App<F,T14#1>)
    T11#4 extends Object declared in method <T1#14,T2#13,T3#12,T4#11,T5#10,T6#9,T7#8,T8#7,T9#6,T10#5,T11#4,T12#3,T13#2,T14#1>group(App<F,T1#14>,App<F,T2#13>,App<F,T3#12>,App<F,T4#11>,App<F,T5#10>,App<F,T6#9>,App<F,T7#8>,App<F,T8#7>,App<F,T9#6>,App<F,T10#5>,App<F,T11#4>,App<F,T12#3>,App<F,T13#2>,App<F,T14#1>)
    T12#3 extends Object declared in method <T1#14,T2#13,T3#12,T4#11,T5#10,T6#9,T7#8,T8#7,T9#6,T10#5,T11#4,T12#3,T13#2,T14#1>group(App<F,T1#14>,App<F,T2#13>,App<F,T3#12>,App<F,T4#11>,App<F,T5#10>,App<F,T6#9>,App<F,T7#8>,App<F,T8#7>,App<F,T9#6>,App<F,T10#5>,App<F,T11#4>,App<F,T12#3>,App<F,T13#2>,App<F,T14#1>)
    T13#2 extends Object declared in method <T1#14,T2#13,T3#12,T4#11,T5#10,T6#9,T7#8,T8#7,T9#6,T10#5,T11#4,T12#3,T13#2,T14#1>group(App<F,T1#14>,App<F,T2#13>,App<F,T3#12>,App<F,T4#11>,App<F,T5#10>,App<F,T6#9>,App<F,T7#8>,App<F,T8#7>,App<F,T9#6>,App<F,T10#5>,App<F,T11#4>,App<F,T12#3>,App<F,T13#2>,App<F,T14#1>)
    T14#1 extends Object declared in method <T1#14,T2#13,T3#12,T4#11,T5#10,T6#9,T7#8,T8#7,T9#6,T10#5,T11#4,T12#3,T13#2,T14#1>group(App<F,T1#14>,App<F,T2#13>,App<F,T3#12>,App<F,T4#11>,App<F,T5#10>,App<F,T6#9>,App<F,T7#8>,App<F,T8#7>,App<F,T9#6>,App<F,T10#5>,App<F,T11#4>,App<F,T12#3>,App<F,T13#2>,App<F,T14#1>)
    T1#15 extends Object declared in method <T1#15,T2#14,T3#13,T4#12,T5#11,T6#10,T7#9,T8#8,T9#7,T10#6,T11#5,T12#4,T13#3,T14#2,T15#1>group(App<F,T1#15>,App<F,T2#14>,App<F,T3#13>,App<F,T4#12>,App<F,T5#11>,App<F,T6#10>,App<F,T7#9>,App<F,T8#8>,App<F,T9#7>,App<F,T10#6>,App<F,T11#5>,App<F,T12#4>,App<F,T13#3>,App<F,T14#2>,App<F,T15#1>)
    T2#14 extends Object declared in method <T1#15,T2#14,T3#13,T4#12,T5#11,T6#10,T7#9,T8#8,T9#7,T10#6,T11#5,T12#4,T13#3,T14#2,T15#1>group(App<F,T1#15>,App<F,T2#14>,App<F,T3#13>,App<F,T4#12>,App<F,T5#11>,App<F,T6#10>,App<F,T7#9>,App<F,T8#8>,App<F,T9#7>,App<F,T10#6>,App<F,T11#5>,App<F,T12#4>,App<F,T13#3>,App<F,T14#2>,App<F,T15#1>)
    T3#13 extends Object declared in method <T1#15,T2#14,T3#13,T4#12,T5#11,T6#10,T7#9,T8#8,T9#7,T10#6,T11#5,T12#4,T13#3,T14#2,T15#1>group(App<F,T1#15>,App<F,T2#14>,App<F,T3#13>,App<F,T4#12>,App<F,T5#11>,App<F,T6#10>,App<F,T7#9>,App<F,T8#8>,App<F,T9#7>,App<F,T10#6>,App<F,T11#5>,App<F,T12#4>,App<F,T13#3>,App<F,T14#2>,App<F,T15#1>)
    T4#12 extends Object declared in method <T1#15,T2#14,T3#13,T4#12,T5#11,T6#10,T7#9,T8#8,T9#7,T10#6,T11#5,T12#4,T13#3,T14#2,T15#1>group(App<F,T1#15>,App<F,T2#14>,App<F,T3#13>,App<F,T4#12>,App<F,T5#11>,App<F,T6#10>,App<F,T7#9>,App<F,T8#8>,App<F,T9#7>,App<F,T10#6>,App<F,T11#5>,App<F,T12#4>,App<F,T13#3>,App<F,T14#2>,App<F,T15#1>)
    T5#11 extends Object declared in method <T1#15,T2#14,T3#13,T4#12,T5#11,T6#10,T7#9,T8#8,T9#7,T10#6,T11#5,T12#4,T13#3,T14#2,T15#1>group(App<F,T1#15>,App<F,T2#14>,App<F,T3#13>,App<F,T4#12>,App<F,T5#11>,App<F,T6#10>,App<F,T7#9>,App<F,T8#8>,App<F,T9#7>,App<F,T10#6>,App<F,T11#5>,App<F,T12#4>,App<F,T13#3>,App<F,T14#2>,App<F,T15#1>)
    T6#10 extends Object declared in method <T1#15,T2#14,T3#13,T4#12,T5#11,T6#10,T7#9,T8#8,T9#7,T10#6,T11#5,T12#4,T13#3,T14#2,T15#1>group(App<F,T1#15>,App<F,T2#14>,App<F,T3#13>,App<F,T4#12>,App<F,T5#11>,App<F,T6#10>,App<F,T7#9>,App<F,T8#8>,App<F,T9#7>,App<F,T10#6>,App<F,T11#5>,App<F,T12#4>,App<F,T13#3>,App<F,T14#2>,App<F,T15#1>)
    T7#9 extends Object declared in method <T1#15,T2#14,T3#13,T4#12,T5#11,T6#10,T7#9,T8#8,T9#7,T10#6,T11#5,T12#4,T13#3,T14#2,T15#1>group(App<F,T1#15>,App<F,T2#14>,App<F,T3#13>,App<F,T4#12>,App<F,T5#11>,App<F,T6#10>,App<F,T7#9>,App<F,T8#8>,App<F,T9#7>,App<F,T10#6>,App<F,T11#5>,App<F,T12#4>,App<F,T13#3>,App<F,T14#2>,App<F,T15#1>)
    T8#8 extends Object declared in method <T1#15,T2#14,T3#13,T4#12,T5#11,T6#10,T7#9,T8#8,T9#7,T10#6,T11#5,T12#4,T13#3,T14#2,T15#1>group(App<F,T1#15>,App<F,T2#14>,App<F,T3#13>,App<F,T4#12>,App<F,T5#11>,App<F,T6#10>,App<F,T7#9>,App<F,T8#8>,App<F,T9#7>,App<F,T10#6>,App<F,T11#5>,App<F,T12#4>,App<F,T13#3>,App<F,T14#2>,App<F,T15#1>)
    T9#7 extends Object declared in method <T1#15,T2#14,T3#13,T4#12,T5#11,T6#10,T7#9,T8#8,T9#7,T10#6,T11#5,T12#4,T13#3,T14#2,T15#1>group(App<F,T1#15>,App<F,T2#14>,App<F,T3#13>,App<F,T4#12>,App<F,T5#11>,App<F,T6#10>,App<F,T7#9>,App<F,T8#8>,App<F,T9#7>,App<F,T10#6>,App<F,T11#5>,App<F,T12#4>,App<F,T13#3>,App<F,T14#2>,App<F,T15#1>)
    T10#6 extends Object declared in method <T1#15,T2#14,T3#13,T4#12,T5#11,T6#10,T7#9,T8#8,T9#7,T10#6,T11#5,T12#4,T13#3,T14#2,T15#1>group(App<F,T1#15>,App<F,T2#14>,App<F,T3#13>,App<F,T4#12>,App<F,T5#11>,App<F,T6#10>,App<F,T7#9>,App<F,T8#8>,App<F,T9#7>,App<F,T10#6>,App<F,T11#5>,App<F,T12#4>,App<F,T13#3>,App<F,T14#2>,App<F,T15#1>)
    T11#5 extends Object declared in method <T1#15,T2#14,T3#13,T4#12,T5#11,T6#10,T7#9,T8#8,T9#7,T10#6,T11#5,T12#4,T13#3,T14#2,T15#1>group(App<F,T1#15>,App<F,T2#14>,App<F,T3#13>,App<F,T4#12>,App<F,T5#11>,App<F,T6#10>,App<F,T7#9>,App<F,T8#8>,App<F,T9#7>,App<F,T10#6>,App<F,T11#5>,App<F,T12#4>,App<F,T13#3>,App<F,T14#2>,App<F,T15#1>)
    T12#4 extends Object declared in method <T1#15,T2#14,T3#13,T4#12,T5#11,T6#10,T7#9,T8#8,T9#7,T10#6,T11#5,T12#4,T13#3,T14#2,T15#1>group(App<F,T1#15>,App<F,T2#14>,App<F,T3#13>,App<F,T4#12>,App<F,T5#11>,App<F,T6#10>,App<F,T7#9>,App<F,T8#8>,App<F,T9#7>,App<F,T10#6>,App<F,T11#5>,App<F,T12#4>,App<F,T13#3>,App<F,T14#2>,App<F,T15#1>)
    T13#3 extends Object declared in method <T1#15,T2#14,T3#13,T4#12,T5#11,T6#10,T7#9,T8#8,T9#7,T10#6,T11#5,T12#4,T13#3,T14#2,T15#1>group(App<F,T1#15>,App<F,T2#14>,App<F,T3#13>,App<F,T4#12>,App<F,T5#11>,App<F,T6#10>,App<F,T7#9>,App<F,T8#8>,App<F,T9#7>,App<F,T10#6>,App<F,T11#5>,App<F,T12#4>,App<F,T13#3>,App<F,T14#2>,App<F,T15#1>)
    T14#2 extends Object declared in method <T1#15,T2#14,T3#13,T4#12,T5#11,T6#10,T7#9,T8#8,T9#7,T10#6,T11#5,T12#4,T13#3,T14#2,T15#1>group(App<F,T1#15>,App<F,T2#14>,App<F,T3#13>,App<F,T4#12>,App<F,T5#11>,App<F,T6#10>,App<F,T7#9>,App<F,T8#8>,App<F,T9#7>,App<F,T10#6>,App<F,T11#5>,App<F,T12#4>,App<F,T13#3>,App<F,T14#2>,App<F,T15#1>)
    T15#1 extends Object declared in method <T1#15,T2#14,T3#13,T4#12,T5#11,T6#10,T7#9,T8#8,T9#7,T10#6,T11#5,T12#4,T13#3,T14#2,T15#1>group(App<F,T1#15>,App<F,T2#14>,App<F,T3#13>,App<F,T4#12>,App<F,T5#11>,App<F,T6#10>,App<F,T7#9>,App<F,T8#8>,App<F,T9#7>,App<F,T10#6>,App<F,T11#5>,App<F,T12#4>,App<F,T13#3>,App<F,T14#2>,App<F,T15#1>)
    T1#16 extends Object declared in method <T1#16,T2#15,T3#14,T4#13,T5#12,T6#11,T7#10,T8#9,T9#8,T10#7,T11#6,T12#5,T13#4,T14#3,T15#2,T16>group(App<F,T1#16>,App<F,T2#15>,App<F,T3#14>,App<F,T4#13>,App<F,T5#12>,App<F,T6#11>,App<F,T7#10>,App<F,T8#9>,App<F,T9#8>,App<F,T10#7>,App<F,T11#6>,App<F,T12#5>,App<F,T13#4>,App<F,T14#3>,App<F,T15#2>,App<F,T16>)
    T2#15 extends Object declared in method <T1#16,T2#15,T3#14,T4#13,T5#12,T6#11,T7#10,T8#9,T9#8,T10#7,T11#6,T12#5,T13#4,T14#3,T15#2,T16>group(App<F,T1#16>,App<F,T2#15>,App<F,T3#14>,App<F,T4#13>,App<F,T5#12>,App<F,T6#11>,App<F,T7#10>,App<F,T8#9>,App<F,T9#8>,App<F,T10#7>,App<F,T11#6>,App<F,T12#5>,App<F,T13#4>,App<F,T14#3>,App<F,T15#2>,App<F,T16>)
    T3#14 extends Object declared in method <T1#16,T2#15,T3#14,T4#13,T5#12,T6#11,T7#10,T8#9,T9#8,T10#7,T11#6,T12#5,T13#4,T14#3,T15#2,T16>group(App<F,T1#16>,App<F,T2#15>,App<F,T3#14>,App<F,T4#13>,App<F,T5#12>,App<F,T6#11>,App<F,T7#10>,App<F,T8#9>,App<F,T9#8>,App<F,T10#7>,App<F,T11#6>,App<F,T12#5>,App<F,T13#4>,App<F,T14#3>,App<F,T15#2>,App<F,T16>)
    T4#13 extends Object declared in method <T1#16,T2#15,T3#14,T4#13,T5#12,T6#11,T7#10,T8#9,T9#8,T10#7,T11#6,T12#5,T13#4,T14#3,T15#2,T16>group(App<F,T1#16>,App<F,T2#15>,App<F,T3#14>,App<F,T4#13>,App<F,T5#12>,App<F,T6#11>,App<F,T7#10>,App<F,T8#9>,App<F,T9#8>,App<F,T10#7>,App<F,T11#6>,App<F,T12#5>,App<F,T13#4>,App<F,T14#3>,App<F,T15#2>,App<F,T16>)
    T5#12 extends Object declared in method <T1#16,T2#15,T3#14,T4#13,T5#12,T6#11,T7#10,T8#9,T9#8,T10#7,T11#6,T12#5,T13#4,T14#3,T15#2,T16>group(App<F,T1#16>,App<F,T2#15>,App<F,T3#14>,App<F,T4#13>,App<F,T5#12>,App<F,T6#11>,App<F,T7#10>,App<F,T8#9>,App<F,T9#8>,App<F,T10#7>,App<F,T11#6>,App<F,T12#5>,App<F,T13#4>,App<F,T14#3>,App<F,T15#2>,App<F,T16>)
    T6#11 extends Object declared in method <T1#16,T2#15,T3#14,T4#13,T5#12,T6#11,T7#10,T8#9,T9#8,T10#7,T11#6,T12#5,T13#4,T14#3,T15#2,T16>group(App<F,T1#16>,App<F,T2#15>,App<F,T3#14>,App<F,T4#13>,App<F,T5#12>,App<F,T6#11>,App<F,T7#10>,App<F,T8#9>,App<F,T9#8>,App<F,T10#7>,App<F,T11#6>,App<F,T12#5>,App<F,T13#4>,App<F,T14#3>,App<F,T15#2>,App<F,T16>)
    T7#10 extends Object declared in method <T1#16,T2#15,T3#14,T4#13,T5#12,T6#11,T7#10,T8#9,T9#8,T10#7,T11#6,T12#5,T13#4,T14#3,T15#2,T16>group(App<F,T1#16>,App<F,T2#15>,App<F,T3#14>,App<F,T4#13>,App<F,T5#12>,App<F,T6#11>,App<F,T7#10>,App<F,T8#9>,App<F,T9#8>,App<F,T10#7>,App<F,T11#6>,App<F,T12#5>,App<F,T13#4>,App<F,T14#3>,App<F,T15#2>,App<F,T16>)
    T8#9 extends Object declared in method <T1#16,T2#15,T3#14,T4#13,T5#12,T6#11,T7#10,T8#9,T9#8,T10#7,T11#6,T12#5,T13#4,T14#3,T15#2,T16>group(App<F,T1#16>,App<F,T2#15>,App<F,T3#14>,App<F,T4#13>,App<F,T5#12>,App<F,T6#11>,App<F,T7#10>,App<F,T8#9>,App<F,T9#8>,App<F,T10#7>,App<F,T11#6>,App<F,T12#5>,App<F,T13#4>,App<F,T14#3>,App<F,T15#2>,App<F,T16>)
    T9#8 extends Object declared in method <T1#16,T2#15,T3#14,T4#13,T5#12,T6#11,T7#10,T8#9,T9#8,T10#7,T11#6,T12#5,T13#4,T14#3,T15#2,T16>group(App<F,T1#16>,App<F,T2#15>,App<F,T3#14>,App<F,T4#13>,App<F,T5#12>,App<F,T6#11>,App<F,T7#10>,App<F,T8#9>,App<F,T9#8>,App<F,T10#7>,App<F,T11#6>,App<F,T12#5>,App<F,T13#4>,App<F,T14#3>,App<F,T15#2>,App<F,T16>)
    T10#7 extends Object declared in method <T1#16,T2#15,T3#14,T4#13,T5#12,T6#11,T7#10,T8#9,T9#8,T10#7,T11#6,T12#5,T13#4,T14#3,T15#2,T16>group(App<F,T1#16>,App<F,T2#15>,App<F,T3#14>,App<F,T4#13>,App<F,T5#12>,App<F,T6#11>,App<F,T7#10>,App<F,T8#9>,App<F,T9#8>,App<F,T10#7>,App<F,T11#6>,App<F,T12#5>,App<F,T13#4>,App<F,T14#3>,App<F,T15#2>,App<F,T16>)
    T11#6 extends Object declared in method <T1#16,T2#15,T3#14,T4#13,T5#12,T6#11,T7#10,T8#9,T9#8,T10#7,T11#6,T12#5,T13#4,T14#3,T15#2,T16>group(App<F,T1#16>,App<F,T2#15>,App<F,T3#14>,App<F,T4#13>,App<F,T5#12>,App<F,T6#11>,App<F,T7#10>,App<F,T8#9>,App<F,T9#8>,App<F,T10#7>,App<F,T11#6>,App<F,T12#5>,App<F,T13#4>,App<F,T14#3>,App<F,T15#2>,App<F,T16>)
    T12#5 extends Object declared in method <T1#16,T2#15,T3#14,T4#13,T5#12,T6#11,T7#10,T8#9,T9#8,T10#7,T11#6,T12#5,T13#4,T14#3,T15#2,T16>group(App<F,T1#16>,App<F,T2#15>,App<F,T3#14>,App<F,T4#13>,App<F,T5#12>,App<F,T6#11>,App<F,T7#10>,App<F,T8#9>,App<F,T9#8>,App<F,T10#7>,App<F,T11#6>,App<F,T12#5>,App<F,T13#4>,App<F,T14#3>,App<F,T15#2>,App<F,T16>)
    T13#4 extends Object declared in method <T1#16,T2#15,T3#14,T4#13,T5#12,T6#11,T7#10,T8#9,T9#8,T10#7,T11#6,T12#5,T13#4,T14#3,T15#2,T16>group(App<F,T1#16>,App<F,T2#15>,App<F,T3#14>,App<F,T4#13>,App<F,T5#12>,App<F,T6#11>,App<F,T7#10>,App<F,T8#9>,App<F,T9#8>,App<F,T10#7>,App<F,T11#6>,App<F,T12#5>,App<F,T13#4>,App<F,T14#3>,App<F,T15#2>,App<F,T16>)
    T14#3 extends Object declared in method <T1#16,T2#15,T3#14,T4#13,T5#12,T6#11,T7#10,T8#9,T9#8,T10#7,T11#6,T12#5,T13#4,T14#3,T15#2,T16>group(App<F,T1#16>,App<F,T2#15>,App<F,T3#14>,App<F,T4#13>,App<F,T5#12>,App<F,T6#11>,App<F,T7#10>,App<F,T8#9>,App<F,T9#8>,App<F,T10#7>,App<F,T11#6>,App<F,T12#5>,App<F,T13#4>,App<F,T14#3>,App<F,T15#2>,App<F,T16>)
    T15#2 extends Object declared in method <T1#16,T2#15,T3#14,T4#13,T5#12,T6#11,T7#10,T8#9,T9#8,T10#7,T11#6,T12#5,T13#4,T14#3,T15#2,T16>group(App<F,T1#16>,App<F,T2#15>,App<F,T3#14>,App<F,T4#13>,App<F,T5#12>,App<F,T6#11>,App<F,T7#10>,App<F,T8#9>,App<F,T9#8>,App<F,T10#7>,App<F,T11#6>,App<F,T12#5>,App<F,T13#4>,App<F,T14#3>,App<F,T15#2>,App<F,T16>)
    T16 extends Object declared in method <T1#16,T2#15,T3#14,T4#13,T5#12,T6#11,T7#10,T8#9,T9#8,T10#7,T11#6,T12#5,T13#4,T14#3,T15#2,T16>group(App<F,T1#16>,App<F,T2#15>,App<F,T3#14>,App<F,T4#13>,App<F,T5#12>,App<F,T6#11>,App<F,T7#10>,App<F,T8#9>,App<F,T9#8>,App<F,T10#7>,App<F,T11#6>,App<F,T12#5>,App<F,T13#4>,App<F,T14#3>,App<F,T15#2>,App<F,T16>)
/home/runner/work/mcJava/mcJava/android/app/src/main/java/net/minecraft/world/level/levelgen/blending/BlendingData.java:417: error: incompatible types: invalid method reference
         .validate(BlendingData.Packed::validateArraySize);
                   ^
    incompatible types: Object cannot be converted to Packed
/home/runner/work/mcJava/mcJava/android/app/src/main/java/net/minecraft/world/level/levelgen/structure/structures/JigsawStructure.java:37: error: cannot find symbol
         (Instance<JigsawStructure> i) -> i.group(
          ^
  symbol:   class Instance
  location: class JigsawStructure
/home/runner/work/mcJava/mcJava/android/app/src/main/java/net/minecraft/world/level/levelgen/structure/structures/JigsawStructure.java:39: error: cannot find symbol
               StructureTemplatePool.CODEC.fieldOf("start_pool").forGetter((JigsawStructure j) -> j.startPool()),
                                                                                                   ^
  symbol:   method startPool()
  location: variable j of type JigsawStructure
/home/runner/work/mcJava/mcJava/android/app/src/main/java/net/minecraft/world/level/levelgen/structure/structures/JigsawStructure.java:40: error: cannot find symbol
               Identifier.CODEC.optionalFieldOf("start_jigsaw_name").forGetter((JigsawStructure j) -> j.startJigsawName()),
                                                                                                       ^
  symbol:   method startJigsawName()
  location: variable j of type JigsawStructure
/home/runner/work/mcJava/mcJava/android/app/src/main/java/net/minecraft/world/level/levelgen/structure/structures/JigsawStructure.java:41: error: cannot find symbol
               Codec.intRange(0, 20).fieldOf("size").forGetter((JigsawStructure j) -> j.maxDepth()),
                                                                                       ^
  symbol:   method maxDepth()
  location: variable j of type JigsawStructure
/home/runner/work/mcJava/mcJava/android/app/src/main/java/net/minecraft/world/level/levelgen/structure/structures/JigsawStructure.java:42: error: cannot find symbol
               HeightProvider.CODEC.fieldOf("start_height").forGetter((JigsawStructure j) -> j.startHeight()),
                                                                                              ^
  symbol:   method startHeight()
  location: variable j of type JigsawStructure
/home/runner/work/mcJava/mcJava/android/app/src/main/java/net/minecraft/world/level/levelgen/structure/structures/JigsawStructure.java:43: error: cannot find symbol
               Codec.BOOL.fieldOf("use_expansion_hack").forGetter((JigsawStructure j) -> j.useExpansionHack()),
                                                                                          ^
  symbol:   method useExpansionHack()
  location: variable j of type JigsawStructure
/home/runner/work/mcJava/mcJava/android/app/src/main/java/net/minecraft/world/level/levelgen/structure/structures/JigsawStructure.java:44: error: cannot find symbol
               Heightmap.Types.CODEC.optionalFieldOf("project_start_to_heightmap").forGetter((JigsawStructure j) -> j.projectStartToHeightmap()),
                                                                                                                     ^
  symbol:   method projectStartToHeightmap()
  location: variable j of type JigsawStructure
/home/runner/work/mcJava/mcJava/android/app/src/main/java/net/minecraft/world/level/levelgen/structure/structures/JigsawStructure.java:45: error: cannot find symbol
               JigsawStructure.MaxDistance.CODEC.fieldOf("max_distance_from_center").forGetter((JigsawStructure j) -> j.maxDistanceFromCenter()),
                                                                                                                       ^
  symbol:   method maxDistanceFromCenter()
  location: variable j of type JigsawStructure
/home/runner/work/mcJava/mcJava/android/app/src/main/java/net/minecraft/world/level/levelgen/structure/structures/JigsawStructure.java:46: error: cannot find symbol
               Codec.list(PoolAliasBinding.CODEC).optionalFieldOf("pool_aliases", List.of()).forGetter((JigsawStructure j) -> j.poolAliases()),
                                                                                                                               ^
  symbol:   method poolAliases()
  location: variable j of type JigsawStructure
/home/runner/work/mcJava/mcJava/android/app/src/main/java/net/minecraft/world/level/levelgen/structure/structures/JigsawStructure.java:47: error: cannot find symbol
               DimensionPadding.CODEC.optionalFieldOf("dimension_padding", DEFAULT_DIMENSION_PADDING).forGetter((JigsawStructure j) -> j.dimensionPadding()),
                                                                                                                                        ^
  symbol:   method dimensionPadding()
  location: variable j of type JigsawStructure
/home/runner/work/mcJava/mcJava/android/app/src/main/java/net/minecraft/world/level/levelgen/structure/structures/JigsawStructure.java:48: error: cannot find symbol
               LiquidSettings.CODEC.optionalFieldOf("liquid_settings", DEFAULT_LIQUID_SETTINGS).forGetter((JigsawStructure j) -> j.liquidSettings())
                                                                                                                                  ^
  symbol:   method liquidSettings()
  location: variable j of type JigsawStructure
/home/runner/work/mcJava/mcJava/android/app/src/main/java/net/minecraft/world/level/levelgen/structure/structures/JigsawStructure.java:52: error: incompatible types: invalid method reference
      .validate(JigsawStructure::verifyRange);
                ^
    incompatible types: Object cannot be converted to JigsawStructure
/home/runner/work/mcJava/mcJava/android/app/src/main/java/net/minecraft/world/level/TicketStorage.java:93: error: incompatible types: Object cannot be converted to Ticket
         for (Ticket ticket : (List)entry.getValue()) {
                              ^
/home/runner/work/mcJava/mcJava/android/app/src/main/java/net/minecraft/world/level/TicketStorage.java:105: error: incompatible types: Object cannot be converted to Ticket
         for (Ticket ticket : (List)entry.getValue()) {
                              ^
/home/runner/work/mcJava/mcJava/android/app/src/main/java/net/minecraft/world/level/TicketStorage.java:381: error: incompatible types: Object cannot be converted to Ticket
         for (Ticket ticket : (List)entry.getValue()) {
                              ^
/home/runner/work/mcJava/mcJava/android/app/src/main/java/net/minecraft/world/level/TicketStorage.java:413: error: incompatible types: Object cannot be converted to Ticket
         for (Ticket ticket : (List)entry.getValue()) {
                              ^
/home/runner/work/mcJava/mcJava/android/app/src/main/java/net/minecraft/world/entity/ai/village/poi/PoiManager.java:287: error: incompatible types: invalid method reference
         .filter(poiSection -> !((Optional)poiSection.getSecond()).map(PoiSection::isValid).orElse(false))
                                                                       ^
    method isValid in class PoiSection cannot be applied to given types
      required: no arguments
      found:    Object
      reason: actual and formal argument lists differ in length
/home/runner/work/mcJava/mcJava/android/app/src/main/java/net/minecraft/world/level/block/state/properties/Property.java:18: error: incompatible types: cannot infer type-variable(s) S
      .comapFlatMap(
                   ^
    (argument mismatch; invalid method reference
      incompatible types: Object cannot be converted to T)
  where S,A,T are type-variables:
    S extends Object declared in method <S>comapFlatMap(Function<? super A,? extends DataResult<? extends S>>,Function<? super S,? extends A>)
    A extends Object declared in interface Codec
    T extends Comparable<T> declared in class Property
/home/runner/work/mcJava/mcJava/android/app/src/main/java/net/minecraft/network/protocol/common/ServerboundCustomPayloadPacket.java:22: error: incompatible types: invalid constructor reference
      .map(ServerboundCustomPayloadPacket::new, ServerboundCustomPayloadPacket::payload);
           ^
    incompatible types: Object cannot be converted to CustomPacketPayload
/home/runner/work/mcJava/mcJava/android/app/src/main/java/net/minecraft/network/protocol/common/custom/CustomPacketPayload.java:37: error: incompatible types: StreamCodec<CAP#1,CAP#2> cannot be converted to StreamCodec<B,T>
            StreamCodec<B, T> codec = this.findCodec(type.id);
                                                    ^
  where B,T are type-variables:
    B extends FriendlyByteBuf declared in method <B>codec(FallbackProvider<B>,List<TypeAndCodec<? super B,?>>)
    T extends CustomPacketPayload declared in method <T>writeCap(B,Type<T>,CustomPacketPayload)
  where CAP#1,CAP#2 are fresh type-variables:
    CAP#1 extends Object super: B from capture of ? super B
    CAP#2 extends CustomPacketPayload from capture of ? extends CustomPacketPayload
/home/runner/work/mcJava/mcJava/android/app/src/main/java/net/minecraft/world/item/crafting/RecipeMap.java:37: error: incompatible types: Collection<RecipeHolder<?>> cannot be converted to Collection<RecipeHolder<T>>
      return this.byType.get(type);
                            ^
  where T,I are type-variables:
    T extends Recipe<I> declared in method <I,T>byType(RecipeType<T>)
    I extends RecipeInput declared in method <I,T>byType(RecipeType<T>)
/home/runner/work/mcJava/mcJava/android/app/src/main/java/net/minecraft/world/level/levelgen/structure/placement/RandomSpreadStructurePlacement.java:16: error: method placementCodec in class AbstractSpreadingStructurePlacement cannot be applied to given types;
         i -> placementCodec(i)
              ^
  required: Instance<S>
  found:    Instance<Object>
  reason: inference variable S has incompatible bounds
    equality constraints: Object
    upper bounds: AbstractSpreadingStructurePlacement
  where S is a type-variable:
    S extends AbstractSpreadingStructurePlacement declared in method <S>placementCodec(Instance<S>)
/home/runner/work/mcJava/mcJava/android/app/src/main/java/net/minecraft/world/level/levelgen/structure/placement/RandomSpreadStructurePlacement.java:18: error: no suitable method found for group(RecordCodecBuilder<RandomSpreadStructurePlacement,Integer>,RecordCodecBuilder<RandomSpreadStructurePlacement,Integer>,RecordCodecBuilder<RandomSpreadStructurePlacement,RandomSpreadType>)
               i.group(
                ^
    method Kind1.<T1#1>group(App<Mu<Object>,T1#1>) is not applicable
      (cannot infer type-variable(s) T1#1
        (actual and formal argument lists differ in length))
    method Kind1.<T1#2,T2#1>group(App<Mu<Object>,T1#2>,App<Mu<Object>,T2#1>) is not applicable
      (cannot infer type-variable(s) T1#2,T2#1
        (actual and formal argument lists differ in length))
    method Kind1.<T1#3,T2#2,T3#1>group(App<Mu<Object>,T1#3>,App<Mu<Object>,T2#2>,App<Mu<Object>,T3#1>) is not applicable
      (inference variable O has incompatible equality constraints RandomSpreadStructurePlacement,Object)
    method Kind1.<T1#4,T2#3,T3#2,T4#1>group(App<Mu<Object>,T1#4>,App<Mu<Object>,T2#3>,App<Mu<Object>,T3#2>,App<Mu<Object>,T4#1>) is not applicable
      (cannot infer type-variable(s) T1#4,T2#3,T3#2,T4#1
        (actual and formal argument lists differ in length))
    method Kind1.<T1#5,T2#4,T3#3,T4#2,T5#1>group(App<Mu<Object>,T1#5>,App<Mu<Object>,T2#4>,App<Mu<Object>,T3#3>,App<Mu<Object>,T4#2>,App<Mu<Object>,T5#1>) is not applicable
      (cannot infer type-variable(s) T1#5,T2#4,T3#3,T4#2,T5#1
        (actual and formal argument lists differ in length))
    method Kind1.<T1#6,T2#5,T3#4,T4#3,T5#2,T6#1>group(App<Mu<Object>,T1#6>,App<Mu<Object>,T2#5>,App<Mu<Object>,T3#4>,App<Mu<Object>,T4#3>,App<Mu<Object>,T5#2>,App<Mu<Object>,T6#1>) is not applicable
      (cannot infer type-variable(s) T1#6,T2#5,T3#4,T4#3,T5#2,T6#1
        (actual and formal argument lists differ in length))
    method Kind1.<T1#7,T2#6,T3#5,T4#4,T5#3,T6#2,T7#1>group(App<Mu<Object>,T1#7>,App<Mu<Object>,T2#6>,App<Mu<Object>,T3#5>,App<Mu<Object>,T4#4>,App<Mu<Object>,T5#3>,App<Mu<Object>,T6#2>,App<Mu<Object>,T7#1>) is not applicable
      (cannot infer type-variable(s) T1#7,T2#6,T3#5,T4#4,T5#3,T6#2,T7#1
        (actual and formal argument lists differ in length))
    method Kind1.<T1#8,T2#7,T3#6,T4#5,T5#4,T6#3,T7#2,T8#1>group(App<Mu<Object>,T1#8>,App<Mu<Object>,T2#7>,App<Mu<Object>,T3#6>,App<Mu<Object>,T4#5>,App<Mu<Object>,T5#4>,App<Mu<Object>,T6#3>,App<Mu<Object>,T7#2>,App<Mu<Object>,T8#1>) is not applicable
      (cannot infer type-variable(s) T1#8,T2#7,T3#6,T4#5,T5#4,T6#3,T7#2,T8#1
        (actual and formal argument lists differ in length))
    method Kind1.<T1#9,T2#8,T3#7,T4#6,T5#5,T6#4,T7#3,T8#2,T9#1>group(App<Mu<Object>,T1#9>,App<Mu<Object>,T2#8>,App<Mu<Object>,T3#7>,App<Mu<Object>,T4#6>,App<Mu<Object>,T5#5>,App<Mu<Object>,T6#4>,App<Mu<Object>,T7#3>,App<Mu<Object>,T8#2>,App<Mu<Object>,T9#1>) is not applicable
      (cannot infer type-variable(s) T1#9,T2#8,T3#7,T4#6,T5#5,T6#4,T7#3,T8#2,T9#1
        (actual and formal argument lists differ in length))
    method Kind1.<T1#10,T2#9,T3#8,T4#7,T5#6,T6#5,T7#4,T8#3,T9#2,T10#1>group(App<Mu<Object>,T1#10>,App<Mu<Object>,T2#9>,App<Mu<Object>,T3#8>,App<Mu<Object>,T4#7>,App<Mu<Object>,T5#6>,App<Mu<Object>,T6#5>,App<Mu<Object>,T7#4>,App<Mu<Object>,T8#3>,App<Mu<Object>,T9#2>,App<Mu<Object>,T10#1>) is not applicable
      (cannot infer type-variable(s) T1#10,T2#9,T3#8,T4#7,T5#6,T6#5,T7#4,T8#3,T9#2,T10#1
        (actual and formal argument lists differ in length))
    method Kind1.<T1#11,T2#10,T3#9,T4#8,T5#7,T6#6,T7#5,T8#4,T9#3,T10#2,T11#1>group(App<Mu<Object>,T1#11>,App<Mu<Object>,T2#10>,App<Mu<Object>,T3#9>,App<Mu<Object>,T4#8>,App<Mu<Object>,T5#7>,App<Mu<Object>,T6#6>,App<Mu<Object>,T7#5>,App<Mu<Object>,T8#4>,App<Mu<Object>,T9#3>,App<Mu<Object>,T10#2>,App<Mu<Object>,T11#1>) is not applicable
      (cannot infer type-variable(s) T1#11,T2#10,T3#9,T4#8,T5#7,T6#6,T7#5,T8#4,T9#3,T10#2,T11#1
        (actual and formal argument lists differ in length))
    method Kind1.<T1#12,T2#11,T3#10,T4#9,T5#8,T6#7,T7#6,T8#5,T9#4,T10#3,T11#2,T12#1>group(App<Mu<Object>,T1#12>,App<Mu<Object>,T2#11>,App<Mu<Object>,T3#10>,App<Mu<Object>,T4#9>,App<Mu<Object>,T5#8>,App<Mu<Object>,T6#7>,App<Mu<Object>,T7#6>,App<Mu<Object>,T8#5>,App<Mu<Object>,T9#4>,App<Mu<Object>,T10#3>,App<Mu<Object>,T11#2>,App<Mu<Object>,T12#1>) is not applicable
      (cannot infer type-variable(s) T1#12,T2#11,T3#10,T4#9,T5#8,T6#7,T7#6,T8#5,T9#4,T10#3,T11#2,T12#1
        (actual and formal argument lists differ in length))
    method Kind1.<T1#13,T2#12,T3#11,T4#10,T5#9,T6#8,T7#7,T8#6,T9#5,T10#4,T11#3,T12#2,T13#1>group(App<Mu<Object>,T1#13>,App<Mu<Object>,T2#12>,App<Mu<Object>,T3#11>,App<Mu<Object>,T4#10>,App<Mu<Object>,T5#9>,App<Mu<Object>,T6#8>,App<Mu<Object>,T7#7>,App<Mu<Object>,T8#6>,App<Mu<Object>,T9#5>,App<Mu<Object>,T10#4>,App<Mu<Object>,T11#3>,App<Mu<Object>,T12#2>,App<Mu<Object>,T13#1>) is not applicable
      (cannot infer type-variable(s) T1#13,T2#12,T3#11,T4#10,T5#9,T6#8,T7#7,T8#6,T9#5,T10#4,T11#3,T12#2,T13#1
        (actual and formal argument lists differ in length))
    method Kind1.<T1#14,T2#13,T3#12,T4#11,T5#10,T6#9,T7#8,T8#7,T9#6,T10#5,T11#4,T12#3,T13#2,T14#1>group(App<Mu<Object>,T1#14>,App<Mu<Object>,T2#13>,App<Mu<Object>,T3#12>,App<Mu<Object>,T4#11>,App<Mu<Object>,T5#10>,App<Mu<Object>,T6#9>,App<Mu<Object>,T7#8>,App<Mu<Object>,T8#7>,App<Mu<Object>,T9#6>,App<Mu<Object>,T10#5>,App<Mu<Object>,T11#4>,App<Mu<Object>,T12#3>,App<Mu<Object>,T13#2>,App<Mu<Object>,T14#1>) is not applicable
      (cannot infer type-variable(s) T1#14,T2#13,T3#12,T4#11,T5#10,T6#9,T7#8,T8#7,T9#6,T10#5,T11#4,T12#3,T13#2,T14#1
        (actual and formal argument lists differ in length))
    method Kind1.<T1#15,T2#14,T3#13,T4#12,T5#11,T6#10,T7#9,T8#8,T9#7,T10#6,T11#5,T12#4,T13#3,T14#2,T15#1>group(App<Mu<Object>,T1#15>,App<Mu<Object>,T2#14>,App<Mu<Object>,T3#13>,App<Mu<Object>,T4#12>,App<Mu<Object>,T5#11>,App<Mu<Object>,T6#10>,App<Mu<Object>,T7#9>,App<Mu<Object>,T8#8>,App<Mu<Object>,T9#7>,App<Mu<Object>,T10#6>,App<Mu<Object>,T11#5>,App<Mu<Object>,T12#4>,App<Mu<Object>,T13#3>,App<Mu<Object>,T14#2>,App<Mu<Object>,T15#1>) is not applicable
      (cannot infer type-variable(s) T1#15,T2#14,T3#13,T4#12,T5#11,T6#10,T7#9,T8#8,T9#7,T10#6,T11#5,T12#4,T13#3,T14#2,T15#1
        (actual and formal argument lists differ in length))
    method Kind1.<T1#16,T2#15,T3#14,T4#13,T5#12,T6#11,T7#10,T8#9,T9#8,T10#7,T11#6,T12#5,T13#4,T14#3,T15#2,T16>group(App<Mu<Object>,T1#16>,App<Mu<Object>,T2#15>,App<Mu<Object>,T3#14>,App<Mu<Object>,T4#13>,App<Mu<Object>,T5#12>,App<Mu<Object>,T6#11>,App<Mu<Object>,T7#10>,App<Mu<Object>,T8#9>,App<Mu<Object>,T9#8>,App<Mu<Object>,T10#7>,App<Mu<Object>,T11#6>,App<Mu<Object>,T12#5>,App<Mu<Object>,T13#4>,App<Mu<Object>,T14#3>,App<Mu<Object>,T15#2>,App<Mu<Object>,T16>) is not applicable
      (cannot infer type-variable(s) T1#16,T2#15,T3#14,T4#13,T5#12,T6#11,T7#10,T8#9,T9#8,T10#7,T11#6,T12#5,T13#4,T14#3,T15#2,T16
        (actual and formal argument lists differ in length))
  where T1#1,F,T1#2,T2#1,T1#3,T2#2,T3#1,O,A,T1#4,T2#3,T3#2,T4#1,T1#5,T2#4,T3#3,T4#2,T5#1,T1#6,T2#5,T3#4,T4#3,T5#2,T6#1,T1#7,T2#6,T3#5,T4#4,T5#3,T6#2,T7#1,T1#8,T2#7,T3#6,T4#5,T5#4,T6#3,T7#2,T8#1,T1#9,T2#8,T3#7,T4#6,T5#5,T6#4,T7#3,T8#2,T9#1,T1#10,T2#9,T3#8,T4#7,T5#6,T6#5,T7#4,T8#3,T9#2,T10#1,T1#11,T2#10,T3#9,T4#8,T5#7,T6#6,T7#5,T8#4,T9#3,T10#2,T11#1,T1#12,T2#11,T3#10,T4#9,T5#8,T6#7,T7#6,T8#5,T9#4,T10#3,T11#2,T12#1,T1#13,T2#12,T3#11,T4#10,T5#9,T6#8,T7#7,T8#6,T9#5,T10#4,T11#3,T12#2,T13#1,T1#14,T2#13,T3#12,T4#11,T5#10,T6#9,T7#8,T8#7,T9#6,T10#5,T11#4,T12#3,T13#2,T14#1,T1#15,T2#14,T3#13,T4#12,T5#11,T6#10,T7#9,T8#8,T9#7,T10#6,T11#5,T12#4,T13#3,T14#2,T15#1,T1#16,T2#15,T3#14,T4#13,T5#12,T6#11,T7#10,T8#9,T9#8,T10#7,T11#6,T12#5,T13#4,T14#3,T15#2,T16 are type-variables:
    T1#1 extends Object declared in method <T1#1>group(App<F,T1#1>)
    F extends K1 declared in interface Kind1
    T1#2 extends Object declared in method <T1#2,T2#1>group(App<F,T1#2>,App<F,T2#1>)
    T2#1 extends Object declared in method <T1#2,T2#1>group(App<F,T1#2>,App<F,T2#1>)
    T1#3 extends Object declared in method <T1#3,T2#2,T3#1>group(App<F,T1#3>,App<F,T2#2>,App<F,T3#1>)
    T2#2 extends Object declared in method <T1#3,T2#2,T3#1>group(App<F,T1#3>,App<F,T2#2>,App<F,T3#1>)
    T3#1 extends Object declared in method <T1#3,T2#2,T3#1>group(App<F,T1#3>,App<F,T2#2>,App<F,T3#1>)
    O extends Object declared in method <O>forGetter(Function<O,A>)
    A extends Object declared in class MapCodec
    T1#4 extends Object declared in method <T1#4,T2#3,T3#2,T4#1>group(App<F,T1#4>,App<F,T2#3>,App<F,T3#2>,App<F,T4#1>)
    T2#3 extends Object declared in method <T1#4,T2#3,T3#2,T4#1>group(App<F,T1#4>,App<F,T2#3>,App<F,T3#2>,App<F,T4#1>)
    T3#2 extends Object declared in method <T1#4,T2#3,T3#2,T4#1>group(App<F,T1#4>,App<F,T2#3>,App<F,T3#2>,App<F,T4#1>)
    T4#1 extends Object declared in method <T1#4,T2#3,T3#2,T4#1>group(App<F,T1#4>,App<F,T2#3>,App<F,T3#2>,App<F,T4#1>)
    T1#5 extends Object declared in method <T1#5,T2#4,T3#3,T4#2,T5#1>group(App<F,T1#5>,App<F,T2#4>,App<F,T3#3>,App<F,T4#2>,App<F,T5#1>)
    T2#4 extends Object declared in method <T1#5,T2#4,T3#3,T4#2,T5#1>group(App<F,T1#5>,App<F,T2#4>,App<F,T3#3>,App<F,T4#2>,App<F,T5#1>)
    T3#3 extends Object declared in method <T1#5,T2#4,T3#3,T4#2,T5#1>group(App<F,T1#5>,App<F,T2#4>,App<F,T3#3>,App<F,T4#2>,App<F,T5#1>)
    T4#2 extends Object declared in method <T1#5,T2#4,T3#3,T4#2,T5#1>group(App<F,T1#5>,App<F,T2#4>,App<F,T3#3>,App<F,T4#2>,App<F,T5#1>)
    T5#1 extends Object declared in method <T1#5,T2#4,T3#3,T4#2,T5#1>group(App<F,T1#5>,App<F,T2#4>,App<F,T3#3>,App<F,T4#2>,App<F,T5#1>)
    T1#6 extends Object declared in method <T1#6,T2#5,T3#4,T4#3,T5#2,T6#1>group(App<F,T1#6>,App<F,T2#5>,App<F,T3#4>,App<F,T4#3>,App<F,T5#2>,App<F,T6#1>)
    T2#5 extends Object declared in method <T1#6,T2#5,T3#4,T4#3,T5#2,T6#1>group(App<F,T1#6>,App<F,T2#5>,App<F,T3#4>,App<F,T4#3>,App<F,T5#2>,App<F,T6#1>)
    T3#4 extends Object declared in method <T1#6,T2#5,T3#4,T4#3,T5#2,T6#1>group(App<F,T1#6>,App<F,T2#5>,App<F,T3#4>,App<F,T4#3>,App<F,T5#2>,App<F,T6#1>)
    T4#3 extends Object declared in method <T1#6,T2#5,T3#4,T4#3,T5#2,T6#1>group(App<F,T1#6>,App<F,T2#5>,App<F,T3#4>,App<F,T4#3>,App<F,T5#2>,App<F,T6#1>)
    T5#2 extends Object declared in method <T1#6,T2#5,T3#4,T4#3,T5#2,T6#1>group(App<F,T1#6>,App<F,T2#5>,App<F,T3#4>,App<F,T4#3>,App<F,T5#2>,App<F,T6#1>)
    T6#1 extends Object declared in method <T1#6,T2#5,T3#4,T4#3,T5#2,T6#1>group(App<F,T1#6>,App<F,T2#5>,App<F,T3#4>,App<F,T4#3>,App<F,T5#2>,App<F,T6#1>)
    T1#7 extends Object declared in method <T1#7,T2#6,T3#5,T4#4,T5#3,T6#2,T7#1>group(App<F,T1#7>,App<F,T2#6>,App<F,T3#5>,App<F,T4#4>,App<F,T5#3>,App<F,T6#2>,App<F,T7#1>)
    T2#6 extends Object declared in method <T1#7,T2#6,T3#5,T4#4,T5#3,T6#2,T7#1>group(App<F,T1#7>,App<F,T2#6>,App<F,T3#5>,App<F,T4#4>,App<F,T5#3>,App<F,T6#2>,App<F,T7#1>)
    T3#5 extends Object declared in method <T1#7,T2#6,T3#5,T4#4,T5#3,T6#2,T7#1>group(App<F,T1#7>,App<F,T2#6>,App<F,T3#5>,App<F,T4#4>,App<F,T5#3>,App<F,T6#2>,App<F,T7#1>)
    T4#4 extends Object declared in method <T1#7,T2#6,T3#5,T4#4,T5#3,T6#2,T7#1>group(App<F,T1#7>,App<F,T2#6>,App<F,T3#5>,App<F,T4#4>,App<F,T5#3>,App<F,T6#2>,App<F,T7#1>)
    T5#3 extends Object declared in method <T1#7,T2#6,T3#5,T4#4,T5#3,T6#2,T7#1>group(App<F,T1#7>,App<F,T2#6>,App<F,T3#5>,App<F,T4#4>,App<F,T5#3>,App<F,T6#2>,App<F,T7#1>)
    T6#2 extends Object declared in method <T1#7,T2#6,T3#5,T4#4,T5#3,T6#2,T7#1>group(App<F,T1#7>,App<F,T2#6>,App<F,T3#5>,App<F,T4#4>,App<F,T5#3>,App<F,T6#2>,App<F,T7#1>)
    T7#1 extends Object declared in method <T1#7,T2#6,T3#5,T4#4,T5#3,T6#2,T7#1>group(App<F,T1#7>,App<F,T2#6>,App<F,T3#5>,App<F,T4#4>,App<F,T5#3>,App<F,T6#2>,App<F,T7#1>)
    T1#8 extends Object declared in method <T1#8,T2#7,T3#6,T4#5,T5#4,T6#3,T7#2,T8#1>group(App<F,T1#8>,App<F,T2#7>,App<F,T3#6>,App<F,T4#5>,App<F,T5#4>,App<F,T6#3>,App<F,T7#2>,App<F,T8#1>)
    T2#7 extends Object declared in method <T1#8,T2#7,T3#6,T4#5,T5#4,T6#3,T7#2,T8#1>group(App<F,T1#8>,App<F,T2#7>,App<F,T3#6>,App<F,T4#5>,App<F,T5#4>,App<F,T6#3>,App<F,T7#2>,App<F,T8#1>)
    T3#6 extends Object declared in method <T1#8,T2#7,T3#6,T4#5,T5#4,T6#3,T7#2,T8#1>group(App<F,T1#8>,App<F,T2#7>,App<F,T3#6>,App<F,T4#5>,App<F,T5#4>,App<F,T6#3>,App<F,T7#2>,App<F,T8#1>)
    T4#5 extends Object declared in method <T1#8,T2#7,T3#6,T4#5,T5#4,T6#3,T7#2,T8#1>group(App<F,T1#8>,App<F,T2#7>,App<F,T3#6>,App<F,T4#5>,App<F,T5#4>,App<F,T6#3>,App<F,T7#2>,App<F,T8#1>)
    T5#4 extends Object declared in method <T1#8,T2#7,T3#6,T4#5,T5#4,T6#3,T7#2,T8#1>group(App<F,T1#8>,App<F,T2#7>,App<F,T3#6>,App<F,T4#5>,App<F,T5#4>,App<F,T6#3>,App<F,T7#2>,App<F,T8#1>)
    T6#3 extends Object declared in method <T1#8,T2#7,T3#6,T4#5,T5#4,T6#3,T7#2,T8#1>group(App<F,T1#8>,App<F,T2#7>,App<F,T3#6>,App<F,T4#5>,App<F,T5#4>,App<F,T6#3>,App<F,T7#2>,App<F,T8#1>)
    T7#2 extends Object declared in method <T1#8,T2#7,T3#6,T4#5,T5#4,T6#3,T7#2,T8#1>group(App<F,T1#8>,App<F,T2#7>,App<F,T3#6>,App<F,T4#5>,App<F,T5#4>,App<F,T6#3>,App<F,T7#2>,App<F,T8#1>)
    T8#1 extends Object declared in method <T1#8,T2#7,T3#6,T4#5,T5#4,T6#3,T7#2,T8#1>group(App<F,T1#8>,App<F,T2#7>,App<F,T3#6>,App<F,T4#5>,App<F,T5#4>,App<F,T6#3>,App<F,T7#2>,App<F,T8#1>)
    T1#9 extends Object declared in method <T1#9,T2#8,T3#7,T4#6,T5#5,T6#4,T7#3,T8#2,T9#1>group(App<F,T1#9>,App<F,T2#8>,App<F,T3#7>,App<F,T4#6>,App<F,T5#5>,App<F,T6#4>,App<F,T7#3>,App<F,T8#2>,App<F,T9#1>)
    T2#8 extends Object declared in method <T1#9,T2#8,T3#7,T4#6,T5#5,T6#4,T7#3,T8#2,T9#1>group(App<F,T1#9>,App<F,T2#8>,App<F,T3#7>,App<F,T4#6>,App<F,T5#5>,App<F,T6#4>,App<F,T7#3>,App<F,T8#2>,App<F,T9#1>)
    T3#7 extends Object declared in method <T1#9,T2#8,T3#7,T4#6,T5#5,T6#4,T7#3,T8#2,T9#1>group(App<F,T1#9>,App<F,T2#8>,App<F,T3#7>,App<F,T4#6>,App<F,T5#5>,App<F,T6#4>,App<F,T7#3>,App<F,T8#2>,App<F,T9#1>)
    T4#6 extends Object declared in method <T1#9,T2#8,T3#7,T4#6,T5#5,T6#4,T7#3,T8#2,T9#1>group(App<F,T1#9>,App<F,T2#8>,App<F,T3#7>,App<F,T4#6>,App<F,T5#5>,App<F,T6#4>,App<F,T7#3>,App<F,T8#2>,App<F,T9#1>)
    T5#5 extends Object declared in method <T1#9,T2#8,T3#7,T4#6,T5#5,T6#4,T7#3,T8#2,T9#1>group(App<F,T1#9>,App<F,T2#8>,App<F,T3#7>,App<F,T4#6>,App<F,T5#5>,App<F,T6#4>,App<F,T7#3>,App<F,T8#2>,App<F,T9#1>)
    T6#4 extends Object declared in method <T1#9,T2#8,T3#7,T4#6,T5#5,T6#4,T7#3,T8#2,T9#1>group(App<F,T1#9>,App<F,T2#8>,App<F,T3#7>,App<F,T4#6>,App<F,T5#5>,App<F,T6#4>,App<F,T7#3>,App<F,T8#2>,App<F,T9#1>)
    T7#3 extends Object declared in method <T1#9,T2#8,T3#7,T4#6,T5#5,T6#4,T7#3,T8#2,T9#1>group(App<F,T1#9>,App<F,T2#8>,App<F,T3#7>,App<F,T4#6>,App<F,T5#5>,App<F,T6#4>,App<F,T7#3>,App<F,T8#2>,App<F,T9#1>)
    T8#2 extends Object declared in method <T1#9,T2#8,T3#7,T4#6,T5#5,T6#4,T7#3,T8#2,T9#1>group(App<F,T1#9>,App<F,T2#8>,App<F,T3#7>,App<F,T4#6>,App<F,T5#5>,App<F,T6#4>,App<F,T7#3>,App<F,T8#2>,App<F,T9#1>)
    T9#1 extends Object declared in method <T1#9,T2#8,T3#7,T4#6,T5#5,T6#4,T7#3,T8#2,T9#1>group(App<F,T1#9>,App<F,T2#8>,App<F,T3#7>,App<F,T4#6>,App<F,T5#5>,App<F,T6#4>,App<F,T7#3>,App<F,T8#2>,App<F,T9#1>)
    T1#10 extends Object declared in method <T1#10,T2#9,T3#8,T4#7,T5#6,T6#5,T7#4,T8#3,T9#2,T10#1>group(App<F,T1#10>,App<F,T2#9>,App<F,T3#8>,App<F,T4#7>,App<F,T5#6>,App<F,T6#5>,App<F,T7#4>,App<F,T8#3>,App<F,T9#2>,App<F,T10#1>)
    T2#9 extends Object declared in method <T1#10,T2#9,T3#8,T4#7,T5#6,T6#5,T7#4,T8#3,T9#2,T10#1>group(App<F,T1#10>,App<F,T2#9>,App<F,T3#8>,App<F,T4#7>,App<F,T5#6>,App<F,T6#5>,App<F,T7#4>,App<F,T8#3>,App<F,T9#2>,App<F,T10#1>)
    T3#8 extends Object declared in method <T1#10,T2#9,T3#8,T4#7,T5#6,T6#5,T7#4,T8#3,T9#2,T10#1>group(App<F,T1#10>,App<F,T2#9>,App<F,T3#8>,App<F,T4#7>,App<F,T5#6>,App<F,T6#5>,App<F,T7#4>,App<F,T8#3>,App<F,T9#2>,App<F,T10#1>)
    T4#7 extends Object declared in method <T1#10,T2#9,T3#8,T4#7,T5#6,T6#5,T7#4,T8#3,T9#2,T10#1>group(App<F,T1#10>,App<F,T2#9>,App<F,T3#8>,App<F,T4#7>,App<F,T5#6>,App<F,T6#5>,App<F,T7#4>,App<F,T8#3>,App<F,T9#2>,App<F,T10#1>)
    T5#6 extends Object declared in method <T1#10,T2#9,T3#8,T4#7,T5#6,T6#5,T7#4,T8#3,T9#2,T10#1>group(App<F,T1#10>,App<F,T2#9>,App<F,T3#8>,App<F,T4#7>,App<F,T5#6>,App<F,T6#5>,App<F,T7#4>,App<F,T8#3>,App<F,T9#2>,App<F,T10#1>)
    T6#5 extends Object declared in method <T1#10,T2#9,T3#8,T4#7,T5#6,T6#5,T7#4,T8#3,T9#2,T10#1>group(App<F,T1#10>,App<F,T2#9>,App<F,T3#8>,App<F,T4#7>,App<F,T5#6>,App<F,T6#5>,App<F,T7#4>,App<F,T8#3>,App<F,T9#2>,App<F,T10#1>)
    T7#4 extends Object declared in method <T1#10,T2#9,T3#8,T4#7,T5#6,T6#5,T7#4,T8#3,T9#2,T10#1>group(App<F,T1#10>,App<F,T2#9>,App<F,T3#8>,App<F,T4#7>,App<F,T5#6>,App<F,T6#5>,App<F,T7#4>,App<F,T8#3>,App<F,T9#2>,App<F,T10#1>)
    T8#3 extends Object declared in method <T1#10,T2#9,T3#8,T4#7,T5#6,T6#5,T7#4,T8#3,T9#2,T10#1>group(App<F,T1#10>,App<F,T2#9>,App<F,T3#8>,App<F,T4#7>,App<F,T5#6>,App<F,T6#5>,App<F,T7#4>,App<F,T8#3>,App<F,T9#2>,App<F,T10#1>)
    T9#2 extends Object declared in method <T1#10,T2#9,T3#8,T4#7,T5#6,T6#5,T7#4,T8#3,T9#2,T10#1>group(App<F,T1#10>,App<F,T2#9>,App<F,T3#8>,App<F,T4#7>,App<F,T5#6>,App<F,T6#5>,App<F,T7#4>,App<F,T8#3>,App<F,T9#2>,App<F,T10#1>)
    T10#1 extends Object declared in method <T1#10,T2#9,T3#8,T4#7,T5#6,T6#5,T7#4,T8#3,T9#2,T10#1>group(App<F,T1#10>,App<F,T2#9>,App<F,T3#8>,App<F,T4#7>,App<F,T5#6>,App<F,T6#5>,App<F,T7#4>,App<F,T8#3>,App<F,T9#2>,App<F,T10#1>)
    T1#11 extends Object declared in method <T1#11,T2#10,T3#9,T4#8,T5#7,T6#6,T7#5,T8#4,T9#3,T10#2,T11#1>group(App<F,T1#11>,App<F,T2#10>,App<F,T3#9>,App<F,T4#8>,App<F,T5#7>,App<F,T6#6>,App<F,T7#5>,App<F,T8#4>,App<F,T9#3>,App<F,T10#2>,App<F,T11#1>)
    T2#10 extends Object declared in method <T1#11,T2#10,T3#9,T4#8,T5#7,T6#6,T7#5,T8#4,T9#3,T10#2,T11#1>group(App<F,T1#11>,App<F,T2#10>,App<F,T3#9>,App<F,T4#8>,App<F,T5#7>,App<F,T6#6>,App<F,T7#5>,App<F,T8#4>,App<F,T9#3>,App<F,T10#2>,App<F,T11#1>)
    T3#9 extends Object declared in method <T1#11,T2#10,T3#9,T4#8,T5#7,T6#6,T7#5,T8#4,T9#3,T10#2,T11#1>group(App<F,T1#11>,App<F,T2#10>,App<F,T3#9>,App<F,T4#8>,App<F,T5#7>,App<F,T6#6>,App<F,T7#5>,App<F,T8#4>,App<F,T9#3>,App<F,T10#2>,App<F,T11#1>)
    T4#8 extends Object declared in method <T1#11,T2#10,T3#9,T4#8,T5#7,T6#6,T7#5,T8#4,T9#3,T10#2,T11#1>group(App<F,T1#11>,App<F,T2#10>,App<F,T3#9>,App<F,T4#8>,App<F,T5#7>,App<F,T6#6>,App<F,T7#5>,App<F,T8#4>,App<F,T9#3>,App<F,T10#2>,App<F,T11#1>)
    T5#7 extends Object declared in method <T1#11,T2#10,T3#9,T4#8,T5#7,T6#6,T7#5,T8#4,T9#3,T10#2,T11#1>group(App<F,T1#11>,App<F,T2#10>,App<F,T3#9>,App<F,T4#8>,App<F,T5#7>,App<F,T6#6>,App<F,T7#5>,App<F,T8#4>,App<F,T9#3>,App<F,T10#2>,App<F,T11#1>)
    T6#6 extends Object declared in method <T1#11,T2#10,T3#9,T4#8,T5#7,T6#6,T7#5,T8#4,T9#3,T10#2,T11#1>group(App<F,T1#11>,App<F,T2#10>,App<F,T3#9>,App<F,T4#8>,App<F,T5#7>,App<F,T6#6>,App<F,T7#5>,App<F,T8#4>,App<F,T9#3>,App<F,T10#2>,App<F,T11#1>)
    T7#5 extends Object declared in method <T1#11,T2#10,T3#9,T4#8,T5#7,T6#6,T7#5,T8#4,T9#3,T10#2,T11#1>group(App<F,T1#11>,App<F,T2#10>,App<F,T3#9>,App<F,T4#8>,App<F,T5#7>,App<F,T6#6>,App<F,T7#5>,App<F,T8#4>,App<F,T9#3>,App<F,T10#2>,App<F,T11#1>)
    T8#4 extends Object declared in method <T1#11,T2#10,T3#9,T4#8,T5#7,T6#6,T7#5,T8#4,T9#3,T10#2,T11#1>group(App<F,T1#11>,App<F,T2#10>,App<F,T3#9>,App<F,T4#8>,App<F,T5#7>,App<F,T6#6>,App<F,T7#5>,App<F,T8#4>,App<F,T9#3>,App<F,T10#2>,App<F,T11#1>)
    T9#3 extends Object declared in method <T1#11,T2#10,T3#9,T4#8,T5#7,T6#6,T7#5,T8#4,T9#3,T10#2,T11#1>group(App<F,T1#11>,App<F,T2#10>,App<F,T3#9>,App<F,T4#8>,App<F,T5#7>,App<F,T6#6>,App<F,T7#5>,App<F,T8#4>,App<F,T9#3>,App<F,T10#2>,App<F,T11#1>)
    T10#2 extends Object declared in method <T1#11,T2#10,T3#9,T4#8,T5#7,T6#6,T7#5,T8#4,T9#3,T10#2,T11#1>group(App<F,T1#11>,App<F,T2#10>,App<F,T3#9>,App<F,T4#8>,App<F,T5#7>,App<F,T6#6>,App<F,T7#5>,App<F,T8#4>,App<F,T9#3>,App<F,T10#2>,App<F,T11#1>)
    T11#1 extends Object declared in method <T1#11,T2#10,T3#9,T4#8,T5#7,T6#6,T7#5,T8#4,T9#3,T10#2,T11#1>group(App<F,T1#11>,App<F,T2#10>,App<F,T3#9>,App<F,T4#8>,App<F,T5#7>,App<F,T6#6>,App<F,T7#5>,App<F,T8#4>,App<F,T9#3>,App<F,T10#2>,App<F,T11#1>)
    T1#12 extends Object declared in method <T1#12,T2#11,T3#10,T4#9,T5#8,T6#7,T7#6,T8#5,T9#4,T10#3,T11#2,T12#1>group(App<F,T1#12>,App<F,T2#11>,App<F,T3#10>,App<F,T4#9>,App<F,T5#8>,App<F,T6#7>,App<F,T7#6>,App<F,T8#5>,App<F,T9#4>,App<F,T10#3>,App<F,T11#2>,App<F,T12#1>)
    T2#11 extends Object declared in method <T1#12,T2#11,T3#10,T4#9,T5#8,T6#7,T7#6,T8#5,T9#4,T10#3,T11#2,T12#1>group(App<F,T1#12>,App<F,T2#11>,App<F,T3#10>,App<F,T4#9>,App<F,T5#8>,App<F,T6#7>,App<F,T7#6>,App<F,T8#5>,App<F,T9#4>,App<F,T10#3>,App<F,T11#2>,App<F,T12#1>)
    T3#10 extends Object declared in method <T1#12,T2#11,T3#10,T4#9,T5#8,T6#7,T7#6,T8#5,T9#4,T10#3,T11#2,T12#1>group(App<F,T1#12>,App<F,T2#11>,App<F,T3#10>,App<F,T4#9>,App<F,T5#8>,App<F,T6#7>,App<F,T7#6>,App<F,T8#5>,App<F,T9#4>,App<F,T10#3>,App<F,T11#2>,App<F,T12#1>)
    T4#9 extends Object declared in method <T1#12,T2#11,T3#10,T4#9,T5#8,T6#7,T7#6,T8#5,T9#4,T10#3,T11#2,T12#1>group(App<F,T1#12>,App<F,T2#11>,App<F,T3#10>,App<F,T4#9>,App<F,T5#8>,App<F,T6#7>,App<F,T7#6>,App<F,T8#5>,App<F,T9#4>,App<F,T10#3>,App<F,T11#2>,App<F,T12#1>)
    T5#8 extends Object declared in method <T1#12,T2#11,T3#10,T4#9,T5#8,T6#7,T7#6,T8#5,T9#4,T10#3,T11#2,T12#1>group(App<F,T1#12>,App<F,T2#11>,App<F,T3#10>,App<F,T4#9>,App<F,T5#8>,App<F,T6#7>,App<F,T7#6>,App<F,T8#5>,App<F,T9#4>,App<F,T10#3>,App<F,T11#2>,App<F,T12#1>)
    T6#7 extends Object declared in method <T1#12,T2#11,T3#10,T4#9,T5#8,T6#7,T7#6,T8#5,T9#4,T10#3,T11#2,T12#1>group(App<F,T1#12>,App<F,T2#11>,App<F,T3#10>,App<F,T4#9>,App<F,T5#8>,App<F,T6#7>,App<F,T7#6>,App<F,T8#5>,App<F,T9#4>,App<F,T10#3>,App<F,T11#2>,App<F,T12#1>)
    T7#6 extends Object declared in method <T1#12,T2#11,T3#10,T4#9,T5#8,T6#7,T7#6,T8#5,T9#4,T10#3,T11#2,T12#1>group(App<F,T1#12>,App<F,T2#11>,App<F,T3#10>,App<F,T4#9>,App<F,T5#8>,App<F,T6#7>,App<F,T7#6>,App<F,T8#5>,App<F,T9#4>,App<F,T10#3>,App<F,T11#2>,App<F,T12#1>)
    T8#5 extends Object declared in method <T1#12,T2#11,T3#10,T4#9,T5#8,T6#7,T7#6,T8#5,T9#4,T10#3,T11#2,T12#1>group(App<F,T1#12>,App<F,T2#11>,App<F,T3#10>,App<F,T4#9>,App<F,T5#8>,App<F,T6#7>,App<F,T7#6>,App<F,T8#5>,App<F,T9#4>,App<F,T10#3>,App<F,T11#2>,App<F,T12#1>)
    T9#4 extends Object declared in method <T1#12,T2#11,T3#10,T4#9,T5#8,T6#7,T7#6,T8#5,T9#4,T10#3,T11#2,T12#1>group(App<F,T1#12>,App<F,T2#11>,App<F,T3#10>,App<F,T4#9>,App<F,T5#8>,App<F,T6#7>,App<F,T7#6>,App<F,T8#5>,App<F,T9#4>,App<F,T10#3>,App<F,T11#2>,App<F,T12#1>)
    T10#3 extends Object declared in method <T1#12,T2#11,T3#10,T4#9,T5#8,T6#7,T7#6,T8#5,T9#4,T10#3,T11#2,T12#1>group(App<F,T1#12>,App<F,T2#11>,App<F,T3#10>,App<F,T4#9>,App<F,T5#8>,App<F,T6#7>,App<F,T7#6>,App<F,T8#5>,App<F,T9#4>,App<F,T10#3>,App<F,T11#2>,App<F,T12#1>)
    T11#2 extends Object declared in method <T1#12,T2#11,T3#10,T4#9,T5#8,T6#7,T7#6,T8#5,T9#4,T10#3,T11#2,T12#1>group(App<F,T1#12>,App<F,T2#11>,App<F,T3#10>,App<F,T4#9>,App<F,T5#8>,App<F,T6#7>,App<F,T7#6>,App<F,T8#5>,App<F,T9#4>,App<F,T10#3>,App<F,T11#2>,App<F,T12#1>)
    T12#1 extends Object declared in method <T1#12,T2#11,T3#10,T4#9,T5#8,T6#7,T7#6,T8#5,T9#4,T10#3,T11#2,T12#1>group(App<F,T1#12>,App<F,T2#11>,App<F,T3#10>,App<F,T4#9>,App<F,T5#8>,App<F,T6#7>,App<F,T7#6>,App<F,T8#5>,App<F,T9#4>,App<F,T10#3>,App<F,T11#2>,App<F,T12#1>)
    T1#13 extends Object declared in method <T1#13,T2#12,T3#11,T4#10,T5#9,T6#8,T7#7,T8#6,T9#5,T10#4,T11#3,T12#2,T13#1>group(App<F,T1#13>,App<F,T2#12>,App<F,T3#11>,App<F,T4#10>,App<F,T5#9>,App<F,T6#8>,App<F,T7#7>,App<F,T8#6>,App<F,T9#5>,App<F,T10#4>,App<F,T11#3>,App<F,T12#2>,App<F,T13#1>)
    T2#12 extends Object declared in method <T1#13,T2#12,T3#11,T4#10,T5#9,T6#8,T7#7,T8#6,T9#5,T10#4,T11#3,T12#2,T13#1>group(App<F,T1#13>,App<F,T2#12>,App<F,T3#11>,App<F,T4#10>,App<F,T5#9>,App<F,T6#8>,App<F,T7#7>,App<F,T8#6>,App<F,T9#5>,App<F,T10#4>,App<F,T11#3>,App<F,T12#2>,App<F,T13#1>)
    T3#11 extends Object declared in method <T1#13,T2#12,T3#11,T4#10,T5#9,T6#8,T7#7,T8#6,T9#5,T10#4,T11#3,T12#2,T13#1>group(App<F,T1#13>,App<F,T2#12>,App<F,T3#11>,App<F,T4#10>,App<F,T5#9>,App<F,T6#8>,App<F,T7#7>,App<F,T8#6>,App<F,T9#5>,App<F,T10#4>,App<F,T11#3>,App<F,T12#2>,App<F,T13#1>)
    T4#10 extends Object declared in method <T1#13,T2#12,T3#11,T4#10,T5#9,T6#8,T7#7,T8#6,T9#5,T10#4,T11#3,T12#2,T13#1>group(App<F,T1#13>,App<F,T2#12>,App<F,T3#11>,App<F,T4#10>,App<F,T5#9>,App<F,T6#8>,App<F,T7#7>,App<F,T8#6>,App<F,T9#5>,App<F,T10#4>,App<F,T11#3>,App<F,T12#2>,App<F,T13#1>)
    T5#9 extends Object declared in method <T1#13,T2#12,T3#11,T4#10,T5#9,T6#8,T7#7,T8#6,T9#5,T10#4,T11#3,T12#2,T13#1>group(App<F,T1#13>,App<F,T2#12>,App<F,T3#11>,App<F,T4#10>,App<F,T5#9>,App<F,T6#8>,App<F,T7#7>,App<F,T8#6>,App<F,T9#5>,App<F,T10#4>,App<F,T11#3>,App<F,T12#2>,App<F,T13#1>)
    T6#8 extends Object declared in method <T1#13,T2#12,T3#11,T4#10,T5#9,T6#8,T7#7,T8#6,T9#5,T10#4,T11#3,T12#2,T13#1>group(App<F,T1#13>,App<F,T2#12>,App<F,T3#11>,App<F,T4#10>,App<F,T5#9>,App<F,T6#8>,App<F,T7#7>,App<F,T8#6>,App<F,T9#5>,App<F,T10#4>,App<F,T11#3>,App<F,T12#2>,App<F,T13#1>)
    T7#7 extends Object declared in method <T1#13,T2#12,T3#11,T4#10,T5#9,T6#8,T7#7,T8#6,T9#5,T10#4,T11#3,T12#2,T13#1>group(App<F,T1#13>,App<F,T2#12>,App<F,T3#11>,App<F,T4#10>,App<F,T5#9>,App<F,T6#8>,App<F,T7#7>,App<F,T8#6>,App<F,T9#5>,App<F,T10#4>,App<F,T11#3>,App<F,T12#2>,App<F,T13#1>)
    T8#6 extends Object declared in method <T1#13,T2#12,T3#11,T4#10,T5#9,T6#8,T7#7,T8#6,T9#5,T10#4,T11#3,T12#2,T13#1>group(App<F,T1#13>,App<F,T2#12>,App<F,T3#11>,App<F,T4#10>,App<F,T5#9>,App<F,T6#8>,App<F,T7#7>,App<F,T8#6>,App<F,T9#5>,App<F,T10#4>,App<F,T11#3>,App<F,T12#2>,App<F,T13#1>)
    T9#5 extends Object declared in method <T1#13,T2#12,T3#11,T4#10,T5#9,T6#8,T7#7,T8#6,T9#5,T10#4,T11#3,T12#2,T13#1>group(App<F,T1#13>,App<F,T2#12>,App<F,T3#11>,App<F,T4#10>,App<F,T5#9>,App<F,T6#8>,App<F,T7#7>,App<F,T8#6>,App<F,T9#5>,App<F,T10#4>,App<F,T11#3>,App<F,T12#2>,App<F,T13#1>)
    T10#4 extends Object declared in method <T1#13,T2#12,T3#11,T4#10,T5#9,T6#8,T7#7,T8#6,T9#5,T10#4,T11#3,T12#2,T13#1>group(App<F,T1#13>,App<F,T2#12>,App<F,T3#11>,App<F,T4#10>,App<F,T5#9>,App<F,T6#8>,App<F,T7#7>,App<F,T8#6>,App<F,T9#5>,App<F,T10#4>,App<F,T11#3>,App<F,T12#2>,App<F,T13#1>)
    T11#3 extends Object declared in method <T1#13,T2#12,T3#11,T4#10,T5#9,T6#8,T7#7,T8#6,T9#5,T10#4,T11#3,T12#2,T13#1>group(App<F,T1#13>,App<F,T2#12>,App<F,T3#11>,App<F,T4#10>,App<F,T5#9>,App<F,T6#8>,App<F,T7#7>,App<F,T8#6>,App<F,T9#5>,App<F,T10#4>,App<F,T11#3>,App<F,T12#2>,App<F,T13#1>)
    T12#2 extends Object declared in method <T1#13,T2#12,T3#11,T4#10,T5#9,T6#8,T7#7,T8#6,T9#5,T10#4,T11#3,T12#2,T13#1>group(App<F,T1#13>,App<F,T2#12>,App<F,T3#11>,App<F,T4#10>,App<F,T5#9>,App<F,T6#8>,App<F,T7#7>,App<F,T8#6>,App<F,T9#5>,App<F,T10#4>,App<F,T11#3>,App<F,T12#2>,App<F,T13#1>)
    T13#1 extends Object declared in method <T1#13,T2#12,T3#11,T4#10,T5#9,T6#8,T7#7,T8#6,T9#5,T10#4,T11#3,T12#2,T13#1>group(App<F,T1#13>,App<F,T2#12>,App<F,T3#11>,App<F,T4#10>,App<F,T5#9>,App<F,T6#8>,App<F,T7#7>,App<F,T8#6>,App<F,T9#5>,App<F,T10#4>,App<F,T11#3>,App<F,T12#2>,App<F,T13#1>)
    T1#14 extends Object declared in method <T1#14,T2#13,T3#12,T4#11,T5#10,T6#9,T7#8,T8#7,T9#6,T10#5,T11#4,T12#3,T13#2,T14#1>group(App<F,T1#14>,App<F,T2#13>,App<F,T3#12>,App<F,T4#11>,App<F,T5#10>,App<F,T6#9>,App<F,T7#8>,App<F,T8#7>,App<F,T9#6>,App<F,T10#5>,App<F,T11#4>,App<F,T12#3>,App<F,T13#2>,App<F,T14#1>)
    T2#13 extends Object declared in method <T1#14,T2#13,T3#12,T4#11,T5#10,T6#9,T7#8,T8#7,T9#6,T10#5,T11#4,T12#3,T13#2,T14#1>group(App<F,T1#14>,App<F,T2#13>,App<F,T3#12>,App<F,T4#11>,App<F,T5#10>,App<F,T6#9>,App<F,T7#8>,App<F,T8#7>,App<F,T9#6>,App<F,T10#5>,App<F,T11#4>,App<F,T12#3>,App<F,T13#2>,App<F,T14#1>)
    T3#12 extends Object declared in method <T1#14,T2#13,T3#12,T4#11,T5#10,T6#9,T7#8,T8#7,T9#6,T10#5,T11#4,T12#3,T13#2,T14#1>group(App<F,T1#14>,App<F,T2#13>,App<F,T3#12>,App<F,T4#11>,App<F,T5#10>,App<F,T6#9>,App<F,T7#8>,App<F,T8#7>,App<F,T9#6>,App<F,T10#5>,App<F,T11#4>,App<F,T12#3>,App<F,T13#2>,App<F,T14#1>)
    T4#11 extends Object declared in method <T1#14,T2#13,T3#12,T4#11,T5#10,T6#9,T7#8,T8#7,T9#6,T10#5,T11#4,T12#3,T13#2,T14#1>group(App<F,T1#14>,App<F,T2#13>,App<F,T3#12>,App<F,T4#11>,App<F,T5#10>,App<F,T6#9>,App<F,T7#8>,App<F,T8#7>,App<F,T9#6>,App<F,T10#5>,App<F,T11#4>,App<F,T12#3>,App<F,T13#2>,App<F,T14#1>)
    T5#10 extends Object declared in method <T1#14,T2#13,T3#12,T4#11,T5#10,T6#9,T7#8,T8#7,T9#6,T10#5,T11#4,T12#3,T13#2,T14#1>group(App<F,T1#14>,App<F,T2#13>,App<F,T3#12>,App<F,T4#11>,App<F,T5#10>,App<F,T6#9>,App<F,T7#8>,App<F,T8#7>,App<F,T9#6>,App<F,T10#5>,App<F,T11#4>,App<F,T12#3>,App<F,T13#2>,App<F,T14#1>)
    T6#9 extends Object declared in method <T1#14,T2#13,T3#12,T4#11,T5#10,T6#9,T7#8,T8#7,T9#6,T10#5,T11#4,T12#3,T13#2,T14#1>group(App<F,T1#14>,App<F,T2#13>,App<F,T3#12>,App<F,T4#11>,App<F,T5#10>,App<F,T6#9>,App<F,T7#8>,App<F,T8#7>,App<F,T9#6>,App<F,T10#5>,App<F,T11#4>,App<F,T12#3>,App<F,T13#2>,App<F,T14#1>)
    T7#8 extends Object declared in method <T1#14,T2#13,T3#12,T4#11,T5#10,T6#9,T7#8,T8#7,T9#6,T10#5,T11#4,T12#3,T13#2,T14#1>group(App<F,T1#14>,App<F,T2#13>,App<F,T3#12>,App<F,T4#11>,App<F,T5#10>,App<F,T6#9>,App<F,T7#8>,App<F,T8#7>,App<F,T9#6>,App<F,T10#5>,App<F,T11#4>,App<F,T12#3>,App<F,T13#2>,App<F,T14#1>)
    T8#7 extends Object declared in method <T1#14,T2#13,T3#12,T4#11,T5#10,T6#9,T7#8,T8#7,T9#6,T10#5,T11#4,T12#3,T13#2,T14#1>group(App<F,T1#14>,App<F,T2#13>,App<F,T3#12>,App<F,T4#11>,App<F,T5#10>,App<F,T6#9>,App<F,T7#8>,App<F,T8#7>,App<F,T9#6>,App<F,T10#5>,App<F,T11#4>,App<F,T12#3>,App<F,T13#2>,App<F,T14#1>)
    T9#6 extends Object declared in method <T1#14,T2#13,T3#12,T4#11,T5#10,T6#9,T7#8,T8#7,T9#6,T10#5,T11#4,T12#3,T13#2,T14#1>group(App<F,T1#14>,App<F,T2#13>,App<F,T3#12>,App<F,T4#11>,App<F,T5#10>,App<F,T6#9>,App<F,T7#8>,App<F,T8#7>,App<F,T9#6>,App<F,T10#5>,App<F,T11#4>,App<F,T12#3>,App<F,T13#2>,App<F,T14#1>)
    T10#5 extends Object declared in method <T1#14,T2#13,T3#12,T4#11,T5#10,T6#9,T7#8,T8#7,T9#6,T10#5,T11#4,T12#3,T13#2,T14#1>group(App<F,T1#14>,App<F,T2#13>,App<F,T3#12>,App<F,T4#11>,App<F,T5#10>,App<F,T6#9>,App<F,T7#8>,App<F,T8#7>,App<F,T9#6>,App<F,T10#5>,App<F,T11#4>,App<F,T12#3>,App<F,T13#2>,App<F,T14#1>)
    T11#4 extends Object declared in method <T1#14,T2#13,T3#12,T4#11,T5#10,T6#9,T7#8,T8#7,T9#6,T10#5,T11#4,T12#3,T13#2,T14#1>group(App<F,T1#14>,App<F,T2#13>,App<F,T3#12>,App<F,T4#11>,App<F,T5#10>,App<F,T6#9>,App<F,T7#8>,App<F,T8#7>,App<F,T9#6>,App<F,T10#5>,App<F,T11#4>,App<F,T12#3>,App<F,T13#2>,App<F,T14#1>)
    T12#3 extends Object declared in method <T1#14,T2#13,T3#12,T4#11,T5#10,T6#9,T7#8,T8#7,T9#6,T10#5,T11#4,T12#3,T13#2,T14#1>group(App<F,T1#14>,App<F,T2#13>,App<F,T3#12>,App<F,T4#11>,App<F,T5#10>,App<F,T6#9>,App<F,T7#8>,App<F,T8#7>,App<F,T9#6>,App<F,T10#5>,App<F,T11#4>,App<F,T12#3>,App<F,T13#2>,App<F,T14#1>)
    T13#2 extends Object declared in method <T1#14,T2#13,T3#12,T4#11,T5#10,T6#9,T7#8,T8#7,T9#6,T10#5,T11#4,T12#3,T13#2,T14#1>group(App<F,T1#14>,App<F,T2#13>,App<F,T3#12>,App<F,T4#11>,App<F,T5#10>,App<F,T6#9>,App<F,T7#8>,App<F,T8#7>,App<F,T9#6>,App<F,T10#5>,App<F,T11#4>,App<F,T12#3>,App<F,T13#2>,App<F,T14#1>)
    T14#1 extends Object declared in method <T1#14,T2#13,T3#12,T4#11,T5#10,T6#9,T7#8,T8#7,T9#6,T10#5,T11#4,T12#3,T13#2,T14#1>group(App<F,T1#14>,App<F,T2#13>,App<F,T3#12>,App<F,T4#11>,App<F,T5#10>,App<F,T6#9>,App<F,T7#8>,App<F,T8#7>,App<F,T9#6>,App<F,T10#5>,App<F,T11#4>,App<F,T12#3>,App<F,T13#2>,App<F,T14#1>)
    T1#15 extends Object declared in method <T1#15,T2#14,T3#13,T4#12,T5#11,T6#10,T7#9,T8#8,T9#7,T10#6,T11#5,T12#4,T13#3,T14#2,T15#1>group(App<F,T1#15>,App<F,T2#14>,App<F,T3#13>,App<F,T4#12>,App<F,T5#11>,App<F,T6#10>,App<F,T7#9>,App<F,T8#8>,App<F,T9#7>,App<F,T10#6>,App<F,T11#5>,App<F,T12#4>,App<F,T13#3>,App<F,T14#2>,App<F,T15#1>)
    T2#14 extends Object declared in method <T1#15,T2#14,T3#13,T4#12,T5#11,T6#10,T7#9,T8#8,T9#7,T10#6,T11#5,T12#4,T13#3,T14#2,T15#1>group(App<F,T1#15>,App<F,T2#14>,App<F,T3#13>,App<F,T4#12>,App<F,T5#11>,App<F,T6#10>,App<F,T7#9>,App<F,T8#8>,App<F,T9#7>,App<F,T10#6>,App<F,T11#5>,App<F,T12#4>,App<F,T13#3>,App<F,T14#2>,App<F,T15#1>)
    T3#13 extends Object declared in method <T1#15,T2#14,T3#13,T4#12,T5#11,T6#10,T7#9,T8#8,T9#7,T10#6,T11#5,T12#4,T13#3,T14#2,T15#1>group(App<F,T1#15>,App<F,T2#14>,App<F,T3#13>,App<F,T4#12>,App<F,T5#11>,App<F,T6#10>,App<F,T7#9>,App<F,T8#8>,App<F,T9#7>,App<F,T10#6>,App<F,T11#5>,App<F,T12#4>,App<F,T13#3>,App<F,T14#2>,App<F,T15#1>)
    T4#12 extends Object declared in method <T1#15,T2#14,T3#13,T4#12,T5#11,T6#10,T7#9,T8#8,T9#7,T10#6,T11#5,T12#4,T13#3,T14#2,T15#1>group(App<F,T1#15>,App<F,T2#14>,App<F,T3#13>,App<F,T4#12>,App<F,T5#11>,App<F,T6#10>,App<F,T7#9>,App<F,T8#8>,App<F,T9#7>,App<F,T10#6>,App<F,T11#5>,App<F,T12#4>,App<F,T13#3>,App<F,T14#2>,App<F,T15#1>)
    T5#11 extends Object declared in method <T1#15,T2#14,T3#13,T4#12,T5#11,T6#10,T7#9,T8#8,T9#7,T10#6,T11#5,T12#4,T13#3,T14#2,T15#1>group(App<F,T1#15>,App<F,T2#14>,App<F,T3#13>,App<F,T4#12>,App<F,T5#11>,App<F,T6#10>,App<F,T7#9>,App<F,T8#8>,App<F,T9#7>,App<F,T10#6>,App<F,T11#5>,App<F,T12#4>,App<F,T13#3>,App<F,T14#2>,App<F,T15#1>)
    T6#10 extends Object declared in method <T1#15,T2#14,T3#13,T4#12,T5#11,T6#10,T7#9,T8#8,T9#7,T10#6,T11#5,T12#4,T13#3,T14#2,T15#1>group(App<F,T1#15>,App<F,T2#14>,App<F,T3#13>,App<F,T4#12>,App<F,T5#11>,App<F,T6#10>,App<F,T7#9>,App<F,T8#8>,App<F,T9#7>,App<F,T10#6>,App<F,T11#5>,App<F,T12#4>,App<F,T13#3>,App<F,T14#2>,App<F,T15#1>)
    T7#9 extends Object declared in method <T1#15,T2#14,T3#13,T4#12,T5#11,T6#10,T7#9,T8#8,T9#7,T10#6,T11#5,T12#4,T13#3,T14#2,T15#1>group(App<F,T1#15>,App<F,T2#14>,App<F,T3#13>,App<F,T4#12>,App<F,T5#11>,App<F,T6#10>,App<F,T7#9>,App<F,T8#8>,App<F,T9#7>,App<F,T10#6>,App<F,T11#5>,App<F,T12#4>,App<F,T13#3>,App<F,T14#2>,App<F,T15#1>)
    T8#8 extends Object declared in method <T1#15,T2#14,T3#13,T4#12,T5#11,T6#10,T7#9,T8#8,T9#7,T10#6,T11#5,T12#4,T13#3,T14#2,T15#1>group(App<F,T1#15>,App<F,T2#14>,App<F,T3#13>,App<F,T4#12>,App<F,T5#11>,App<F,T6#10>,App<F,T7#9>,App<F,T8#8>,App<F,T9#7>,App<F,T10#6>,App<F,T11#5>,App<F,T12#4>,App<F,T13#3>,App<F,T14#2>,App<F,T15#1>)
    T9#7 extends Object declared in method <T1#15,T2#14,T3#13,T4#12,T5#11,T6#10,T7#9,T8#8,T9#7,T10#6,T11#5,T12#4,T13#3,T14#2,T15#1>group(App<F,T1#15>,App<F,T2#14>,App<F,T3#13>,App<F,T4#12>,App<F,T5#11>,App<F,T6#10>,App<F,T7#9>,App<F,T8#8>,App<F,T9#7>,App<F,T10#6>,App<F,T11#5>,App<F,T12#4>,App<F,T13#3>,App<F,T14#2>,App<F,T15#1>)
    T10#6 extends Object declared in method <T1#15,T2#14,T3#13,T4#12,T5#11,T6#10,T7#9,T8#8,T9#7,T10#6,T11#5,T12#4,T13#3,T14#2,T15#1>group(App<F,T1#15>,App<F,T2#14>,App<F,T3#13>,App<F,T4#12>,App<F,T5#11>,App<F,T6#10>,App<F,T7#9>,App<F,T8#8>,App<F,T9#7>,App<F,T10#6>,App<F,T11#5>,App<F,T12#4>,App<F,T13#3>,App<F,T14#2>,App<F,T15#1>)
    T11#5 extends Object declared in method <T1#15,T2#14,T3#13,T4#12,T5#11,T6#10,T7#9,T8#8,T9#7,T10#6,T11#5,T12#4,T13#3,T14#2,T15#1>group(App<F,T1#15>,App<F,T2#14>,App<F,T3#13>,App<F,T4#12>,App<F,T5#11>,App<F,T6#10>,App<F,T7#9>,App<F,T8#8>,App<F,T9#7>,App<F,T10#6>,App<F,T11#5>,App<F,T12#4>,App<F,T13#3>,App<F,T14#2>,App<F,T15#1>)
    T12#4 extends Object declared in method <T1#15,T2#14,T3#13,T4#12,T5#11,T6#10,T7#9,T8#8,T9#7,T10#6,T11#5,T12#4,T13#3,T14#2,T15#1>group(App<F,T1#15>,App<F,T2#14>,App<F,T3#13>,App<F,T4#12>,App<F,T5#11>,App<F,T6#10>,App<F,T7#9>,App<F,T8#8>,App<F,T9#7>,App<F,T10#6>,App<F,T11#5>,App<F,T12#4>,App<F,T13#3>,App<F,T14#2>,App<F,T15#1>)
    T13#3 extends Object declared in method <T1#15,T2#14,T3#13,T4#12,T5#11,T6#10,T7#9,T8#8,T9#7,T10#6,T11#5,T12#4,T13#3,T14#2,T15#1>group(App<F,T1#15>,App<F,T2#14>,App<F,T3#13>,App<F,T4#12>,App<F,T5#11>,App<F,T6#10>,App<F,T7#9>,App<F,T8#8>,App<F,T9#7>,App<F,T10#6>,App<F,T11#5>,App<F,T12#4>,App<F,T13#3>,App<F,T14#2>,App<F,T15#1>)
    T14#2 extends Object declared in method <T1#15,T2#14,T3#13,T4#12,T5#11,T6#10,T7#9,T8#8,T9#7,T10#6,T11#5,T12#4,T13#3,T14#2,T15#1>group(App<F,T1#15>,App<F,T2#14>,App<F,T3#13>,App<F,T4#12>,App<F,T5#11>,App<F,T6#10>,App<F,T7#9>,App<F,T8#8>,App<F,T9#7>,App<F,T10#6>,App<F,T11#5>,App<F,T12#4>,App<F,T13#3>,App<F,T14#2>,App<F,T15#1>)
    T15#1 extends Object declared in method <T1#15,T2#14,T3#13,T4#12,T5#11,T6#10,T7#9,T8#8,T9#7,T10#6,T11#5,T12#4,T13#3,T14#2,T15#1>group(App<F,T1#15>,App<F,T2#14>,App<F,T3#13>,App<F,T4#12>,App<F,T5#11>,App<F,T6#10>,App<F,T7#9>,App<F,T8#8>,App<F,T9#7>,App<F,T10#6>,App<F,T11#5>,App<F,T12#4>,App<F,T13#3>,App<F,T14#2>,App<F,T15#1>)
    T1#16 extends Object declared in method <T1#16,T2#15,T3#14,T4#13,T5#12,T6#11,T7#10,T8#9,T9#8,T10#7,T11#6,T12#5,T13#4,T14#3,T15#2,T16>group(App<F,T1#16>,App<F,T2#15>,App<F,T3#14>,App<F,T4#13>,App<F,T5#12>,App<F,T6#11>,App<F,T7#10>,App<F,T8#9>,App<F,T9#8>,App<F,T10#7>,App<F,T11#6>,App<F,T12#5>,App<F,T13#4>,App<F,T14#3>,App<F,T15#2>,App<F,T16>)
    T2#15 extends Object declared in method <T1#16,T2#15,T3#14,T4#13,T5#12,T6#11,T7#10,T8#9,T9#8,T10#7,T11#6,T12#5,T13#4,T14#3,T15#2,T16>group(App<F,T1#16>,App<F,T2#15>,App<F,T3#14>,App<F,T4#13>,App<F,T5#12>,App<F,T6#11>,App<F,T7#10>,App<F,T8#9>,App<F,T9#8>,App<F,T10#7>,App<F,T11#6>,App<F,T12#5>,App<F,T13#4>,App<F,T14#3>,App<F,T15#2>,App<F,T16>)
    T3#14 extends Object declared in method <T1#16,T2#15,T3#14,T4#13,T5#12,T6#11,T7#10,T8#9,T9#8,T10#7,T11#6,T12#5,T13#4,T14#3,T15#2,T16>group(App<F,T1#16>,App<F,T2#15>,App<F,T3#14>,App<F,T4#13>,App<F,T5#12>,App<F,T6#11>,App<F,T7#10>,App<F,T8#9>,App<F,T9#8>,App<F,T10#7>,App<F,T11#6>,App<F,T12#5>,App<F,T13#4>,App<F,T14#3>,App<F,T15#2>,App<F,T16>)
    T4#13 extends Object declared in method <T1#16,T2#15,T3#14,T4#13,T5#12,T6#11,T7#10,T8#9,T9#8,T10#7,T11#6,T12#5,T13#4,T14#3,T15#2,T16>group(App<F,T1#16>,App<F,T2#15>,App<F,T3#14>,App<F,T4#13>,App<F,T5#12>,App<F,T6#11>,App<F,T7#10>,App<F,T8#9>,App<F,T9#8>,App<F,T10#7>,App<F,T11#6>,App<F,T12#5>,App<F,T13#4>,App<F,T14#3>,App<F,T15#2>,App<F,T16>)
    T5#12 extends Object declared in method <T1#16,T2#15,T3#14,T4#13,T5#12,T6#11,T7#10,T8#9,T9#8,T10#7,T11#6,T12#5,T13#4,T14#3,T15#2,T16>group(App<F,T1#16>,App<F,T2#15>,App<F,T3#14>,App<F,T4#13>,App<F,T5#12>,App<F,T6#11>,App<F,T7#10>,App<F,T8#9>,App<F,T9#8>,App<F,T10#7>,App<F,T11#6>,App<F,T12#5>,App<F,T13#4>,App<F,T14#3>,App<F,T15#2>,App<F,T16>)
    T6#11 extends Object declared in method <T1#16,T2#15,T3#14,T4#13,T5#12,T6#11,T7#10,T8#9,T9#8,T10#7,T11#6,T12#5,T13#4,T14#3,T15#2,T16>group(App<F,T1#16>,App<F,T2#15>,App<F,T3#14>,App<F,T4#13>,App<F,T5#12>,App<F,T6#11>,App<F,T7#10>,App<F,T8#9>,App<F,T9#8>,App<F,T10#7>,App<F,T11#6>,App<F,T12#5>,App<F,T13#4>,App<F,T14#3>,App<F,T15#2>,App<F,T16>)
    T7#10 extends Object declared in method <T1#16,T2#15,T3#14,T4#13,T5#12,T6#11,T7#10,T8#9,T9#8,T10#7,T11#6,T12#5,T13#4,T14#3,T15#2,T16>group(App<F,T1#16>,App<F,T2#15>,App<F,T3#14>,App<F,T4#13>,App<F,T5#12>,App<F,T6#11>,App<F,T7#10>,App<F,T8#9>,App<F,T9#8>,App<F,T10#7>,App<F,T11#6>,App<F,T12#5>,App<F,T13#4>,App<F,T14#3>,App<F,T15#2>,App<F,T16>)
    T8#9 extends Object declared in method <T1#16,T2#15,T3#14,T4#13,T5#12,T6#11,T7#10,T8#9,T9#8,T10#7,T11#6,T12#5,T13#4,T14#3,T15#2,T16>group(App<F,T1#16>,App<F,T2#15>,App<F,T3#14>,App<F,T4#13>,App<F,T5#12>,App<F,T6#11>,App<F,T7#10>,App<F,T8#9>,App<F,T9#8>,App<F,T10#7>,App<F,T11#6>,App<F,T12#5>,App<F,T13#4>,App<F,T14#3>,App<F,T15#2>,App<F,T16>)
    T9#8 extends Object declared in method <T1#16,T2#15,T3#14,T4#13,T5#12,T6#11,T7#10,T8#9,T9#8,T10#7,T11#6,T12#5,T13#4,T14#3,T15#2,T16>group(App<F,T1#16>,App<F,T2#15>,App<F,T3#14>,App<F,T4#13>,App<F,T5#12>,App<F,T6#11>,App<F,T7#10>,App<F,T8#9>,App<F,T9#8>,App<F,T10#7>,App<F,T11#6>,App<F,T12#5>,App<F,T13#4>,App<F,T14#3>,App<F,T15#2>,App<F,T16>)
    T10#7 extends Object declared in method <T1#16,T2#15,T3#14,T4#13,T5#12,T6#11,T7#10,T8#9,T9#8,T10#7,T11#6,T12#5,T13#4,T14#3,T15#2,T16>group(App<F,T1#16>,App<F,T2#15>,App<F,T3#14>,App<F,T4#13>,App<F,T5#12>,App<F,T6#11>,App<F,T7#10>,App<F,T8#9>,App<F,T9#8>,App<F,T10#7>,App<F,T11#6>,App<F,T12#5>,App<F,T13#4>,App<F,T14#3>,App<F,T15#2>,App<F,T16>)
    T11#6 extends Object declared in method <T1#16,T2#15,T3#14,T4#13,T5#12,T6#11,T7#10,T8#9,T9#8,T10#7,T11#6,T12#5,T13#4,T14#3,T15#2,T16>group(App<F,T1#16>,App<F,T2#15>,App<F,T3#14>,App<F,T4#13>,App<F,T5#12>,App<F,T6#11>,App<F,T7#10>,App<F,T8#9>,App<F,T9#8>,App<F,T10#7>,App<F,T11#6>,App<F,T12#5>,App<F,T13#4>,App<F,T14#3>,App<F,T15#2>,App<F,T16>)
    T12#5 extends Object declared in method <T1#16,T2#15,T3#14,T4#13,T5#12,T6#11,T7#10,T8#9,T9#8,T10#7,T11#6,T12#5,T13#4,T14#3,T15#2,T16>group(App<F,T1#16>,App<F,T2#15>,App<F,T3#14>,App<F,T4#13>,App<F,T5#12>,App<F,T6#11>,App<F,T7#10>,App<F,T8#9>,App<F,T9#8>,App<F,T10#7>,App<F,T11#6>,App<F,T12#5>,App<F,T13#4>,App<F,T14#3>,App<F,T15#2>,App<F,T16>)
    T13#4 extends Object declared in method <T1#16,T2#15,T3#14,T4#13,T5#12,T6#11,T7#10,T8#9,T9#8,T10#7,T11#6,T12#5,T13#4,T14#3,T15#2,T16>group(App<F,T1#16>,App<F,T2#15>,App<F,T3#14>,App<F,T4#13>,App<F,T5#12>,App<F,T6#11>,App<F,T7#10>,App<F,T8#9>,App<F,T9#8>,App<F,T10#7>,App<F,T11#6>,App<F,T12#5>,App<F,T13#4>,App<F,T14#3>,App<F,T15#2>,App<F,T16>)
    T14#3 extends Object declared in method <T1#16,T2#15,T3#14,T4#13,T5#12,T6#11,T7#10,T8#9,T9#8,T10#7,T11#6,T12#5,T13#4,T14#3,T15#2,T16>group(App<F,T1#16>,App<F,T2#15>,App<F,T3#14>,App<F,T4#13>,App<F,T5#12>,App<F,T6#11>,App<F,T7#10>,App<F,T8#9>,App<F,T9#8>,App<F,T10#7>,App<F,T11#6>,App<F,T12#5>,App<F,T13#4>,App<F,T14#3>,App<F,T15#2>,App<F,T16>)
    T15#2 extends Object declared in method <T1#16,T2#15,T3#14,T4#13,T5#12,T6#11,T7#10,T8#9,T9#8,T10#7,T11#6,T12#5,T13#4,T14#3,T15#2,T16>group(App<F,T1#16>,App<F,T2#15>,App<F,T3#14>,App<F,T4#13>,App<F,T5#12>,App<F,T6#11>,App<F,T7#10>,App<F,T8#9>,App<F,T9#8>,App<F,T10#7>,App<F,T11#6>,App<F,T12#5>,App<F,T13#4>,App<F,T14#3>,App<F,T15#2>,App<F,T16>)
    T16 extends Object declared in method <T1#16,T2#15,T3#14,T4#13,T5#12,T6#11,T7#10,T8#9,T9#8,T10#7,T11#6,T12#5,T13#4,T14#3,T15#2,T16>group(App<F,T1#16>,App<F,T2#15>,App<F,T3#14>,App<F,T4#13>,App<F,T5#12>,App<F,T6#11>,App<F,T7#10>,App<F,T8#9>,App<F,T9#8>,App<F,T10#7>,App<F,T11#6>,App<F,T12#5>,App<F,T13#4>,App<F,T14#3>,App<F,T15#2>,App<F,T16>)
/home/runner/work/mcJava/mcJava/android/app/src/main/java/net/minecraft/world/level/levelgen/structure/placement/RandomSpreadStructurePlacement.java:26: error: incompatible types: invalid method reference
      .validate(RandomSpreadStructurePlacement::validate);
                ^
    incompatible types: Object cannot be converted to RandomSpreadStructurePlacement
/home/runner/work/mcJava/mcJava/android/app/src/main/java/net/minecraft/server/dedicated/Settings.java:116: error: improperly formed type, type arguments given on a raw type
      return new Settings.MutableValue<>(key, result, serializer);
                                      ^
/home/runner/work/mcJava/mcJava/android/app/src/main/java/net/minecraft/server/dedicated/DedicatedServerProperties.java:275: error: incompatible types: invalid method reference
               .resultOrPartial(DedicatedServerProperties.LOGGER::error);
                                ^
    no suitable method found for error(Object)
        method Logger.error(String) is not applicable
          (argument mismatch; Object cannot be converted to String)
        method Logger.error(String,Object...) is not applicable
          (argument mismatch; Object cannot be converted to String)
        method Logger.error(Marker,String,Object...) is not applicable
          (argument mismatch; Object cannot be converted to Marker)
/home/runner/work/mcJava/mcJava/android/app/src/main/java/net/minecraft/world/level/levelgen/presets/WorldPreset.java:20: error: no suitable method found for group(RecordCodecBuilder<WorldPreset,Map<ResourceKey<LevelStem>,LevelStem>>)
         i -> i.group(Codec.unboundedMap(ResourceKey.codec(Registries.LEVEL_STEM), LevelStem.CODEC).fieldOf("dimensions").forGetter((WorldPreset e) -> e.dimensions()))
               ^
    method Kind1.<T1#1>group(App<Mu<Object>,T1#1>) is not applicable
      (inference variable O has incompatible equality constraints WorldPreset,Object)
    method Kind1.<T1#2,T2#1>group(App<Mu<Object>,T1#2>,App<Mu<Object>,T2#1>) is not applicable
      (cannot infer type-variable(s) T1#2,T2#1
        (actual and formal argument lists differ in length))
    method Kind1.<T1#3,T2#2,T3#1>group(App<Mu<Object>,T1#3>,App<Mu<Object>,T2#2>,App<Mu<Object>,T3#1>) is not applicable
      (cannot infer type-variable(s) T1#3,T2#2,T3#1
        (actual and formal argument lists differ in length))
    method Kind1.<T1#4,T2#3,T3#2,T4#1>group(App<Mu<Object>,T1#4>,App<Mu<Object>,T2#3>,App<Mu<Object>,T3#2>,App<Mu<Object>,T4#1>) is not applicable
      (cannot infer type-variable(s) T1#4,T2#3,T3#2,T4#1
        (actual and formal argument lists differ in length))
    method Kind1.<T1#5,T2#4,T3#3,T4#2,T5#1>group(App<Mu<Object>,T1#5>,App<Mu<Object>,T2#4>,App<Mu<Object>,T3#3>,App<Mu<Object>,T4#2>,App<Mu<Object>,T5#1>) is not applicable
      (cannot infer type-variable(s) T1#5,T2#4,T3#3,T4#2,T5#1
        (actual and formal argument lists differ in length))
    method Kind1.<T1#6,T2#5,T3#4,T4#3,T5#2,T6#1>group(App<Mu<Object>,T1#6>,App<Mu<Object>,T2#5>,App<Mu<Object>,T3#4>,App<Mu<Object>,T4#3>,App<Mu<Object>,T5#2>,App<Mu<Object>,T6#1>) is not applicable
      (cannot infer type-variable(s) T1#6,T2#5,T3#4,T4#3,T5#2,T6#1
        (actual and formal argument lists differ in length))
    method Kind1.<T1#7,T2#6,T3#5,T4#4,T5#3,T6#2,T7#1>group(App<Mu<Object>,T1#7>,App<Mu<Object>,T2#6>,App<Mu<Object>,T3#5>,App<Mu<Object>,T4#4>,App<Mu<Object>,T5#3>,App<Mu<Object>,T6#2>,App<Mu<Object>,T7#1>) is not applicable
      (cannot infer type-variable(s) T1#7,T2#6,T3#5,T4#4,T5#3,T6#2,T7#1
        (actual and formal argument lists differ in length))
    method Kind1.<T1#8,T2#7,T3#6,T4#5,T5#4,T6#3,T7#2,T8#1>group(App<Mu<Object>,T1#8>,App<Mu<Object>,T2#7>,App<Mu<Object>,T3#6>,App<Mu<Object>,T4#5>,App<Mu<Object>,T5#4>,App<Mu<Object>,T6#3>,App<Mu<Object>,T7#2>,App<Mu<Object>,T8#1>) is not applicable
      (cannot infer type-variable(s) T1#8,T2#7,T3#6,T4#5,T5#4,T6#3,T7#2,T8#1
        (actual and formal argument lists differ in length))
    method Kind1.<T1#9,T2#8,T3#7,T4#6,T5#5,T6#4,T7#3,T8#2,T9#1>group(App<Mu<Object>,T1#9>,App<Mu<Object>,T2#8>,App<Mu<Object>,T3#7>,App<Mu<Object>,T4#6>,App<Mu<Object>,T5#5>,App<Mu<Object>,T6#4>,App<Mu<Object>,T7#3>,App<Mu<Object>,T8#2>,App<Mu<Object>,T9#1>) is not applicable
      (cannot infer type-variable(s) T1#9,T2#8,T3#7,T4#6,T5#5,T6#4,T7#3,T8#2,T9#1
        (actual and formal argument lists differ in length))
    method Kind1.<T1#10,T2#9,T3#8,T4#7,T5#6,T6#5,T7#4,T8#3,T9#2,T10#1>group(App<Mu<Object>,T1#10>,App<Mu<Object>,T2#9>,App<Mu<Object>,T3#8>,App<Mu<Object>,T4#7>,App<Mu<Object>,T5#6>,App<Mu<Object>,T6#5>,App<Mu<Object>,T7#4>,App<Mu<Object>,T8#3>,App<Mu<Object>,T9#2>,App<Mu<Object>,T10#1>) is not applicable
      (cannot infer type-variable(s) T1#10,T2#9,T3#8,T4#7,T5#6,T6#5,T7#4,T8#3,T9#2,T10#1
        (actual and formal argument lists differ in length))
    method Kind1.<T1#11,T2#10,T3#9,T4#8,T5#7,T6#6,T7#5,T8#4,T9#3,T10#2,T11#1>group(App<Mu<Object>,T1#11>,App<Mu<Object>,T2#10>,App<Mu<Object>,T3#9>,App<Mu<Object>,T4#8>,App<Mu<Object>,T5#7>,App<Mu<Object>,T6#6>,App<Mu<Object>,T7#5>,App<Mu<Object>,T8#4>,App<Mu<Object>,T9#3>,App<Mu<Object>,T10#2>,App<Mu<Object>,T11#1>) is not applicable
      (cannot infer type-variable(s) T1#11,T2#10,T3#9,T4#8,T5#7,T6#6,T7#5,T8#4,T9#3,T10#2,T11#1
        (actual and formal argument lists differ in length))
    method Kind1.<T1#12,T2#11,T3#10,T4#9,T5#8,T6#7,T7#6,T8#5,T9#4,T10#3,T11#2,T12#1>group(App<Mu<Object>,T1#12>,App<Mu<Object>,T2#11>,App<Mu<Object>,T3#10>,App<Mu<Object>,T4#9>,App<Mu<Object>,T5#8>,App<Mu<Object>,T6#7>,App<Mu<Object>,T7#6>,App<Mu<Object>,T8#5>,App<Mu<Object>,T9#4>,App<Mu<Object>,T10#3>,App<Mu<Object>,T11#2>,App<Mu<Object>,T12#1>) is not applicable
      (cannot infer type-variable(s) T1#12,T2#11,T3#10,T4#9,T5#8,T6#7,T7#6,T8#5,T9#4,T10#3,T11#2,T12#1
        (actual and formal argument lists differ in length))
    method Kind1.<T1#13,T2#12,T3#11,T4#10,T5#9,T6#8,T7#7,T8#6,T9#5,T10#4,T11#3,T12#2,T13#1>group(App<Mu<Object>,T1#13>,App<Mu<Object>,T2#12>,App<Mu<Object>,T3#11>,App<Mu<Object>,T4#10>,App<Mu<Object>,T5#9>,App<Mu<Object>,T6#8>,App<Mu<Object>,T7#7>,App<Mu<Object>,T8#6>,App<Mu<Object>,T9#5>,App<Mu<Object>,T10#4>,App<Mu<Object>,T11#3>,App<Mu<Object>,T12#2>,App<Mu<Object>,T13#1>) is not applicable
      (cannot infer type-variable(s) T1#13,T2#12,T3#11,T4#10,T5#9,T6#8,T7#7,T8#6,T9#5,T10#4,T11#3,T12#2,T13#1
        (actual and formal argument lists differ in length))
    method Kind1.<T1#14,T2#13,T3#12,T4#11,T5#10,T6#9,T7#8,T8#7,T9#6,T10#5,T11#4,T12#3,T13#2,T14#1>group(App<Mu<Object>,T1#14>,App<Mu<Object>,T2#13>,App<Mu<Object>,T3#12>,App<Mu<Object>,T4#11>,App<Mu<Object>,T5#10>,App<Mu<Object>,T6#9>,App<Mu<Object>,T7#8>,App<Mu<Object>,T8#7>,App<Mu<Object>,T9#6>,App<Mu<Object>,T10#5>,App<Mu<Object>,T11#4>,App<Mu<Object>,T12#3>,App<Mu<Object>,T13#2>,App<Mu<Object>,T14#1>) is not applicable
      (cannot infer type-variable(s) T1#14,T2#13,T3#12,T4#11,T5#10,T6#9,T7#8,T8#7,T9#6,T10#5,T11#4,T12#3,T13#2,T14#1
        (actual and formal argument lists differ in length))
    method Kind1.<T1#15,T2#14,T3#13,T4#12,T5#11,T6#10,T7#9,T8#8,T9#7,T10#6,T11#5,T12#4,T13#3,T14#2,T15#1>group(App<Mu<Object>,T1#15>,App<Mu<Object>,T2#14>,App<Mu<Object>,T3#13>,App<Mu<Object>,T4#12>,App<Mu<Object>,T5#11>,App<Mu<Object>,T6#10>,App<Mu<Object>,T7#9>,App<Mu<Object>,T8#8>,App<Mu<Object>,T9#7>,App<Mu<Object>,T10#6>,App<Mu<Object>,T11#5>,App<Mu<Object>,T12#4>,App<Mu<Object>,T13#3>,App<Mu<Object>,T14#2>,App<Mu<Object>,T15#1>) is not applicable
      (cannot infer type-variable(s) T1#15,T2#14,T3#13,T4#12,T5#11,T6#10,T7#9,T8#8,T9#7,T10#6,T11#5,T12#4,T13#3,T14#2,T15#1
        (actual and formal argument lists differ in length))
    method Kind1.<T1#16,T2#15,T3#14,T4#13,T5#12,T6#11,T7#10,T8#9,T9#8,T10#7,T11#6,T12#5,T13#4,T14#3,T15#2,T16>group(App<Mu<Object>,T1#16>,App<Mu<Object>,T2#15>,App<Mu<Object>,T3#14>,App<Mu<Object>,T4#13>,App<Mu<Object>,T5#12>,App<Mu<Object>,T6#11>,App<Mu<Object>,T7#10>,App<Mu<Object>,T8#9>,App<Mu<Object>,T9#8>,App<Mu<Object>,T10#7>,App<Mu<Object>,T11#6>,App<Mu<Object>,T12#5>,App<Mu<Object>,T13#4>,App<Mu<Object>,T14#3>,App<Mu<Object>,T15#2>,App<Mu<Object>,T16>) is not applicable
      (cannot infer type-variable(s) T1#16,T2#15,T3#14,T4#13,T5#12,T6#11,T7#10,T8#9,T9#8,T10#7,T11#6,T12#5,T13#4,T14#3,T15#2,T16
        (actual and formal argument lists differ in length))
  where T1#1,F,O,A,T1#2,T2#1,T1#3,T2#2,T3#1,T1#4,T2#3,T3#2,T4#1,T1#5,T2#4,T3#3,T4#2,T5#1,T1#6,T2#5,T3#4,T4#3,T5#2,T6#1,T1#7,T2#6,T3#5,T4#4,T5#3,T6#2,T7#1,T1#8,T2#7,T3#6,T4#5,T5#4,T6#3,T7#2,T8#1,T1#9,T2#8,T3#7,T4#6,T5#5,T6#4,T7#3,T8#2,T9#1,T1#10,T2#9,T3#8,T4#7,T5#6,T6#5,T7#4,T8#3,T9#2,T10#1,T1#11,T2#10,T3#9,T4#8,T5#7,T6#6,T7#5,T8#4,T9#3,T10#2,T11#1,T1#12,T2#11,T3#10,T4#9,T5#8,T6#7,T7#6,T8#5,T9#4,T10#3,T11#2,T12#1,T1#13,T2#12,T3#11,T4#10,T5#9,T6#8,T7#7,T8#6,T9#5,T10#4,T11#3,T12#2,T13#1,T1#14,T2#13,T3#12,T4#11,T5#10,T6#9,T7#8,T8#7,T9#6,T10#5,T11#4,T12#3,T13#2,T14#1,T1#15,T2#14,T3#13,T4#12,T5#11,T6#10,T7#9,T8#8,T9#7,T10#6,T11#5,T12#4,T13#3,T14#2,T15#1,T1#16,T2#15,T3#14,T4#13,T5#12,T6#11,T7#10,T8#9,T9#8,T10#7,T11#6,T12#5,T13#4,T14#3,T15#2,T16 are type-variables:
    T1#1 extends Object declared in method <T1#1>group(App<F,T1#1>)
    F extends K1 declared in interface Kind1
    O extends Object declared in method <O>forGetter(Function<O,A>)
    A extends Object declared in class MapCodec
    T1#2 extends Object declared in method <T1#2,T2#1>group(App<F,T1#2>,App<F,T2#1>)
    T2#1 extends Object declared in method <T1#2,T2#1>group(App<F,T1#2>,App<F,T2#1>)
    T1#3 extends Object declared in method <T1#3,T2#2,T3#1>group(App<F,T1#3>,App<F,T2#2>,App<F,T3#1>)
    T2#2 extends Object declared in method <T1#3,T2#2,T3#1>group(App<F,T1#3>,App<F,T2#2>,App<F,T3#1>)
    T3#1 extends Object declared in method <T1#3,T2#2,T3#1>group(App<F,T1#3>,App<F,T2#2>,App<F,T3#1>)
    T1#4 extends Object declared in method <T1#4,T2#3,T3#2,T4#1>group(App<F,T1#4>,App<F,T2#3>,App<F,T3#2>,App<F,T4#1>)
    T2#3 extends Object declared in method <T1#4,T2#3,T3#2,T4#1>group(App<F,T1#4>,App<F,T2#3>,App<F,T3#2>,App<F,T4#1>)
    T3#2 extends Object declared in method <T1#4,T2#3,T3#2,T4#1>group(App<F,T1#4>,App<F,T2#3>,App<F,T3#2>,App<F,T4#1>)
    T4#1 extends Object declared in method <T1#4,T2#3,T3#2,T4#1>group(App<F,T1#4>,App<F,T2#3>,App<F,T3#2>,App<F,T4#1>)
    T1#5 extends Object declared in method <T1#5,T2#4,T3#3,T4#2,T5#1>group(App<F,T1#5>,App<F,T2#4>,App<F,T3#3>,App<F,T4#2>,App<F,T5#1>)
    T2#4 extends Object declared in method <T1#5,T2#4,T3#3,T4#2,T5#1>group(App<F,T1#5>,App<F,T2#4>,App<F,T3#3>,App<F,T4#2>,App<F,T5#1>)
    T3#3 extends Object declared in method <T1#5,T2#4,T3#3,T4#2,T5#1>group(App<F,T1#5>,App<F,T2#4>,App<F,T3#3>,App<F,T4#2>,App<F,T5#1>)
    T4#2 extends Object declared in method <T1#5,T2#4,T3#3,T4#2,T5#1>group(App<F,T1#5>,App<F,T2#4>,App<F,T3#3>,App<F,T4#2>,App<F,T5#1>)
    T5#1 extends Object declared in method <T1#5,T2#4,T3#3,T4#2,T5#1>group(App<F,T1#5>,App<F,T2#4>,App<F,T3#3>,App<F,T4#2>,App<F,T5#1>)
    T1#6 extends Object declared in method <T1#6,T2#5,T3#4,T4#3,T5#2,T6#1>group(App<F,T1#6>,App<F,T2#5>,App<F,T3#4>,App<F,T4#3>,App<F,T5#2>,App<F,T6#1>)
    T2#5 extends Object declared in method <T1#6,T2#5,T3#4,T4#3,T5#2,T6#1>group(App<F,T1#6>,App<F,T2#5>,App<F,T3#4>,App<F,T4#3>,App<F,T5#2>,App<F,T6#1>)
    T3#4 extends Object declared in method <T1#6,T2#5,T3#4,T4#3,T5#2,T6#1>group(App<F,T1#6>,App<F,T2#5>,App<F,T3#4>,App<F,T4#3>,App<F,T5#2>,App<F,T6#1>)
    T4#3 extends Object declared in method <T1#6,T2#5,T3#4,T4#3,T5#2,T6#1>group(App<F,T1#6>,App<F,T2#5>,App<F,T3#4>,App<F,T4#3>,App<F,T5#2>,App<F,T6#1>)
    T5#2 extends Object declared in method <T1#6,T2#5,T3#4,T4#3,T5#2,T6#1>group(App<F,T1#6>,App<F,T2#5>,App<F,T3#4>,App<F,T4#3>,App<F,T5#2>,App<F,T6#1>)
    T6#1 extends Object declared in method <T1#6,T2#5,T3#4,T4#3,T5#2,T6#1>group(App<F,T1#6>,App<F,T2#5>,App<F,T3#4>,App<F,T4#3>,App<F,T5#2>,App<F,T6#1>)
    T1#7 extends Object declared in method <T1#7,T2#6,T3#5,T4#4,T5#3,T6#2,T7#1>group(App<F,T1#7>,App<F,T2#6>,App<F,T3#5>,App<F,T4#4>,App<F,T5#3>,App<F,T6#2>,App<F,T7#1>)
    T2#6 extends Object declared in method <T1#7,T2#6,T3#5,T4#4,T5#3,T6#2,T7#1>group(App<F,T1#7>,App<F,T2#6>,App<F,T3#5>,App<F,T4#4>,App<F,T5#3>,App<F,T6#2>,App<F,T7#1>)
    T3#5 extends Object declared in method <T1#7,T2#6,T3#5,T4#4,T5#3,T6#2,T7#1>group(App<F,T1#7>,App<F,T2#6>,App<F,T3#5>,App<F,T4#4>,App<F,T5#3>,App<F,T6#2>,App<F,T7#1>)
    T4#4 extends Object declared in method <T1#7,T2#6,T3#5,T4#4,T5#3,T6#2,T7#1>group(App<F,T1#7>,App<F,T2#6>,App<F,T3#5>,App<F,T4#4>,App<F,T5#3>,App<F,T6#2>,App<F,T7#1>)
    T5#3 extends Object declared in method <T1#7,T2#6,T3#5,T4#4,T5#3,T6#2,T7#1>group(App<F,T1#7>,App<F,T2#6>,App<F,T3#5>,App<F,T4#4>,App<F,T5#3>,App<F,T6#2>,App<F,T7#1>)
    T6#2 extends Object declared in method <T1#7,T2#6,T3#5,T4#4,T5#3,T6#2,T7#1>group(App<F,T1#7>,App<F,T2#6>,App<F,T3#5>,App<F,T4#4>,App<F,T5#3>,App<F,T6#2>,App<F,T7#1>)
    T7#1 extends Object declared in method <T1#7,T2#6,T3#5,T4#4,T5#3,T6#2,T7#1>group(App<F,T1#7>,App<F,T2#6>,App<F,T3#5>,App<F,T4#4>,App<F,T5#3>,App<F,T6#2>,App<F,T7#1>)
    T1#8 extends Object declared in method <T1#8,T2#7,T3#6,T4#5,T5#4,T6#3,T7#2,T8#1>group(App<F,T1#8>,App<F,T2#7>,App<F,T3#6>,App<F,T4#5>,App<F,T5#4>,App<F,T6#3>,App<F,T7#2>,App<F,T8#1>)
    T2#7 extends Object declared in method <T1#8,T2#7,T3#6,T4#5,T5#4,T6#3,T7#2,T8#1>group(App<F,T1#8>,App<F,T2#7>,App<F,T3#6>,App<F,T4#5>,App<F,T5#4>,App<F,T6#3>,App<F,T7#2>,App<F,T8#1>)
    T3#6 extends Object declared in method <T1#8,T2#7,T3#6,T4#5,T5#4,T6#3,T7#2,T8#1>group(App<F,T1#8>,App<F,T2#7>,App<F,T3#6>,App<F,T4#5>,App<F,T5#4>,App<F,T6#3>,App<F,T7#2>,App<F,T8#1>)
    T4#5 extends Object declared in method <T1#8,T2#7,T3#6,T4#5,T5#4,T6#3,T7#2,T8#1>group(App<F,T1#8>,App<F,T2#7>,App<F,T3#6>,App<F,T4#5>,App<F,T5#4>,App<F,T6#3>,App<F,T7#2>,App<F,T8#1>)
    T5#4 extends Object declared in method <T1#8,T2#7,T3#6,T4#5,T5#4,T6#3,T7#2,T8#1>group(App<F,T1#8>,App<F,T2#7>,App<F,T3#6>,App<F,T4#5>,App<F,T5#4>,App<F,T6#3>,App<F,T7#2>,App<F,T8#1>)
    T6#3 extends Object declared in method <T1#8,T2#7,T3#6,T4#5,T5#4,T6#3,T7#2,T8#1>group(App<F,T1#8>,App<F,T2#7>,App<F,T3#6>,App<F,T4#5>,App<F,T5#4>,App<F,T6#3>,App<F,T7#2>,App<F,T8#1>)
    T7#2 extends Object declared in method <T1#8,T2#7,T3#6,T4#5,T5#4,T6#3,T7#2,T8#1>group(App<F,T1#8>,App<F,T2#7>,App<F,T3#6>,App<F,T4#5>,App<F,T5#4>,App<F,T6#3>,App<F,T7#2>,App<F,T8#1>)
    T8#1 extends Object declared in method <T1#8,T2#7,T3#6,T4#5,T5#4,T6#3,T7#2,T8#1>group(App<F,T1#8>,App<F,T2#7>,App<F,T3#6>,App<F,T4#5>,App<F,T5#4>,App<F,T6#3>,App<F,T7#2>,App<F,T8#1>)
    T1#9 extends Object declared in method <T1#9,T2#8,T3#7,T4#6,T5#5,T6#4,T7#3,T8#2,T9#1>group(App<F,T1#9>,App<F,T2#8>,App<F,T3#7>,App<F,T4#6>,App<F,T5#5>,App<F,T6#4>,App<F,T7#3>,App<F,T8#2>,App<F,T9#1>)
    T2#8 extends Object declared in method <T1#9,T2#8,T3#7,T4#6,T5#5,T6#4,T7#3,T8#2,T9#1>group(App<F,T1#9>,App<F,T2#8>,App<F,T3#7>,App<F,T4#6>,App<F,T5#5>,App<F,T6#4>,App<F,T7#3>,App<F,T8#2>,App<F,T9#1>)
    T3#7 extends Object declared in method <T1#9,T2#8,T3#7,T4#6,T5#5,T6#4,T7#3,T8#2,T9#1>group(App<F,T1#9>,App<F,T2#8>,App<F,T3#7>,App<F,T4#6>,App<F,T5#5>,App<F,T6#4>,App<F,T7#3>,App<F,T8#2>,App<F,T9#1>)
    T4#6 extends Object declared in method <T1#9,T2#8,T3#7,T4#6,T5#5,T6#4,T7#3,T8#2,T9#1>group(App<F,T1#9>,App<F,T2#8>,App<F,T3#7>,App<F,T4#6>,App<F,T5#5>,App<F,T6#4>,App<F,T7#3>,App<F,T8#2>,App<F,T9#1>)
    T5#5 extends Object declared in method <T1#9,T2#8,T3#7,T4#6,T5#5,T6#4,T7#3,T8#2,T9#1>group(App<F,T1#9>,App<F,T2#8>,App<F,T3#7>,App<F,T4#6>,App<F,T5#5>,App<F,T6#4>,App<F,T7#3>,App<F,T8#2>,App<F,T9#1>)
    T6#4 extends Object declared in method <T1#9,T2#8,T3#7,T4#6,T5#5,T6#4,T7#3,T8#2,T9#1>group(App<F,T1#9>,App<F,T2#8>,App<F,T3#7>,App<F,T4#6>,App<F,T5#5>,App<F,T6#4>,App<F,T7#3>,App<F,T8#2>,App<F,T9#1>)
    T7#3 extends Object declared in method <T1#9,T2#8,T3#7,T4#6,T5#5,T6#4,T7#3,T8#2,T9#1>group(App<F,T1#9>,App<F,T2#8>,App<F,T3#7>,App<F,T4#6>,App<F,T5#5>,App<F,T6#4>,App<F,T7#3>,App<F,T8#2>,App<F,T9#1>)
    T8#2 extends Object declared in method <T1#9,T2#8,T3#7,T4#6,T5#5,T6#4,T7#3,T8#2,T9#1>group(App<F,T1#9>,App<F,T2#8>,App<F,T3#7>,App<F,T4#6>,App<F,T5#5>,App<F,T6#4>,App<F,T7#3>,App<F,T8#2>,App<F,T9#1>)
    T9#1 extends Object declared in method <T1#9,T2#8,T3#7,T4#6,T5#5,T6#4,T7#3,T8#2,T9#1>group(App<F,T1#9>,App<F,T2#8>,App<F,T3#7>,App<F,T4#6>,App<F,T5#5>,App<F,T6#4>,App<F,T7#3>,App<F,T8#2>,App<F,T9#1>)
    T1#10 extends Object declared in method <T1#10,T2#9,T3#8,T4#7,T5#6,T6#5,T7#4,T8#3,T9#2,T10#1>group(App<F,T1#10>,App<F,T2#9>,App<F,T3#8>,App<F,T4#7>,App<F,T5#6>,App<F,T6#5>,App<F,T7#4>,App<F,T8#3>,App<F,T9#2>,App<F,T10#1>)
    T2#9 extends Object declared in method <T1#10,T2#9,T3#8,T4#7,T5#6,T6#5,T7#4,T8#3,T9#2,T10#1>group(App<F,T1#10>,App<F,T2#9>,App<F,T3#8>,App<F,T4#7>,App<F,T5#6>,App<F,T6#5>,App<F,T7#4>,App<F,T8#3>,App<F,T9#2>,App<F,T10#1>)
    T3#8 extends Object declared in method <T1#10,T2#9,T3#8,T4#7,T5#6,T6#5,T7#4,T8#3,T9#2,T10#1>group(App<F,T1#10>,App<F,T2#9>,App<F,T3#8>,App<F,T4#7>,App<F,T5#6>,App<F,T6#5>,App<F,T7#4>,App<F,T8#3>,App<F,T9#2>,App<F,T10#1>)
    T4#7 extends Object declared in method <T1#10,T2#9,T3#8,T4#7,T5#6,T6#5,T7#4,T8#3,T9#2,T10#1>group(App<F,T1#10>,App<F,T2#9>,App<F,T3#8>,App<F,T4#7>,App<F,T5#6>,App<F,T6#5>,App<F,T7#4>,App<F,T8#3>,App<F,T9#2>,App<F,T10#1>)
    T5#6 extends Object declared in method <T1#10,T2#9,T3#8,T4#7,T5#6,T6#5,T7#4,T8#3,T9#2,T10#1>group(App<F,T1#10>,App<F,T2#9>,App<F,T3#8>,App<F,T4#7>,App<F,T5#6>,App<F,T6#5>,App<F,T7#4>,App<F,T8#3>,App<F,T9#2>,App<F,T10#1>)
    T6#5 extends Object declared in method <T1#10,T2#9,T3#8,T4#7,T5#6,T6#5,T7#4,T8#3,T9#2,T10#1>group(App<F,T1#10>,App<F,T2#9>,App<F,T3#8>,App<F,T4#7>,App<F,T5#6>,App<F,T6#5>,App<F,T7#4>,App<F,T8#3>,App<F,T9#2>,App<F,T10#1>)
    T7#4 extends Object declared in method <T1#10,T2#9,T3#8,T4#7,T5#6,T6#5,T7#4,T8#3,T9#2,T10#1>group(App<F,T1#10>,App<F,T2#9>,App<F,T3#8>,App<F,T4#7>,App<F,T5#6>,App<F,T6#5>,App<F,T7#4>,App<F,T8#3>,App<F,T9#2>,App<F,T10#1>)
    T8#3 extends Object declared in method <T1#10,T2#9,T3#8,T4#7,T5#6,T6#5,T7#4,T8#3,T9#2,T10#1>group(App<F,T1#10>,App<F,T2#9>,App<F,T3#8>,App<F,T4#7>,App<F,T5#6>,App<F,T6#5>,App<F,T7#4>,App<F,T8#3>,App<F,T9#2>,App<F,T10#1>)
    T9#2 extends Object declared in method <T1#10,T2#9,T3#8,T4#7,T5#6,T6#5,T7#4,T8#3,T9#2,T10#1>group(App<F,T1#10>,App<F,T2#9>,App<F,T3#8>,App<F,T4#7>,App<F,T5#6>,App<F,T6#5>,App<F,T7#4>,App<F,T8#3>,App<F,T9#2>,App<F,T10#1>)
    T10#1 extends Object declared in method <T1#10,T2#9,T3#8,T4#7,T5#6,T6#5,T7#4,T8#3,T9#2,T10#1>group(App<F,T1#10>,App<F,T2#9>,App<F,T3#8>,App<F,T4#7>,App<F,T5#6>,App<F,T6#5>,App<F,T7#4>,App<F,T8#3>,App<F,T9#2>,App<F,T10#1>)
    T1#11 extends Object declared in method <T1#11,T2#10,T3#9,T4#8,T5#7,T6#6,T7#5,T8#4,T9#3,T10#2,T11#1>group(App<F,T1#11>,App<F,T2#10>,App<F,T3#9>,App<F,T4#8>,App<F,T5#7>,App<F,T6#6>,App<F,T7#5>,App<F,T8#4>,App<F,T9#3>,App<F,T10#2>,App<F,T11#1>)
    T2#10 extends Object declared in method <T1#11,T2#10,T3#9,T4#8,T5#7,T6#6,T7#5,T8#4,T9#3,T10#2,T11#1>group(App<F,T1#11>,App<F,T2#10>,App<F,T3#9>,App<F,T4#8>,App<F,T5#7>,App<F,T6#6>,App<F,T7#5>,App<F,T8#4>,App<F,T9#3>,App<F,T10#2>,App<F,T11#1>)
    T3#9 extends Object declared in method <T1#11,T2#10,T3#9,T4#8,T5#7,T6#6,T7#5,T8#4,T9#3,T10#2,T11#1>group(App<F,T1#11>,App<F,T2#10>,App<F,T3#9>,App<F,T4#8>,App<F,T5#7>,App<F,T6#6>,App<F,T7#5>,App<F,T8#4>,App<F,T9#3>,App<F,T10#2>,App<F,T11#1>)
    T4#8 extends Object declared in method <T1#11,T2#10,T3#9,T4#8,T5#7,T6#6,T7#5,T8#4,T9#3,T10#2,T11#1>group(App<F,T1#11>,App<F,T2#10>,App<F,T3#9>,App<F,T4#8>,App<F,T5#7>,App<F,T6#6>,App<F,T7#5>,App<F,T8#4>,App<F,T9#3>,App<F,T10#2>,App<F,T11#1>)
    T5#7 extends Object declared in method <T1#11,T2#10,T3#9,T4#8,T5#7,T6#6,T7#5,T8#4,T9#3,T10#2,T11#1>group(App<F,T1#11>,App<F,T2#10>,App<F,T3#9>,App<F,T4#8>,App<F,T5#7>,App<F,T6#6>,App<F,T7#5>,App<F,T8#4>,App<F,T9#3>,App<F,T10#2>,App<F,T11#1>)
    T6#6 extends Object declared in method <T1#11,T2#10,T3#9,T4#8,T5#7,T6#6,T7#5,T8#4,T9#3,T10#2,T11#1>group(App<F,T1#11>,App<F,T2#10>,App<F,T3#9>,App<F,T4#8>,App<F,T5#7>,App<F,T6#6>,App<F,T7#5>,App<F,T8#4>,App<F,T9#3>,App<F,T10#2>,App<F,T11#1>)
    T7#5 extends Object declared in method <T1#11,T2#10,T3#9,T4#8,T5#7,T6#6,T7#5,T8#4,T9#3,T10#2,T11#1>group(App<F,T1#11>,App<F,T2#10>,App<F,T3#9>,App<F,T4#8>,App<F,T5#7>,App<F,T6#6>,App<F,T7#5>,App<F,T8#4>,App<F,T9#3>,App<F,T10#2>,App<F,T11#1>)
    T8#4 extends Object declared in method <T1#11,T2#10,T3#9,T4#8,T5#7,T6#6,T7#5,T8#4,T9#3,T10#2,T11#1>group(App<F,T1#11>,App<F,T2#10>,App<F,T3#9>,App<F,T4#8>,App<F,T5#7>,App<F,T6#6>,App<F,T7#5>,App<F,T8#4>,App<F,T9#3>,App<F,T10#2>,App<F,T11#1>)
    T9#3 extends Object declared in method <T1#11,T2#10,T3#9,T4#8,T5#7,T6#6,T7#5,T8#4,T9#3,T10#2,T11#1>group(App<F,T1#11>,App<F,T2#10>,App<F,T3#9>,App<F,T4#8>,App<F,T5#7>,App<F,T6#6>,App<F,T7#5>,App<F,T8#4>,App<F,T9#3>,App<F,T10#2>,App<F,T11#1>)
    T10#2 extends Object declared in method <T1#11,T2#10,T3#9,T4#8,T5#7,T6#6,T7#5,T8#4,T9#3,T10#2,T11#1>group(App<F,T1#11>,App<F,T2#10>,App<F,T3#9>,App<F,T4#8>,App<F,T5#7>,App<F,T6#6>,App<F,T7#5>,App<F,T8#4>,App<F,T9#3>,App<F,T10#2>,App<F,T11#1>)
    T11#1 extends Object declared in method <T1#11,T2#10,T3#9,T4#8,T5#7,T6#6,T7#5,T8#4,T9#3,T10#2,T11#1>group(App<F,T1#11>,App<F,T2#10>,App<F,T3#9>,App<F,T4#8>,App<F,T5#7>,App<F,T6#6>,App<F,T7#5>,App<F,T8#4>,App<F,T9#3>,App<F,T10#2>,App<F,T11#1>)
    T1#12 extends Object declared in method <T1#12,T2#11,T3#10,T4#9,T5#8,T6#7,T7#6,T8#5,T9#4,T10#3,T11#2,T12#1>group(App<F,T1#12>,App<F,T2#11>,App<F,T3#10>,App<F,T4#9>,App<F,T5#8>,App<F,T6#7>,App<F,T7#6>,App<F,T8#5>,App<F,T9#4>,App<F,T10#3>,App<F,T11#2>,App<F,T12#1>)
    T2#11 extends Object declared in method <T1#12,T2#11,T3#10,T4#9,T5#8,T6#7,T7#6,T8#5,T9#4,T10#3,T11#2,T12#1>group(App<F,T1#12>,App<F,T2#11>,App<F,T3#10>,App<F,T4#9>,App<F,T5#8>,App<F,T6#7>,App<F,T7#6>,App<F,T8#5>,App<F,T9#4>,App<F,T10#3>,App<F,T11#2>,App<F,T12#1>)
    T3#10 extends Object declared in method <T1#12,T2#11,T3#10,T4#9,T5#8,T6#7,T7#6,T8#5,T9#4,T10#3,T11#2,T12#1>group(App<F,T1#12>,App<F,T2#11>,App<F,T3#10>,App<F,T4#9>,App<F,T5#8>,App<F,T6#7>,App<F,T7#6>,App<F,T8#5>,App<F,T9#4>,App<F,T10#3>,App<F,T11#2>,App<F,T12#1>)
    T4#9 extends Object declared in method <T1#12,T2#11,T3#10,T4#9,T5#8,T6#7,T7#6,T8#5,T9#4,T10#3,T11#2,T12#1>group(App<F,T1#12>,App<F,T2#11>,App<F,T3#10>,App<F,T4#9>,App<F,T5#8>,App<F,T6#7>,App<F,T7#6>,App<F,T8#5>,App<F,T9#4>,App<F,T10#3>,App<F,T11#2>,App<F,T12#1>)
    T5#8 extends Object declared in method <T1#12,T2#11,T3#10,T4#9,T5#8,T6#7,T7#6,T8#5,T9#4,T10#3,T11#2,T12#1>group(App<F,T1#12>,App<F,T2#11>,App<F,T3#10>,App<F,T4#9>,App<F,T5#8>,App<F,T6#7>,App<F,T7#6>,App<F,T8#5>,App<F,T9#4>,App<F,T10#3>,App<F,T11#2>,App<F,T12#1>)
    T6#7 extends Object declared in method <T1#12,T2#11,T3#10,T4#9,T5#8,T6#7,T7#6,T8#5,T9#4,T10#3,T11#2,T12#1>group(App<F,T1#12>,App<F,T2#11>,App<F,T3#10>,App<F,T4#9>,App<F,T5#8>,App<F,T6#7>,App<F,T7#6>,App<F,T8#5>,App<F,T9#4>,App<F,T10#3>,App<F,T11#2>,App<F,T12#1>)
    T7#6 extends Object declared in method <T1#12,T2#11,T3#10,T4#9,T5#8,T6#7,T7#6,T8#5,T9#4,T10#3,T11#2,T12#1>group(App<F,T1#12>,App<F,T2#11>,App<F,T3#10>,App<F,T4#9>,App<F,T5#8>,App<F,T6#7>,App<F,T7#6>,App<F,T8#5>,App<F,T9#4>,App<F,T10#3>,App<F,T11#2>,App<F,T12#1>)
    T8#5 extends Object declared in method <T1#12,T2#11,T3#10,T4#9,T5#8,T6#7,T7#6,T8#5,T9#4,T10#3,T11#2,T12#1>group(App<F,T1#12>,App<F,T2#11>,App<F,T3#10>,App<F,T4#9>,App<F,T5#8>,App<F,T6#7>,App<F,T7#6>,App<F,T8#5>,App<F,T9#4>,App<F,T10#3>,App<F,T11#2>,App<F,T12#1>)
    T9#4 extends Object declared in method <T1#12,T2#11,T3#10,T4#9,T5#8,T6#7,T7#6,T8#5,T9#4,T10#3,T11#2,T12#1>group(App<F,T1#12>,App<F,T2#11>,App<F,T3#10>,App<F,T4#9>,App<F,T5#8>,App<F,T6#7>,App<F,T7#6>,App<F,T8#5>,App<F,T9#4>,App<F,T10#3>,App<F,T11#2>,App<F,T12#1>)
    T10#3 extends Object declared in method <T1#12,T2#11,T3#10,T4#9,T5#8,T6#7,T7#6,T8#5,T9#4,T10#3,T11#2,T12#1>group(App<F,T1#12>,App<F,T2#11>,App<F,T3#10>,App<F,T4#9>,App<F,T5#8>,App<F,T6#7>,App<F,T7#6>,App<F,T8#5>,App<F,T9#4>,App<F,T10#3>,App<F,T11#2>,App<F,T12#1>)
    T11#2 extends Object declared in method <T1#12,T2#11,T3#10,T4#9,T5#8,T6#7,T7#6,T8#5,T9#4,T10#3,T11#2,T12#1>group(App<F,T1#12>,App<F,T2#11>,App<F,T3#10>,App<F,T4#9>,App<F,T5#8>,App<F,T6#7>,App<F,T7#6>,App<F,T8#5>,App<F,T9#4>,App<F,T10#3>,App<F,T11#2>,App<F,T12#1>)
    T12#1 extends Object declared in method <T1#12,T2#11,T3#10,T4#9,T5#8,T6#7,T7#6,T8#5,T9#4,T10#3,T11#2,T12#1>group(App<F,T1#12>,App<F,T2#11>,App<F,T3#10>,App<F,T4#9>,App<F,T5#8>,App<F,T6#7>,App<F,T7#6>,App<F,T8#5>,App<F,T9#4>,App<F,T10#3>,App<F,T11#2>,App<F,T12#1>)
    T1#13 extends Object declared in method <T1#13,T2#12,T3#11,T4#10,T5#9,T6#8,T7#7,T8#6,T9#5,T10#4,T11#3,T12#2,T13#1>group(App<F,T1#13>,App<F,T2#12>,App<F,T3#11>,App<F,T4#10>,App<F,T5#9>,App<F,T6#8>,App<F,T7#7>,App<F,T8#6>,App<F,T9#5>,App<F,T10#4>,App<F,T11#3>,App<F,T12#2>,App<F,T13#1>)
    T2#12 extends Object declared in method <T1#13,T2#12,T3#11,T4#10,T5#9,T6#8,T7#7,T8#6,T9#5,T10#4,T11#3,T12#2,T13#1>group(App<F,T1#13>,App<F,T2#12>,App<F,T3#11>,App<F,T4#10>,App<F,T5#9>,App<F,T6#8>,App<F,T7#7>,App<F,T8#6>,App<F,T9#5>,App<F,T10#4>,App<F,T11#3>,App<F,T12#2>,App<F,T13#1>)
    T3#11 extends Object declared in method <T1#13,T2#12,T3#11,T4#10,T5#9,T6#8,T7#7,T8#6,T9#5,T10#4,T11#3,T12#2,T13#1>group(App<F,T1#13>,App<F,T2#12>,App<F,T3#11>,App<F,T4#10>,App<F,T5#9>,App<F,T6#8>,App<F,T7#7>,App<F,T8#6>,App<F,T9#5>,App<F,T10#4>,App<F,T11#3>,App<F,T12#2>,App<F,T13#1>)
    T4#10 extends Object declared in method <T1#13,T2#12,T3#11,T4#10,T5#9,T6#8,T7#7,T8#6,T9#5,T10#4,T11#3,T12#2,T13#1>group(App<F,T1#13>,App<F,T2#12>,App<F,T3#11>,App<F,T4#10>,App<F,T5#9>,App<F,T6#8>,App<F,T7#7>,App<F,T8#6>,App<F,T9#5>,App<F,T10#4>,App<F,T11#3>,App<F,T12#2>,App<F,T13#1>)
    T5#9 extends Object declared in method <T1#13,T2#12,T3#11,T4#10,T5#9,T6#8,T7#7,T8#6,T9#5,T10#4,T11#3,T12#2,T13#1>group(App<F,T1#13>,App<F,T2#12>,App<F,T3#11>,App<F,T4#10>,App<F,T5#9>,App<F,T6#8>,App<F,T7#7>,App<F,T8#6>,App<F,T9#5>,App<F,T10#4>,App<F,T11#3>,App<F,T12#2>,App<F,T13#1>)
    T6#8 extends Object declared in method <T1#13,T2#12,T3#11,T4#10,T5#9,T6#8,T7#7,T8#6,T9#5,T10#4,T11#3,T12#2,T13#1>group(App<F,T1#13>,App<F,T2#12>,App<F,T3#11>,App<F,T4#10>,App<F,T5#9>,App<F,T6#8>,App<F,T7#7>,App<F,T8#6>,App<F,T9#5>,App<F,T10#4>,App<F,T11#3>,App<F,T12#2>,App<F,T13#1>)
    T7#7 extends Object declared in method <T1#13,T2#12,T3#11,T4#10,T5#9,T6#8,T7#7,T8#6,T9#5,T10#4,T11#3,T12#2,T13#1>group(App<F,T1#13>,App<F,T2#12>,App<F,T3#11>,App<F,T4#10>,App<F,T5#9>,App<F,T6#8>,App<F,T7#7>,App<F,T8#6>,App<F,T9#5>,App<F,T10#4>,App<F,T11#3>,App<F,T12#2>,App<F,T13#1>)
    T8#6 extends Object declared in method <T1#13,T2#12,T3#11,T4#10,T5#9,T6#8,T7#7,T8#6,T9#5,T10#4,T11#3,T12#2,T13#1>group(App<F,T1#13>,App<F,T2#12>,App<F,T3#11>,App<F,T4#10>,App<F,T5#9>,App<F,T6#8>,App<F,T7#7>,App<F,T8#6>,App<F,T9#5>,App<F,T10#4>,App<F,T11#3>,App<F,T12#2>,App<F,T13#1>)
    T9#5 extends Object declared in method <T1#13,T2#12,T3#11,T4#10,T5#9,T6#8,T7#7,T8#6,T9#5,T10#4,T11#3,T12#2,T13#1>group(App<F,T1#13>,App<F,T2#12>,App<F,T3#11>,App<F,T4#10>,App<F,T5#9>,App<F,T6#8>,App<F,T7#7>,App<F,T8#6>,App<F,T9#5>,App<F,T10#4>,App<F,T11#3>,App<F,T12#2>,App<F,T13#1>)
    T10#4 extends Object declared in method <T1#13,T2#12,T3#11,T4#10,T5#9,T6#8,T7#7,T8#6,T9#5,T10#4,T11#3,T12#2,T13#1>group(App<F,T1#13>,App<F,T2#12>,App<F,T3#11>,App<F,T4#10>,App<F,T5#9>,App<F,T6#8>,App<F,T7#7>,App<F,T8#6>,App<F,T9#5>,App<F,T10#4>,App<F,T11#3>,App<F,T12#2>,App<F,T13#1>)
    T11#3 extends Object declared in method <T1#13,T2#12,T3#11,T4#10,T5#9,T6#8,T7#7,T8#6,T9#5,T10#4,T11#3,T12#2,T13#1>group(App<F,T1#13>,App<F,T2#12>,App<F,T3#11>,App<F,T4#10>,App<F,T5#9>,App<F,T6#8>,App<F,T7#7>,App<F,T8#6>,App<F,T9#5>,App<F,T10#4>,App<F,T11#3>,App<F,T12#2>,App<F,T13#1>)
    T12#2 extends Object declared in method <T1#13,T2#12,T3#11,T4#10,T5#9,T6#8,T7#7,T8#6,T9#5,T10#4,T11#3,T12#2,T13#1>group(App<F,T1#13>,App<F,T2#12>,App<F,T3#11>,App<F,T4#10>,App<F,T5#9>,App<F,T6#8>,App<F,T7#7>,App<F,T8#6>,App<F,T9#5>,App<F,T10#4>,App<F,T11#3>,App<F,T12#2>,App<F,T13#1>)
    T13#1 extends Object declared in method <T1#13,T2#12,T3#11,T4#10,T5#9,T6#8,T7#7,T8#6,T9#5,T10#4,T11#3,T12#2,T13#1>group(App<F,T1#13>,App<F,T2#12>,App<F,T3#11>,App<F,T4#10>,App<F,T5#9>,App<F,T6#8>,App<F,T7#7>,App<F,T8#6>,App<F,T9#5>,App<F,T10#4>,App<F,T11#3>,App<F,T12#2>,App<F,T13#1>)
    T1#14 extends Object declared in method <T1#14,T2#13,T3#12,T4#11,T5#10,T6#9,T7#8,T8#7,T9#6,T10#5,T11#4,T12#3,T13#2,T14#1>group(App<F,T1#14>,App<F,T2#13>,App<F,T3#12>,App<F,T4#11>,App<F,T5#10>,App<F,T6#9>,App<F,T7#8>,App<F,T8#7>,App<F,T9#6>,App<F,T10#5>,App<F,T11#4>,App<F,T12#3>,App<F,T13#2>,App<F,T14#1>)
    T2#13 extends Object declared in method <T1#14,T2#13,T3#12,T4#11,T5#10,T6#9,T7#8,T8#7,T9#6,T10#5,T11#4,T12#3,T13#2,T14#1>group(App<F,T1#14>,App<F,T2#13>,App<F,T3#12>,App<F,T4#11>,App<F,T5#10>,App<F,T6#9>,App<F,T7#8>,App<F,T8#7>,App<F,T9#6>,App<F,T10#5>,App<F,T11#4>,App<F,T12#3>,App<F,T13#2>,App<F,T14#1>)
    T3#12 extends Object declared in method <T1#14,T2#13,T3#12,T4#11,T5#10,T6#9,T7#8,T8#7,T9#6,T10#5,T11#4,T12#3,T13#2,T14#1>group(App<F,T1#14>,App<F,T2#13>,App<F,T3#12>,App<F,T4#11>,App<F,T5#10>,App<F,T6#9>,App<F,T7#8>,App<F,T8#7>,App<F,T9#6>,App<F,T10#5>,App<F,T11#4>,App<F,T12#3>,App<F,T13#2>,App<F,T14#1>)
    T4#11 extends Object declared in method <T1#14,T2#13,T3#12,T4#11,T5#10,T6#9,T7#8,T8#7,T9#6,T10#5,T11#4,T12#3,T13#2,T14#1>group(App<F,T1#14>,App<F,T2#13>,App<F,T3#12>,App<F,T4#11>,App<F,T5#10>,App<F,T6#9>,App<F,T7#8>,App<F,T8#7>,App<F,T9#6>,App<F,T10#5>,App<F,T11#4>,App<F,T12#3>,App<F,T13#2>,App<F,T14#1>)
    T5#10 extends Object declared in method <T1#14,T2#13,T3#12,T4#11,T5#10,T6#9,T7#8,T8#7,T9#6,T10#5,T11#4,T12#3,T13#2,T14#1>group(App<F,T1#14>,App<F,T2#13>,App<F,T3#12>,App<F,T4#11>,App<F,T5#10>,App<F,T6#9>,App<F,T7#8>,App<F,T8#7>,App<F,T9#6>,App<F,T10#5>,App<F,T11#4>,App<F,T12#3>,App<F,T13#2>,App<F,T14#1>)
    T6#9 extends Object declared in method <T1#14,T2#13,T3#12,T4#11,T5#10,T6#9,T7#8,T8#7,T9#6,T10#5,T11#4,T12#3,T13#2,T14#1>group(App<F,T1#14>,App<F,T2#13>,App<F,T3#12>,App<F,T4#11>,App<F,T5#10>,App<F,T6#9>,App<F,T7#8>,App<F,T8#7>,App<F,T9#6>,App<F,T10#5>,App<F,T11#4>,App<F,T12#3>,App<F,T13#2>,App<F,T14#1>)
    T7#8 extends Object declared in method <T1#14,T2#13,T3#12,T4#11,T5#10,T6#9,T7#8,T8#7,T9#6,T10#5,T11#4,T12#3,T13#2,T14#1>group(App<F,T1#14>,App<F,T2#13>,App<F,T3#12>,App<F,T4#11>,App<F,T5#10>,App<F,T6#9>,App<F,T7#8>,App<F,T8#7>,App<F,T9#6>,App<F,T10#5>,App<F,T11#4>,App<F,T12#3>,App<F,T13#2>,App<F,T14#1>)
    T8#7 extends Object declared in method <T1#14,T2#13,T3#12,T4#11,T5#10,T6#9,T7#8,T8#7,T9#6,T10#5,T11#4,T12#3,T13#2,T14#1>group(App<F,T1#14>,App<F,T2#13>,App<F,T3#12>,App<F,T4#11>,App<F,T5#10>,App<F,T6#9>,App<F,T7#8>,App<F,T8#7>,App<F,T9#6>,App<F,T10#5>,App<F,T11#4>,App<F,T12#3>,App<F,T13#2>,App<F,T14#1>)
    T9#6 extends Object declared in method <T1#14,T2#13,T3#12,T4#11,T5#10,T6#9,T7#8,T8#7,T9#6,T10#5,T11#4,T12#3,T13#2,T14#1>group(App<F,T1#14>,App<F,T2#13>,App<F,T3#12>,App<F,T4#11>,App<F,T5#10>,App<F,T6#9>,App<F,T7#8>,App<F,T8#7>,App<F,T9#6>,App<F,T10#5>,App<F,T11#4>,App<F,T12#3>,App<F,T13#2>,App<F,T14#1>)
    T10#5 extends Object declared in method <T1#14,T2#13,T3#12,T4#11,T5#10,T6#9,T7#8,T8#7,T9#6,T10#5,T11#4,T12#3,T13#2,T14#1>group(App<F,T1#14>,App<F,T2#13>,App<F,T3#12>,App<F,T4#11>,App<F,T5#10>,App<F,T6#9>,App<F,T7#8>,App<F,T8#7>,App<F,T9#6>,App<F,T10#5>,App<F,T11#4>,App<F,T12#3>,App<F,T13#2>,App<F,T14#1>)
    T11#4 extends Object declared in method <T1#14,T2#13,T3#12,T4#11,T5#10,T6#9,T7#8,T8#7,T9#6,T10#5,T11#4,T12#3,T13#2,T14#1>group(App<F,T1#14>,App<F,T2#13>,App<F,T3#12>,App<F,T4#11>,App<F,T5#10>,App<F,T6#9>,App<F,T7#8>,App<F,T8#7>,App<F,T9#6>,App<F,T10#5>,App<F,T11#4>,App<F,T12#3>,App<F,T13#2>,App<F,T14#1>)
    T12#3 extends Object declared in method <T1#14,T2#13,T3#12,T4#11,T5#10,T6#9,T7#8,T8#7,T9#6,T10#5,T11#4,T12#3,T13#2,T14#1>group(App<F,T1#14>,App<F,T2#13>,App<F,T3#12>,App<F,T4#11>,App<F,T5#10>,App<F,T6#9>,App<F,T7#8>,App<F,T8#7>,App<F,T9#6>,App<F,T10#5>,App<F,T11#4>,App<F,T12#3>,App<F,T13#2>,App<F,T14#1>)
    T13#2 extends Object declared in method <T1#14,T2#13,T3#12,T4#11,T5#10,T6#9,T7#8,T8#7,T9#6,T10#5,T11#4,T12#3,T13#2,T14#1>group(App<F,T1#14>,App<F,T2#13>,App<F,T3#12>,App<F,T4#11>,App<F,T5#10>,App<F,T6#9>,App<F,T7#8>,App<F,T8#7>,App<F,T9#6>,App<F,T10#5>,App<F,T11#4>,App<F,T12#3>,App<F,T13#2>,App<F,T14#1>)
    T14#1 extends Object declared in method <T1#14,T2#13,T3#12,T4#11,T5#10,T6#9,T7#8,T8#7,T9#6,T10#5,T11#4,T12#3,T13#2,T14#1>group(App<F,T1#14>,App<F,T2#13>,App<F,T3#12>,App<F,T4#11>,App<F,T5#10>,App<F,T6#9>,App<F,T7#8>,App<F,T8#7>,App<F,T9#6>,App<F,T10#5>,App<F,T11#4>,App<F,T12#3>,App<F,T13#2>,App<F,T14#1>)
    T1#15 extends Object declared in method <T1#15,T2#14,T3#13,T4#12,T5#11,T6#10,T7#9,T8#8,T9#7,T10#6,T11#5,T12#4,T13#3,T14#2,T15#1>group(App<F,T1#15>,App<F,T2#14>,App<F,T3#13>,App<F,T4#12>,App<F,T5#11>,App<F,T6#10>,App<F,T7#9>,App<F,T8#8>,App<F,T9#7>,App<F,T10#6>,App<F,T11#5>,App<F,T12#4>,App<F,T13#3>,App<F,T14#2>,App<F,T15#1>)
    T2#14 extends Object declared in method <T1#15,T2#14,T3#13,T4#12,T5#11,T6#10,T7#9,T8#8,T9#7,T10#6,T11#5,T12#4,T13#3,T14#2,T15#1>group(App<F,T1#15>,App<F,T2#14>,App<F,T3#13>,App<F,T4#12>,App<F,T5#11>,App<F,T6#10>,App<F,T7#9>,App<F,T8#8>,App<F,T9#7>,App<F,T10#6>,App<F,T11#5>,App<F,T12#4>,App<F,T13#3>,App<F,T14#2>,App<F,T15#1>)
    T3#13 extends Object declared in method <T1#15,T2#14,T3#13,T4#12,T5#11,T6#10,T7#9,T8#8,T9#7,T10#6,T11#5,T12#4,T13#3,T14#2,T15#1>group(App<F,T1#15>,App<F,T2#14>,App<F,T3#13>,App<F,T4#12>,App<F,T5#11>,App<F,T6#10>,App<F,T7#9>,App<F,T8#8>,App<F,T9#7>,App<F,T10#6>,App<F,T11#5>,App<F,T12#4>,App<F,T13#3>,App<F,T14#2>,App<F,T15#1>)
    T4#12 extends Object declared in method <T1#15,T2#14,T3#13,T4#12,T5#11,T6#10,T7#9,T8#8,T9#7,T10#6,T11#5,T12#4,T13#3,T14#2,T15#1>group(App<F,T1#15>,App<F,T2#14>,App<F,T3#13>,App<F,T4#12>,App<F,T5#11>,App<F,T6#10>,App<F,T7#9>,App<F,T8#8>,App<F,T9#7>,App<F,T10#6>,App<F,T11#5>,App<F,T12#4>,App<F,T13#3>,App<F,T14#2>,App<F,T15#1>)
    T5#11 extends Object declared in method <T1#15,T2#14,T3#13,T4#12,T5#11,T6#10,T7#9,T8#8,T9#7,T10#6,T11#5,T12#4,T13#3,T14#2,T15#1>group(App<F,T1#15>,App<F,T2#14>,App<F,T3#13>,App<F,T4#12>,App<F,T5#11>,App<F,T6#10>,App<F,T7#9>,App<F,T8#8>,App<F,T9#7>,App<F,T10#6>,App<F,T11#5>,App<F,T12#4>,App<F,T13#3>,App<F,T14#2>,App<F,T15#1>)
    T6#10 extends Object declared in method <T1#15,T2#14,T3#13,T4#12,T5#11,T6#10,T7#9,T8#8,T9#7,T10#6,T11#5,T12#4,T13#3,T14#2,T15#1>group(App<F,T1#15>,App<F,T2#14>,App<F,T3#13>,App<F,T4#12>,App<F,T5#11>,App<F,T6#10>,App<F,T7#9>,App<F,T8#8>,App<F,T9#7>,App<F,T10#6>,App<F,T11#5>,App<F,T12#4>,App<F,T13#3>,App<F,T14#2>,App<F,T15#1>)
    T7#9 extends Object declared in method <T1#15,T2#14,T3#13,T4#12,T5#11,T6#10,T7#9,T8#8,T9#7,T10#6,T11#5,T12#4,T13#3,T14#2,T15#1>group(App<F,T1#15>,App<F,T2#14>,App<F,T3#13>,App<F,T4#12>,App<F,T5#11>,App<F,T6#10>,App<F,T7#9>,App<F,T8#8>,App<F,T9#7>,App<F,T10#6>,App<F,T11#5>,App<F,T12#4>,App<F,T13#3>,App<F,T14#2>,App<F,T15#1>)
    T8#8 extends Object declared in method <T1#15,T2#14,T3#13,T4#12,T5#11,T6#10,T7#9,T8#8,T9#7,T10#6,T11#5,T12#4,T13#3,T14#2,T15#1>group(App<F,T1#15>,App<F,T2#14>,App<F,T3#13>,App<F,T4#12>,App<F,T5#11>,App<F,T6#10>,App<F,T7#9>,App<F,T8#8>,App<F,T9#7>,App<F,T10#6>,App<F,T11#5>,App<F,T12#4>,App<F,T13#3>,App<F,T14#2>,App<F,T15#1>)
    T9#7 extends Object declared in method <T1#15,T2#14,T3#13,T4#12,T5#11,T6#10,T7#9,T8#8,T9#7,T10#6,T11#5,T12#4,T13#3,T14#2,T15#1>group(App<F,T1#15>,App<F,T2#14>,App<F,T3#13>,App<F,T4#12>,App<F,T5#11>,App<F,T6#10>,App<F,T7#9>,App<F,T8#8>,App<F,T9#7>,App<F,T10#6>,App<F,T11#5>,App<F,T12#4>,App<F,T13#3>,App<F,T14#2>,App<F,T15#1>)
    T10#6 extends Object declared in method <T1#15,T2#14,T3#13,T4#12,T5#11,T6#10,T7#9,T8#8,T9#7,T10#6,T11#5,T12#4,T13#3,T14#2,T15#1>group(App<F,T1#15>,App<F,T2#14>,App<F,T3#13>,App<F,T4#12>,App<F,T5#11>,App<F,T6#10>,App<F,T7#9>,App<F,T8#8>,App<F,T9#7>,App<F,T10#6>,App<F,T11#5>,App<F,T12#4>,App<F,T13#3>,App<F,T14#2>,App<F,T15#1>)
    T11#5 extends Object declared in method <T1#15,T2#14,T3#13,T4#12,T5#11,T6#10,T7#9,T8#8,T9#7,T10#6,T11#5,T12#4,T13#3,T14#2,T15#1>group(App<F,T1#15>,App<F,T2#14>,App<F,T3#13>,App<F,T4#12>,App<F,T5#11>,App<F,T6#10>,App<F,T7#9>,App<F,T8#8>,App<F,T9#7>,App<F,T10#6>,App<F,T11#5>,App<F,T12#4>,App<F,T13#3>,App<F,T14#2>,App<F,T15#1>)
    T12#4 extends Object declared in method <T1#15,T2#14,T3#13,T4#12,T5#11,T6#10,T7#9,T8#8,T9#7,T10#6,T11#5,T12#4,T13#3,T14#2,T15#1>group(App<F,T1#15>,App<F,T2#14>,App<F,T3#13>,App<F,T4#12>,App<F,T5#11>,App<F,T6#10>,App<F,T7#9>,App<F,T8#8>,App<F,T9#7>,App<F,T10#6>,App<F,T11#5>,App<F,T12#4>,App<F,T13#3>,App<F,T14#2>,App<F,T15#1>)
    T13#3 extends Object declared in method <T1#15,T2#14,T3#13,T4#12,T5#11,T6#10,T7#9,T8#8,T9#7,T10#6,T11#5,T12#4,T13#3,T14#2,T15#1>group(App<F,T1#15>,App<F,T2#14>,App<F,T3#13>,App<F,T4#12>,App<F,T5#11>,App<F,T6#10>,App<F,T7#9>,App<F,T8#8>,App<F,T9#7>,App<F,T10#6>,App<F,T11#5>,App<F,T12#4>,App<F,T13#3>,App<F,T14#2>,App<F,T15#1>)
    T14#2 extends Object declared in method <T1#15,T2#14,T3#13,T4#12,T5#11,T6#10,T7#9,T8#8,T9#7,T10#6,T11#5,T12#4,T13#3,T14#2,T15#1>group(App<F,T1#15>,App<F,T2#14>,App<F,T3#13>,App<F,T4#12>,App<F,T5#11>,App<F,T6#10>,App<F,T7#9>,App<F,T8#8>,App<F,T9#7>,App<F,T10#6>,App<F,T11#5>,App<F,T12#4>,App<F,T13#3>,App<F,T14#2>,App<F,T15#1>)
    T15#1 extends Object declared in method <T1#15,T2#14,T3#13,T4#12,T5#11,T6#10,T7#9,T8#8,T9#7,T10#6,T11#5,T12#4,T13#3,T14#2,T15#1>group(App<F,T1#15>,App<F,T2#14>,App<F,T3#13>,App<F,T4#12>,App<F,T5#11>,App<F,T6#10>,App<F,T7#9>,App<F,T8#8>,App<F,T9#7>,App<F,T10#6>,App<F,T11#5>,App<F,T12#4>,App<F,T13#3>,App<F,T14#2>,App<F,T15#1>)
    T1#16 extends Object declared in method <T1#16,T2#15,T3#14,T4#13,T5#12,T6#11,T7#10,T8#9,T9#8,T10#7,T11#6,T12#5,T13#4,T14#3,T15#2,T16>group(App<F,T1#16>,App<F,T2#15>,App<F,T3#14>,App<F,T4#13>,App<F,T5#12>,App<F,T6#11>,App<F,T7#10>,App<F,T8#9>,App<F,T9#8>,App<F,T10#7>,App<F,T11#6>,App<F,T12#5>,App<F,T13#4>,App<F,T14#3>,App<F,T15#2>,App<F,T16>)
    T2#15 extends Object declared in method <T1#16,T2#15,T3#14,T4#13,T5#12,T6#11,T7#10,T8#9,T9#8,T10#7,T11#6,T12#5,T13#4,T14#3,T15#2,T16>group(App<F,T1#16>,App<F,T2#15>,App<F,T3#14>,App<F,T4#13>,App<F,T5#12>,App<F,T6#11>,App<F,T7#10>,App<F,T8#9>,App<F,T9#8>,App<F,T10#7>,App<F,T11#6>,App<F,T12#5>,App<F,T13#4>,App<F,T14#3>,App<F,T15#2>,App<F,T16>)
    T3#14 extends Object declared in method <T1#16,T2#15,T3#14,T4#13,T5#12,T6#11,T7#10,T8#9,T9#8,T10#7,T11#6,T12#5,T13#4,T14#3,T15#2,T16>group(App<F,T1#16>,App<F,T2#15>,App<F,T3#14>,App<F,T4#13>,App<F,T5#12>,App<F,T6#11>,App<F,T7#10>,App<F,T8#9>,App<F,T9#8>,App<F,T10#7>,App<F,T11#6>,App<F,T12#5>,App<F,T13#4>,App<F,T14#3>,App<F,T15#2>,App<F,T16>)
    T4#13 extends Object declared in method <T1#16,T2#15,T3#14,T4#13,T5#12,T6#11,T7#10,T8#9,T9#8,T10#7,T11#6,T12#5,T13#4,T14#3,T15#2,T16>group(App<F,T1#16>,App<F,T2#15>,App<F,T3#14>,App<F,T4#13>,App<F,T5#12>,App<F,T6#11>,App<F,T7#10>,App<F,T8#9>,App<F,T9#8>,App<F,T10#7>,App<F,T11#6>,App<F,T12#5>,App<F,T13#4>,App<F,T14#3>,App<F,T15#2>,App<F,T16>)
    T5#12 extends Object declared in method <T1#16,T2#15,T3#14,T4#13,T5#12,T6#11,T7#10,T8#9,T9#8,T10#7,T11#6,T12#5,T13#4,T14#3,T15#2,T16>group(App<F,T1#16>,App<F,T2#15>,App<F,T3#14>,App<F,T4#13>,App<F,T5#12>,App<F,T6#11>,App<F,T7#10>,App<F,T8#9>,App<F,T9#8>,App<F,T10#7>,App<F,T11#6>,App<F,T12#5>,App<F,T13#4>,App<F,T14#3>,App<F,T15#2>,App<F,T16>)
    T6#11 extends Object declared in method <T1#16,T2#15,T3#14,T4#13,T5#12,T6#11,T7#10,T8#9,T9#8,T10#7,T11#6,T12#5,T13#4,T14#3,T15#2,T16>group(App<F,T1#16>,App<F,T2#15>,App<F,T3#14>,App<F,T4#13>,App<F,T5#12>,App<F,T6#11>,App<F,T7#10>,App<F,T8#9>,App<F,T9#8>,App<F,T10#7>,App<F,T11#6>,App<F,T12#5>,App<F,T13#4>,App<F,T14#3>,App<F,T15#2>,App<F,T16>)
    T7#10 extends Object declared in method <T1#16,T2#15,T3#14,T4#13,T5#12,T6#11,T7#10,T8#9,T9#8,T10#7,T11#6,T12#5,T13#4,T14#3,T15#2,T16>group(App<F,T1#16>,App<F,T2#15>,App<F,T3#14>,App<F,T4#13>,App<F,T5#12>,App<F,T6#11>,App<F,T7#10>,App<F,T8#9>,App<F,T9#8>,App<F,T10#7>,App<F,T11#6>,App<F,T12#5>,App<F,T13#4>,App<F,T14#3>,App<F,T15#2>,App<F,T16>)
    T8#9 extends Object declared in method <T1#16,T2#15,T3#14,T4#13,T5#12,T6#11,T7#10,T8#9,T9#8,T10#7,T11#6,T12#5,T13#4,T14#3,T15#2,T16>group(App<F,T1#16>,App<F,T2#15>,App<F,T3#14>,App<F,T4#13>,App<F,T5#12>,App<F,T6#11>,App<F,T7#10>,App<F,T8#9>,App<F,T9#8>,App<F,T10#7>,App<F,T11#6>,App<F,T12#5>,App<F,T13#4>,App<F,T14#3>,App<F,T15#2>,App<F,T16>)
    T9#8 extends Object declared in method <T1#16,T2#15,T3#14,T4#13,T5#12,T6#11,T7#10,T8#9,T9#8,T10#7,T11#6,T12#5,T13#4,T14#3,T15#2,T16>group(App<F,T1#16>,App<F,T2#15>,App<F,T3#14>,App<F,T4#13>,App<F,T5#12>,App<F,T6#11>,App<F,T7#10>,App<F,T8#9>,App<F,T9#8>,App<F,T10#7>,App<F,T11#6>,App<F,T12#5>,App<F,T13#4>,App<F,T14#3>,App<F,T15#2>,App<F,T16>)
    T10#7 extends Object declared in method <T1#16,T2#15,T3#14,T4#13,T5#12,T6#11,T7#10,T8#9,T9#8,T10#7,T11#6,T12#5,T13#4,T14#3,T15#2,T16>group(App<F,T1#16>,App<F,T2#15>,App<F,T3#14>,App<F,T4#13>,App<F,T5#12>,App<F,T6#11>,App<F,T7#10>,App<F,T8#9>,App<F,T9#8>,App<F,T10#7>,App<F,T11#6>,App<F,T12#5>,App<F,T13#4>,App<F,T14#3>,App<F,T15#2>,App<F,T16>)
    T11#6 extends Object declared in method <T1#16,T2#15,T3#14,T4#13,T5#12,T6#11,T7#10,T8#9,T9#8,T10#7,T11#6,T12#5,T13#4,T14#3,T15#2,T16>group(App<F,T1#16>,App<F,T2#15>,App<F,T3#14>,App<F,T4#13>,App<F,T5#12>,App<F,T6#11>,App<F,T7#10>,App<F,T8#9>,App<F,T9#8>,App<F,T10#7>,App<F,T11#6>,App<F,T12#5>,App<F,T13#4>,App<F,T14#3>,App<F,T15#2>,App<F,T16>)
    T12#5 extends Object declared in method <T1#16,T2#15,T3#14,T4#13,T5#12,T6#11,T7#10,T8#9,T9#8,T10#7,T11#6,T12#5,T13#4,T14#3,T15#2,T16>group(App<F,T1#16>,App<F,T2#15>,App<F,T3#14>,App<F,T4#13>,App<F,T5#12>,App<F,T6#11>,App<F,T7#10>,App<F,T8#9>,App<F,T9#8>,App<F,T10#7>,App<F,T11#6>,App<F,T12#5>,App<F,T13#4>,App<F,T14#3>,App<F,T15#2>,App<F,T16>)
    T13#4 extends Object declared in method <T1#16,T2#15,T3#14,T4#13,T5#12,T6#11,T7#10,T8#9,T9#8,T10#7,T11#6,T12#5,T13#4,T14#3,T15#2,T16>group(App<F,T1#16>,App<F,T2#15>,App<F,T3#14>,App<F,T4#13>,App<F,T5#12>,App<F,T6#11>,App<F,T7#10>,App<F,T8#9>,App<F,T9#8>,App<F,T10#7>,App<F,T11#6>,App<F,T12#5>,App<F,T13#4>,App<F,T14#3>,App<F,T15#2>,App<F,T16>)
    T14#3 extends Object declared in method <T1#16,T2#15,T3#14,T4#13,T5#12,T6#11,T7#10,T8#9,T9#8,T10#7,T11#6,T12#5,T13#4,T14#3,T15#2,T16>group(App<F,T1#16>,App<F,T2#15>,App<F,T3#14>,App<F,T4#13>,App<F,T5#12>,App<F,T6#11>,App<F,T7#10>,App<F,T8#9>,App<F,T9#8>,App<F,T10#7>,App<F,T11#6>,App<F,T12#5>,App<F,T13#4>,App<F,T14#3>,App<F,T15#2>,App<F,T16>)
    T15#2 extends Object declared in method <T1#16,T2#15,T3#14,T4#13,T5#12,T6#11,T7#10,T8#9,T9#8,T10#7,T11#6,T12#5,T13#4,T14#3,T15#2,T16>group(App<F,T1#16>,App<F,T2#15>,App<F,T3#14>,App<F,T4#13>,App<F,T5#12>,App<F,T6#11>,App<F,T7#10>,App<F,T8#9>,App<F,T9#8>,App<F,T10#7>,App<F,T11#6>,App<F,T12#5>,App<F,T13#4>,App<F,T14#3>,App<F,T15#2>,App<F,T16>)
    T16 extends Object declared in method <T1#16,T2#15,T3#14,T4#13,T5#12,T6#11,T7#10,T8#9,T9#8,T10#7,T11#6,T12#5,T13#4,T14#3,T15#2,T16>group(App<F,T1#16>,App<F,T2#15>,App<F,T3#14>,App<F,T4#13>,App<F,T5#12>,App<F,T6#11>,App<F,T7#10>,App<F,T8#9>,App<F,T9#8>,App<F,T10#7>,App<F,T11#6>,App<F,T12#5>,App<F,T13#4>,App<F,T14#3>,App<F,T15#2>,App<F,T16>)
/home/runner/work/mcJava/mcJava/android/app/src/main/java/net/minecraft/world/level/levelgen/presets/WorldPreset.java:20: error: cannot find symbol
         i -> i.group(Codec.unboundedMap(ResourceKey.codec(Registries.LEVEL_STEM), LevelStem.CODEC).fieldOf("dimensions").forGetter((WorldPreset e) -> e.dimensions()))
                                                                                                                                                        ^
  symbol:   method dimensions()
  location: variable e of type WorldPreset
/home/runner/work/mcJava/mcJava/android/app/src/main/java/net/minecraft/world/level/levelgen/presets/WorldPreset.java:23: error: incompatible types: invalid method reference
      .validate(WorldPreset::requireOverworld);
                ^
    incompatible types: Object cannot be converted to WorldPreset
/home/runner/work/mcJava/mcJava/android/app/src/main/java/net/minecraft/server/jsonrpc/api/MethodInfo.java:25: error: incompatible types: inference variable Params#1 has incompatible equality constraints Params#2,Object
      return ParamInfo.typedCodec().codec().listOf().xmap(MethodInfo::toOptional, MethodInfo::toList);
                                                         ^
  where Params#1,Params#2 are type-variables:
    Params#1 extends Object declared in method <Params#1>toOptional(List<ParamInfo<Params#1>>)
    Params#2 extends Object declared in method <Params#2>paramsTypedCodec()
/home/runner/work/mcJava/mcJava/android/app/src/main/java/net/minecraft/server/jsonrpc/api/MethodInfo.java:30: error: incompatible types: cannot infer type-variable(s) O
         i -> i.group(
                     ^
    (argument mismatch; bad return type in method reference
      Optional<ParamInfo<Params>> cannot be converted to Optional<ParamInfo<Object>>)
  where O,A,Params,Result are type-variables:
    O extends Object declared in method <O>forGetter(Function<O,A>)
    A extends Object declared in class MapCodec
    Params extends Object declared in method <Params,Result>typedCodec()
    Result extends Object declared in method <Params,Result>typedCodec()
/home/runner/work/mcJava/mcJava/android/app/src/main/java/net/minecraft/server/jsonrpc/api/MethodInfo.java:44: error: incompatible types: no instance(s) of type variable(s) Params,Result exist so that Codec<Named<Params,Result>> conforms to Codec<Named<?,?>>
      public static final Codec<MethodInfo.Named<?, ?>> CODEC = typedCodec();
                                                                          ^
  where Params,Result are type-variables:
    Params extends Object declared in method <Params,Result>typedCodec()
    Result extends Object declared in method <Params,Result>typedCodec()
/home/runner/work/mcJava/mcJava/android/app/src/main/java/net/minecraft/server/jsonrpc/api/MethodInfo.java:48: error: incompatible types: cannot infer type-variable(s) O
            i -> i.group(Identifier.CODEC.fieldOf("name").forGetter(MethodInfo.Named::name), MethodInfo.typedCodec().forGetter(MethodInfo.Named::contents))
                        ^
    (argument mismatch; bad return type in method reference
      MethodInfo<Params,Result> cannot be converted to MethodInfo<Object,Object>)
  where O,A,Params,Result are type-variables:
    O extends Object declared in method <O>forGetter(Function<O,A>)
    A extends Object declared in class MapCodec
    Params extends Object declared in method <Params,Result>typedCodec()
    Result extends Object declared in method <Params,Result>typedCodec()
/home/runner/work/mcJava/mcJava/android/app/src/main/java/net/minecraft/server/jsonrpc/api/ParamInfo.java:14: error: incompatible types: cannot infer type-variable(s) O
         i -> i.group(
                     ^
    (argument mismatch; bad return type in method reference
      Schema<Param> cannot be converted to Schema<Object>)
  where O,A,Param are type-variables:
    O extends Object declared in method <O>forGetter(Function<O,A>)
    A extends Object declared in class MapCodec
    Param extends Object declared in method <Param>typedCodec()
/home/runner/work/mcJava/mcJava/android/app/src/main/java/net/minecraft/server/jsonrpc/api/ResultInfo.java:9: error: incompatible types: cannot infer type-variable(s) O
         i -> i.group(Codec.STRING.fieldOf("name").forGetter(ResultInfo::name), Schema.typedCodec().fieldOf("schema").forGetter(ResultInfo::schema))
                     ^
    (argument mismatch; bad return type in method reference
      Schema<Result> cannot be converted to Schema<Object>)
  where O,A,Result are type-variables:
    O extends Object declared in method <O>forGetter(Function<O,A>)
    A extends Object declared in class MapCodec
    Result extends Object declared in method <Result>typedCodec()
/home/runner/work/mcJava/mcJava/android/app/src/main/java/net/minecraft/server/jsonrpc/api/Schema.java:40: error: incompatible types: cannot infer type-variable(s) O
            i -> i.group(
                        ^
    (argument mismatch; invalid method reference
      method reference in record Schema<T> cannot be applied to given types
        required: no arguments
        found:    Object
        reason: actual and formal argument lists differ in length)
  where O,A,T are type-variables:
    O extends Object declared in method <O>forGetter(Function<O,A>)
    A extends Object declared in class MapCodec
    T extends Object declared in record Schema
/home/runner/work/mcJava/mcJava/android/app/src/main/java/net/minecraft/server/jsonrpc/api/Schema.java:50: error: incompatible types: Codec<Object> cannot be converted to Codec<? extends Schema<?>>
      .validate(schema -> schema == null ? DataResult.error(() -> "Should not deserialize schema") : DataResult.success(schema));
               ^
/home/runner/work/mcJava/mcJava/android/app/src/main/java/net/minecraft/server/jsonrpc/methods/DiscoveryService.java:43: error: incompatible types: bad return type in method reference
            i -> i.group(Codec.unboundedMap(Codec.STRING, Schema.CODEC).fieldOf("schemas").forGetter(DiscoveryService.DiscoverComponents::schemas))
                                                                                                     ^
    Map<String,Schema<?>> cannot be converted to Map<String,CAP#1>
  where CAP#1 is a fresh type-variable:
    CAP#1 extends Schema<?> from capture of ? extends Schema<?>
/home/runner/work/mcJava/mcJava/android/app/src/main/java/net/minecraft/stats/ServerStatsCounter.java:57: error: incompatible types: inference variable R has incompatible bounds
      Codec<Stat<?>> statCodec = valueCodec.flatComapMap(
                                                        ^
    upper bounds: T,Object
    lower bounds: Object
  where R,T are type-variables:
    R extends Object declared in method <R>success(R)
    T extends Object declared in method <T>createTypedStatsCodec(StatType<T>)
/home/runner/work/mcJava/mcJava/android/app/src/main/java/net/minecraft/server/network/ServerGamePacketListenerImpl.java:1029: error: incompatible types: List<Filterable<MutableComponent>> cannot be converted to List<Filterable<Component>>
         List<Filterable<Component>> pages = contents.stream().map(page -> this.filterableFromOutgoing(page).map(Component::literal)).toList();
                                                                                                                                            ^
/home/runner/work/mcJava/mcJava/android/app/src/main/java/net/minecraft/world/level/gamerules/GameRuleMap.java:20: error: incompatible types: invalid method reference
      .xmap(GameRuleMap::ofTrusted, GameRuleMap::map);
            ^
    incompatible types: Map<GameRule<?>,CAP#1> cannot be converted to Map<GameRule<?>,Object>
  where CAP#1 is a fresh type-variable:
    CAP#1 extends Object from capture of ?
/home/runner/work/mcJava/mcJava/android/app/src/main/java/net/minecraft/world/entity/ai/attributes/AttributeMap.java:74: error: cannot find symbol
      modifiers.forEach((attribute, attributeModifier) -> {
               ^
  symbol:   method forEach((attribute[...]; } })
  location: variable modifiers of type Multimap<Holder<Attribute>,AttributeModifier>
/home/runner/work/mcJava/mcJava/android/app/src/main/java/net/minecraft/network/protocol/common/ClientboundCustomPayloadPacket.java:24: error: incompatible types: invalid constructor reference
      .map(ClientboundCustomPayloadPacket::new, ClientboundCustomPayloadPacket::payload);
           ^
    incompatible types: Object cannot be converted to CustomPacketPayload
/home/runner/work/mcJava/mcJava/android/app/src/main/java/net/minecraft/server/dialog/CommonDialogData.java:23: error: no suitable method found for group(RecordCodecBuilder<CommonDialogData,Component>,RecordCodecBuilder<CommonDialogData,Optional<Component>>,RecordCodecBuilder<CommonDialogData,Boolean>,RecordCodecBuilder<CommonDialogData,Boolean>,RecordCodecBuilder<CommonDialogData,DialogAction>,RecordCodecBuilder<CommonDialogData,List<DialogBody>>,RecordCodecBuilder<CommonDialogData,List<Input>>)
         i -> i.group(
               ^
    method Kind1.<T1#1>group(App<Mu<Object>,T1#1>) is not applicable
      (cannot infer type-variable(s) T1#1
        (actual and formal argument lists differ in length))
    method Kind1.<T1#2,T2#1>group(App<Mu<Object>,T1#2>,App<Mu<Object>,T2#1>) is not applicable
      (cannot infer type-variable(s) T1#2,T2#1
        (actual and formal argument lists differ in length))
    method Kind1.<T1#3,T2#2,T3#1>group(App<Mu<Object>,T1#3>,App<Mu<Object>,T2#2>,App<Mu<Object>,T3#1>) is not applicable
      (cannot infer type-variable(s) T1#3,T2#2,T3#1
        (actual and formal argument lists differ in length))
    method Kind1.<T1#4,T2#3,T3#2,T4#1>group(App<Mu<Object>,T1#4>,App<Mu<Object>,T2#3>,App<Mu<Object>,T3#2>,App<Mu<Object>,T4#1>) is not applicable
      (cannot infer type-variable(s) T1#4,T2#3,T3#2,T4#1
        (actual and formal argument lists differ in length))
    method Kind1.<T1#5,T2#4,T3#3,T4#2,T5#1>group(App<Mu<Object>,T1#5>,App<Mu<Object>,T2#4>,App<Mu<Object>,T3#3>,App<Mu<Object>,T4#2>,App<Mu<Object>,T5#1>) is not applicable
      (cannot infer type-variable(s) T1#5,T2#4,T3#3,T4#2,T5#1
        (actual and formal argument lists differ in length))
    method Kind1.<T1#6,T2#5,T3#4,T4#3,T5#2,T6#1>group(App<Mu<Object>,T1#6>,App<Mu<Object>,T2#5>,App<Mu<Object>,T3#4>,App<Mu<Object>,T4#3>,App<Mu<Object>,T5#2>,App<Mu<Object>,T6#1>) is not applicable
      (cannot infer type-variable(s) T1#6,T2#5,T3#4,T4#3,T5#2,T6#1
        (actual and formal argument lists differ in length))
    method Kind1.<T1#7,T2#6,T3#5,T4#4,T5#3,T6#2,T7#1>group(App<Mu<Object>,T1#7>,App<Mu<Object>,T2#6>,App<Mu<Object>,T3#5>,App<Mu<Object>,T4#4>,App<Mu<Object>,T5#3>,App<Mu<Object>,T6#2>,App<Mu<Object>,T7#1>) is not applicable
      (inference variable O has incompatible equality constraints CommonDialogData,Object)
    method Kind1.<T1#8,T2#7,T3#6,T4#5,T5#4,T6#3,T7#2,T8#1>group(App<Mu<Object>,T1#8>,App<Mu<Object>,T2#7>,App<Mu<Object>,T3#6>,App<Mu<Object>,T4#5>,App<Mu<Object>,T5#4>,App<Mu<Object>,T6#3>,App<Mu<Object>,T7#2>,App<Mu<Object>,T8#1>) is not applicable
      (cannot infer type-variable(s) T1#8,T2#7,T3#6,T4#5,T5#4,T6#3,T7#2,T8#1
        (actual and formal argument lists differ in length))
    method Kind1.<T1#9,T2#8,T3#7,T4#6,T5#5,T6#4,T7#3,T8#2,T9#1>group(App<Mu<Object>,T1#9>,App<Mu<Object>,T2#8>,App<Mu<Object>,T3#7>,App<Mu<Object>,T4#6>,App<Mu<Object>,T5#5>,App<Mu<Object>,T6#4>,App<Mu<Object>,T7#3>,App<Mu<Object>,T8#2>,App<Mu<Object>,T9#1>) is not applicable
      (cannot infer type-variable(s) T1#9,T2#8,T3#7,T4#6,T5#5,T6#4,T7#3,T8#2,T9#1
        (actual and formal argument lists differ in length))
    method Kind1.<T1#10,T2#9,T3#8,T4#7,T5#6,T6#5,T7#4,T8#3,T9#2,T10#1>group(App<Mu<Object>,T1#10>,App<Mu<Object>,T2#9>,App<Mu<Object>,T3#8>,App<Mu<Object>,T4#7>,App<Mu<Object>,T5#6>,App<Mu<Object>,T6#5>,App<Mu<Object>,T7#4>,App<Mu<Object>,T8#3>,App<Mu<Object>,T9#2>,App<Mu<Object>,T10#1>) is not applicable
      (cannot infer type-variable(s) T1#10,T2#9,T3#8,T4#7,T5#6,T6#5,T7#4,T8#3,T9#2,T10#1
        (actual and formal argument lists differ in length))
    method Kind1.<T1#11,T2#10,T3#9,T4#8,T5#7,T6#6,T7#5,T8#4,T9#3,T10#2,T11#1>group(App<Mu<Object>,T1#11>,App<Mu<Object>,T2#10>,App<Mu<Object>,T3#9>,App<Mu<Object>,T4#8>,App<Mu<Object>,T5#7>,App<Mu<Object>,T6#6>,App<Mu<Object>,T7#5>,App<Mu<Object>,T8#4>,App<Mu<Object>,T9#3>,App<Mu<Object>,T10#2>,App<Mu<Object>,T11#1>) is not applicable
      (cannot infer type-variable(s) T1#11,T2#10,T3#9,T4#8,T5#7,T6#6,T7#5,T8#4,T9#3,T10#2,T11#1
        (actual and formal argument lists differ in length))
    method Kind1.<T1#12,T2#11,T3#10,T4#9,T5#8,T6#7,T7#6,T8#5,T9#4,T10#3,T11#2,T12#1>group(App<Mu<Object>,T1#12>,App<Mu<Object>,T2#11>,App<Mu<Object>,T3#10>,App<Mu<Object>,T4#9>,App<Mu<Object>,T5#8>,App<Mu<Object>,T6#7>,App<Mu<Object>,T7#6>,App<Mu<Object>,T8#5>,App<Mu<Object>,T9#4>,App<Mu<Object>,T10#3>,App<Mu<Object>,T11#2>,App<Mu<Object>,T12#1>) is not applicable
      (cannot infer type-variable(s) T1#12,T2#11,T3#10,T4#9,T5#8,T6#7,T7#6,T8#5,T9#4,T10#3,T11#2,T12#1
        (actual and formal argument lists differ in length))
    method Kind1.<T1#13,T2#12,T3#11,T4#10,T5#9,T6#8,T7#7,T8#6,T9#5,T10#4,T11#3,T12#2,T13#1>group(App<Mu<Object>,T1#13>,App<Mu<Object>,T2#12>,App<Mu<Object>,T3#11>,App<Mu<Object>,T4#10>,App<Mu<Object>,T5#9>,App<Mu<Object>,T6#8>,App<Mu<Object>,T7#7>,App<Mu<Object>,T8#6>,App<Mu<Object>,T9#5>,App<Mu<Object>,T10#4>,App<Mu<Object>,T11#3>,App<Mu<Object>,T12#2>,App<Mu<Object>,T13#1>) is not applicable
      (cannot infer type-variable(s) T1#13,T2#12,T3#11,T4#10,T5#9,T6#8,T7#7,T8#6,T9#5,T10#4,T11#3,T12#2,T13#1
        (actual and formal argument lists differ in length))
    method Kind1.<T1#14,T2#13,T3#12,T4#11,T5#10,T6#9,T7#8,T8#7,T9#6,T10#5,T11#4,T12#3,T13#2,T14#1>group(App<Mu<Object>,T1#14>,App<Mu<Object>,T2#13>,App<Mu<Object>,T3#12>,App<Mu<Object>,T4#11>,App<Mu<Object>,T5#10>,App<Mu<Object>,T6#9>,App<Mu<Object>,T7#8>,App<Mu<Object>,T8#7>,App<Mu<Object>,T9#6>,App<Mu<Object>,T10#5>,App<Mu<Object>,T11#4>,App<Mu<Object>,T12#3>,App<Mu<Object>,T13#2>,App<Mu<Object>,T14#1>) is not applicable
      (cannot infer type-variable(s) T1#14,T2#13,T3#12,T4#11,T5#10,T6#9,T7#8,T8#7,T9#6,T10#5,T11#4,T12#3,T13#2,T14#1
        (actual and formal argument lists differ in length))
    method Kind1.<T1#15,T2#14,T3#13,T4#12,T5#11,T6#10,T7#9,T8#8,T9#7,T10#6,T11#5,T12#4,T13#3,T14#2,T15#1>group(App<Mu<Object>,T1#15>,App<Mu<Object>,T2#14>,App<Mu<Object>,T3#13>,App<Mu<Object>,T4#12>,App<Mu<Object>,T5#11>,App<Mu<Object>,T6#10>,App<Mu<Object>,T7#9>,App<Mu<Object>,T8#8>,App<Mu<Object>,T9#7>,App<Mu<Object>,T10#6>,App<Mu<Object>,T11#5>,App<Mu<Object>,T12#4>,App<Mu<Object>,T13#3>,App<Mu<Object>,T14#2>,App<Mu<Object>,T15#1>) is not applicable
      (cannot infer type-variable(s) T1#15,T2#14,T3#13,T4#12,T5#11,T6#10,T7#9,T8#8,T9#7,T10#6,T11#5,T12#4,T13#3,T14#2,T15#1
        (actual and formal argument lists differ in length))
    method Kind1.<T1#16,T2#15,T3#14,T4#13,T5#12,T6#11,T7#10,T8#9,T9#8,T10#7,T11#6,T12#5,T13#4,T14#3,T15#2,T16>group(App<Mu<Object>,T1#16>,App<Mu<Object>,T2#15>,App<Mu<Object>,T3#14>,App<Mu<Object>,T4#13>,App<Mu<Object>,T5#12>,App<Mu<Object>,T6#11>,App<Mu<Object>,T7#10>,App<Mu<Object>,T8#9>,App<Mu<Object>,T9#8>,App<Mu<Object>,T10#7>,App<Mu<Object>,T11#6>,App<Mu<Object>,T12#5>,App<Mu<Object>,T13#4>,App<Mu<Object>,T14#3>,App<Mu<Object>,T15#2>,App<Mu<Object>,T16>) is not applicable
      (cannot infer type-variable(s) T1#16,T2#15,T3#14,T4#13,T5#12,T6#11,T7#10,T8#9,T9#8,T10#7,T11#6,T12#5,T13#4,T14#3,T15#2,T16
        (actual and formal argument lists differ in length))
  where T1#1,F,T1#2,T2#1,T1#3,T2#2,T3#1,T1#4,T2#3,T3#2,T4#1,T1#5,T2#4,T3#3,T4#2,T5#1,T1#6,T2#5,T3#4,T4#3,T5#2,T6#1,T1#7,T2#6,T3#5,T4#4,T5#3,T6#2,T7#1,O,A,T1#8,T2#7,T3#6,T4#5,T5#4,T6#3,T7#2,T8#1,T1#9,T2#8,T3#7,T4#6,T5#5,T6#4,T7#3,T8#2,T9#1,T1#10,T2#9,T3#8,T4#7,T5#6,T6#5,T7#4,T8#3,T9#2,T10#1,T1#11,T2#10,T3#9,T4#8,T5#7,T6#6,T7#5,T8#4,T9#3,T10#2,T11#1,T1#12,T2#11,T3#10,T4#9,T5#8,T6#7,T7#6,T8#5,T9#4,T10#3,T11#2,T12#1,T1#13,T2#12,T3#11,T4#10,T5#9,T6#8,T7#7,T8#6,T9#5,T10#4,T11#3,T12#2,T13#1,T1#14,T2#13,T3#12,T4#11,T5#10,T6#9,T7#8,T8#7,T9#6,T10#5,T11#4,T12#3,T13#2,T14#1,T1#15,T2#14,T3#13,T4#12,T5#11,T6#10,T7#9,T8#8,T9#7,T10#6,T11#5,T12#4,T13#3,T14#2,T15#1,T1#16,T2#15,T3#14,T4#13,T5#12,T6#11,T7#10,T8#9,T9#8,T10#7,T11#6,T12#5,T13#4,T14#3,T15#2,T16 are type-variables:
    T1#1 extends Object declared in method <T1#1>group(App<F,T1#1>)
    F extends K1 declared in interface Kind1
    T1#2 extends Object declared in method <T1#2,T2#1>group(App<F,T1#2>,App<F,T2#1>)
    T2#1 extends Object declared in method <T1#2,T2#1>group(App<F,T1#2>,App<F,T2#1>)
    T1#3 extends Object declared in method <T1#3,T2#2,T3#1>group(App<F,T1#3>,App<F,T2#2>,App<F,T3#1>)
    T2#2 extends Object declared in method <T1#3,T2#2,T3#1>group(App<F,T1#3>,App<F,T2#2>,App<F,T3#1>)
    T3#1 extends Object declared in method <T1#3,T2#2,T3#1>group(App<F,T1#3>,App<F,T2#2>,App<F,T3#1>)
    T1#4 extends Object declared in method <T1#4,T2#3,T3#2,T4#1>group(App<F,T1#4>,App<F,T2#3>,App<F,T3#2>,App<F,T4#1>)
    T2#3 extends Object declared in method <T1#4,T2#3,T3#2,T4#1>group(App<F,T1#4>,App<F,T2#3>,App<F,T3#2>,App<F,T4#1>)
    T3#2 extends Object declared in method <T1#4,T2#3,T3#2,T4#1>group(App<F,T1#4>,App<F,T2#3>,App<F,T3#2>,App<F,T4#1>)
    T4#1 extends Object declared in method <T1#4,T2#3,T3#2,T4#1>group(App<F,T1#4>,App<F,T2#3>,App<F,T3#2>,App<F,T4#1>)
    T1#5 extends Object declared in method <T1#5,T2#4,T3#3,T4#2,T5#1>group(App<F,T1#5>,App<F,T2#4>,App<F,T3#3>,App<F,T4#2>,App<F,T5#1>)
    T2#4 extends Object declared in method <T1#5,T2#4,T3#3,T4#2,T5#1>group(App<F,T1#5>,App<F,T2#4>,App<F,T3#3>,App<F,T4#2>,App<F,T5#1>)
    T3#3 extends Object declared in method <T1#5,T2#4,T3#3,T4#2,T5#1>group(App<F,T1#5>,App<F,T2#4>,App<F,T3#3>,App<F,T4#2>,App<F,T5#1>)
    T4#2 extends Object declared in method <T1#5,T2#4,T3#3,T4#2,T5#1>group(App<F,T1#5>,App<F,T2#4>,App<F,T3#3>,App<F,T4#2>,App<F,T5#1>)
    T5#1 extends Object declared in method <T1#5,T2#4,T3#3,T4#2,T5#1>group(App<F,T1#5>,App<F,T2#4>,App<F,T3#3>,App<F,T4#2>,App<F,T5#1>)
    T1#6 extends Object declared in method <T1#6,T2#5,T3#4,T4#3,T5#2,T6#1>group(App<F,T1#6>,App<F,T2#5>,App<F,T3#4>,App<F,T4#3>,App<F,T5#2>,App<F,T6#1>)
    T2#5 extends Object declared in method <T1#6,T2#5,T3#4,T4#3,T5#2,T6#1>group(App<F,T1#6>,App<F,T2#5>,App<F,T3#4>,App<F,T4#3>,App<F,T5#2>,App<F,T6#1>)
    T3#4 extends Object declared in method <T1#6,T2#5,T3#4,T4#3,T5#2,T6#1>group(App<F,T1#6>,App<F,T2#5>,App<F,T3#4>,App<F,T4#3>,App<F,T5#2>,App<F,T6#1>)
    T4#3 extends Object declared in method <T1#6,T2#5,T3#4,T4#3,T5#2,T6#1>group(App<F,T1#6>,App<F,T2#5>,App<F,T3#4>,App<F,T4#3>,App<F,T5#2>,App<F,T6#1>)
    T5#2 extends Object declared in method <T1#6,T2#5,T3#4,T4#3,T5#2,T6#1>group(App<F,T1#6>,App<F,T2#5>,App<F,T3#4>,App<F,T4#3>,App<F,T5#2>,App<F,T6#1>)
    T6#1 extends Object declared in method <T1#6,T2#5,T3#4,T4#3,T5#2,T6#1>group(App<F,T1#6>,App<F,T2#5>,App<F,T3#4>,App<F,T4#3>,App<F,T5#2>,App<F,T6#1>)
    T1#7 extends Object declared in method <T1#7,T2#6,T3#5,T4#4,T5#3,T6#2,T7#1>group(App<F,T1#7>,App<F,T2#6>,App<F,T3#5>,App<F,T4#4>,App<F,T5#3>,App<F,T6#2>,App<F,T7#1>)
    T2#6 extends Object declared in method <T1#7,T2#6,T3#5,T4#4,T5#3,T6#2,T7#1>group(App<F,T1#7>,App<F,T2#6>,App<F,T3#5>,App<F,T4#4>,App<F,T5#3>,App<F,T6#2>,App<F,T7#1>)
    T3#5 extends Object declared in method <T1#7,T2#6,T3#5,T4#4,T5#3,T6#2,T7#1>group(App<F,T1#7>,App<F,T2#6>,App<F,T3#5>,App<F,T4#4>,App<F,T5#3>,App<F,T6#2>,App<F,T7#1>)
    T4#4 extends Object declared in method <T1#7,T2#6,T3#5,T4#4,T5#3,T6#2,T7#1>group(App<F,T1#7>,App<F,T2#6>,App<F,T3#5>,App<F,T4#4>,App<F,T5#3>,App<F,T6#2>,App<F,T7#1>)
    T5#3 extends Object declared in method <T1#7,T2#6,T3#5,T4#4,T5#3,T6#2,T7#1>group(App<F,T1#7>,App<F,T2#6>,App<F,T3#5>,App<F,T4#4>,App<F,T5#3>,App<F,T6#2>,App<F,T7#1>)
    T6#2 extends Object declared in method <T1#7,T2#6,T3#5,T4#4,T5#3,T6#2,T7#1>group(App<F,T1#7>,App<F,T2#6>,App<F,T3#5>,App<F,T4#4>,App<F,T5#3>,App<F,T6#2>,App<F,T7#1>)
    T7#1 extends Object declared in method <T1#7,T2#6,T3#5,T4#4,T5#3,T6#2,T7#1>group(App<F,T1#7>,App<F,T2#6>,App<F,T3#5>,App<F,T4#4>,App<F,T5#3>,App<F,T6#2>,App<F,T7#1>)
    O extends Object declared in method <O>forGetter(Function<O,A>)
    A extends Object declared in class MapCodec
    T1#8 extends Object declared in method <T1#8,T2#7,T3#6,T4#5,T5#4,T6#3,T7#2,T8#1>group(App<F,T1#8>,App<F,T2#7>,App<F,T3#6>,App<F,T4#5>,App<F,T5#4>,App<F,T6#3>,App<F,T7#2>,App<F,T8#1>)
    T2#7 extends Object declared in method <T1#8,T2#7,T3#6,T4#5,T5#4,T6#3,T7#2,T8#1>group(App<F,T1#8>,App<F,T2#7>,App<F,T3#6>,App<F,T4#5>,App<F,T5#4>,App<F,T6#3>,App<F,T7#2>,App<F,T8#1>)
    T3#6 extends Object declared in method <T1#8,T2#7,T3#6,T4#5,T5#4,T6#3,T7#2,T8#1>group(App<F,T1#8>,App<F,T2#7>,App<F,T3#6>,App<F,T4#5>,App<F,T5#4>,App<F,T6#3>,App<F,T7#2>,App<F,T8#1>)
    T4#5 extends Object declared in method <T1#8,T2#7,T3#6,T4#5,T5#4,T6#3,T7#2,T8#1>group(App<F,T1#8>,App<F,T2#7>,App<F,T3#6>,App<F,T4#5>,App<F,T5#4>,App<F,T6#3>,App<F,T7#2>,App<F,T8#1>)
    T5#4 extends Object declared in method <T1#8,T2#7,T3#6,T4#5,T5#4,T6#3,T7#2,T8#1>group(App<F,T1#8>,App<F,T2#7>,App<F,T3#6>,App<F,T4#5>,App<F,T5#4>,App<F,T6#3>,App<F,T7#2>,App<F,T8#1>)
    T6#3 extends Object declared in method <T1#8,T2#7,T3#6,T4#5,T5#4,T6#3,T7#2,T8#1>group(App<F,T1#8>,App<F,T2#7>,App<F,T3#6>,App<F,T4#5>,App<F,T5#4>,App<F,T6#3>,App<F,T7#2>,App<F,T8#1>)
    T7#2 extends Object declared in method <T1#8,T2#7,T3#6,T4#5,T5#4,T6#3,T7#2,T8#1>group(App<F,T1#8>,App<F,T2#7>,App<F,T3#6>,App<F,T4#5>,App<F,T5#4>,App<F,T6#3>,App<F,T7#2>,App<F,T8#1>)
    T8#1 extends Object declared in method <T1#8,T2#7,T3#6,T4#5,T5#4,T6#3,T7#2,T8#1>group(App<F,T1#8>,App<F,T2#7>,App<F,T3#6>,App<F,T4#5>,App<F,T5#4>,App<F,T6#3>,App<F,T7#2>,App<F,T8#1>)
    T1#9 extends Object declared in method <T1#9,T2#8,T3#7,T4#6,T5#5,T6#4,T7#3,T8#2,T9#1>group(App<F,T1#9>,App<F,T2#8>,App<F,T3#7>,App<F,T4#6>,App<F,T5#5>,App<F,T6#4>,App<F,T7#3>,App<F,T8#2>,App<F,T9#1>)
    T2#8 extends Object declared in method <T1#9,T2#8,T3#7,T4#6,T5#5,T6#4,T7#3,T8#2,T9#1>group(App<F,T1#9>,App<F,T2#8>,App<F,T3#7>,App<F,T4#6>,App<F,T5#5>,App<F,T6#4>,App<F,T7#3>,App<F,T8#2>,App<F,T9#1>)
    T3#7 extends Object declared in method <T1#9,T2#8,T3#7,T4#6,T5#5,T6#4,T7#3,T8#2,T9#1>group(App<F,T1#9>,App<F,T2#8>,App<F,T3#7>,App<F,T4#6>,App<F,T5#5>,App<F,T6#4>,App<F,T7#3>,App<F,T8#2>,App<F,T9#1>)
    T4#6 extends Object declared in method <T1#9,T2#8,T3#7,T4#6,T5#5,T6#4,T7#3,T8#2,T9#1>group(App<F,T1#9>,App<F,T2#8>,App<F,T3#7>,App<F,T4#6>,App<F,T5#5>,App<F,T6#4>,App<F,T7#3>,App<F,T8#2>,App<F,T9#1>)
    T5#5 extends Object declared in method <T1#9,T2#8,T3#7,T4#6,T5#5,T6#4,T7#3,T8#2,T9#1>group(App<F,T1#9>,App<F,T2#8>,App<F,T3#7>,App<F,T4#6>,App<F,T5#5>,App<F,T6#4>,App<F,T7#3>,App<F,T8#2>,App<F,T9#1>)
    T6#4 extends Object declared in method <T1#9,T2#8,T3#7,T4#6,T5#5,T6#4,T7#3,T8#2,T9#1>group(App<F,T1#9>,App<F,T2#8>,App<F,T3#7>,App<F,T4#6>,App<F,T5#5>,App<F,T6#4>,App<F,T7#3>,App<F,T8#2>,App<F,T9#1>)
    T7#3 extends Object declared in method <T1#9,T2#8,T3#7,T4#6,T5#5,T6#4,T7#3,T8#2,T9#1>group(App<F,T1#9>,App<F,T2#8>,App<F,T3#7>,App<F,T4#6>,App<F,T5#5>,App<F,T6#4>,App<F,T7#3>,App<F,T8#2>,App<F,T9#1>)
    T8#2 extends Object declared in method <T1#9,T2#8,T3#7,T4#6,T5#5,T6#4,T7#3,T8#2,T9#1>group(App<F,T1#9>,App<F,T2#8>,App<F,T3#7>,App<F,T4#6>,App<F,T5#5>,App<F,T6#4>,App<F,T7#3>,App<F,T8#2>,App<F,T9#1>)
    T9#1 extends Object declared in method <T1#9,T2#8,T3#7,T4#6,T5#5,T6#4,T7#3,T8#2,T9#1>group(App<F,T1#9>,App<F,T2#8>,App<F,T3#7>,App<F,T4#6>,App<F,T5#5>,App<F,T6#4>,App<F,T7#3>,App<F,T8#2>,App<F,T9#1>)
    T1#10 extends Object declared in method <T1#10,T2#9,T3#8,T4#7,T5#6,T6#5,T7#4,T8#3,T9#2,T10#1>group(App<F,T1#10>,App<F,T2#9>,App<F,T3#8>,App<F,T4#7>,App<F,T5#6>,App<F,T6#5>,App<F,T7#4>,App<F,T8#3>,App<F,T9#2>,App<F,T10#1>)
    T2#9 extends Object declared in method <T1#10,T2#9,T3#8,T4#7,T5#6,T6#5,T7#4,T8#3,T9#2,T10#1>group(App<F,T1#10>,App<F,T2#9>,App<F,T3#8>,App<F,T4#7>,App<F,T5#6>,App<F,T6#5>,App<F,T7#4>,App<F,T8#3>,App<F,T9#2>,App<F,T10#1>)
    T3#8 extends Object declared in method <T1#10,T2#9,T3#8,T4#7,T5#6,T6#5,T7#4,T8#3,T9#2,T10#1>group(App<F,T1#10>,App<F,T2#9>,App<F,T3#8>,App<F,T4#7>,App<F,T5#6>,App<F,T6#5>,App<F,T7#4>,App<F,T8#3>,App<F,T9#2>,App<F,T10#1>)
    T4#7 extends Object declared in method <T1#10,T2#9,T3#8,T4#7,T5#6,T6#5,T7#4,T8#3,T9#2,T10#1>group(App<F,T1#10>,App<F,T2#9>,App<F,T3#8>,App<F,T4#7>,App<F,T5#6>,App<F,T6#5>,App<F,T7#4>,App<F,T8#3>,App<F,T9#2>,App<F,T10#1>)
    T5#6 extends Object declared in method <T1#10,T2#9,T3#8,T4#7,T5#6,T6#5,T7#4,T8#3,T9#2,T10#1>group(App<F,T1#10>,App<F,T2#9>,App<F,T3#8>,App<F,T4#7>,App<F,T5#6>,App<F,T6#5>,App<F,T7#4>,App<F,T8#3>,App<F,T9#2>,App<F,T10#1>)
    T6#5 extends Object declared in method <T1#10,T2#9,T3#8,T4#7,T5#6,T6#5,T7#4,T8#3,T9#2,T10#1>group(App<F,T1#10>,App<F,T2#9>,App<F,T3#8>,App<F,T4#7>,App<F,T5#6>,App<F,T6#5>,App<F,T7#4>,App<F,T8#3>,App<F,T9#2>,App<F,T10#1>)
    T7#4 extends Object declared in method <T1#10,T2#9,T3#8,T4#7,T5#6,T6#5,T7#4,T8#3,T9#2,T10#1>group(App<F,T1#10>,App<F,T2#9>,App<F,T3#8>,App<F,T4#7>,App<F,T5#6>,App<F,T6#5>,App<F,T7#4>,App<F,T8#3>,App<F,T9#2>,App<F,T10#1>)
    T8#3 extends Object declared in method <T1#10,T2#9,T3#8,T4#7,T5#6,T6#5,T7#4,T8#3,T9#2,T10#1>group(App<F,T1#10>,App<F,T2#9>,App<F,T3#8>,App<F,T4#7>,App<F,T5#6>,App<F,T6#5>,App<F,T7#4>,App<F,T8#3>,App<F,T9#2>,App<F,T10#1>)
    T9#2 extends Object declared in method <T1#10,T2#9,T3#8,T4#7,T5#6,T6#5,T7#4,T8#3,T9#2,T10#1>group(App<F,T1#10>,App<F,T2#9>,App<F,T3#8>,App<F,T4#7>,App<F,T5#6>,App<F,T6#5>,App<F,T7#4>,App<F,T8#3>,App<F,T9#2>,App<F,T10#1>)
    T10#1 extends Object declared in method <T1#10,T2#9,T3#8,T4#7,T5#6,T6#5,T7#4,T8#3,T9#2,T10#1>group(App<F,T1#10>,App<F,T2#9>,App<F,T3#8>,App<F,T4#7>,App<F,T5#6>,App<F,T6#5>,App<F,T7#4>,App<F,T8#3>,App<F,T9#2>,App<F,T10#1>)
    T1#11 extends Object declared in method <T1#11,T2#10,T3#9,T4#8,T5#7,T6#6,T7#5,T8#4,T9#3,T10#2,T11#1>group(App<F,T1#11>,App<F,T2#10>,App<F,T3#9>,App<F,T4#8>,App<F,T5#7>,App<F,T6#6>,App<F,T7#5>,App<F,T8#4>,App<F,T9#3>,App<F,T10#2>,App<F,T11#1>)
    T2#10 extends Object declared in method <T1#11,T2#10,T3#9,T4#8,T5#7,T6#6,T7#5,T8#4,T9#3,T10#2,T11#1>group(App<F,T1#11>,App<F,T2#10>,App<F,T3#9>,App<F,T4#8>,App<F,T5#7>,App<F,T6#6>,App<F,T7#5>,App<F,T8#4>,App<F,T9#3>,App<F,T10#2>,App<F,T11#1>)
    T3#9 extends Object declared in method <T1#11,T2#10,T3#9,T4#8,T5#7,T6#6,T7#5,T8#4,T9#3,T10#2,T11#1>group(App<F,T1#11>,App<F,T2#10>,App<F,T3#9>,App<F,T4#8>,App<F,T5#7>,App<F,T6#6>,App<F,T7#5>,App<F,T8#4>,App<F,T9#3>,App<F,T10#2>,App<F,T11#1>)
    T4#8 extends Object declared in method <T1#11,T2#10,T3#9,T4#8,T5#7,T6#6,T7#5,T8#4,T9#3,T10#2,T11#1>group(App<F,T1#11>,App<F,T2#10>,App<F,T3#9>,App<F,T4#8>,App<F,T5#7>,App<F,T6#6>,App<F,T7#5>,App<F,T8#4>,App<F,T9#3>,App<F,T10#2>,App<F,T11#1>)
    T5#7 extends Object declared in method <T1#11,T2#10,T3#9,T4#8,T5#7,T6#6,T7#5,T8#4,T9#3,T10#2,T11#1>group(App<F,T1#11>,App<F,T2#10>,App<F,T3#9>,App<F,T4#8>,App<F,T5#7>,App<F,T6#6>,App<F,T7#5>,App<F,T8#4>,App<F,T9#3>,App<F,T10#2>,App<F,T11#1>)
    T6#6 extends Object declared in method <T1#11,T2#10,T3#9,T4#8,T5#7,T6#6,T7#5,T8#4,T9#3,T10#2,T11#1>group(App<F,T1#11>,App<F,T2#10>,App<F,T3#9>,App<F,T4#8>,App<F,T5#7>,App<F,T6#6>,App<F,T7#5>,App<F,T8#4>,App<F,T9#3>,App<F,T10#2>,App<F,T11#1>)
    T7#5 extends Object declared in method <T1#11,T2#10,T3#9,T4#8,T5#7,T6#6,T7#5,T8#4,T9#3,T10#2,T11#1>group(App<F,T1#11>,App<F,T2#10>,App<F,T3#9>,App<F,T4#8>,App<F,T5#7>,App<F,T6#6>,App<F,T7#5>,App<F,T8#4>,App<F,T9#3>,App<F,T10#2>,App<F,T11#1>)
    T8#4 extends Object declared in method <T1#11,T2#10,T3#9,T4#8,T5#7,T6#6,T7#5,T8#4,T9#3,T10#2,T11#1>group(App<F,T1#11>,App<F,T2#10>,App<F,T3#9>,App<F,T4#8>,App<F,T5#7>,App<F,T6#6>,App<F,T7#5>,App<F,T8#4>,App<F,T9#3>,App<F,T10#2>,App<F,T11#1>)
    T9#3 extends Object declared in method <T1#11,T2#10,T3#9,T4#8,T5#7,T6#6,T7#5,T8#4,T9#3,T10#2,T11#1>group(App<F,T1#11>,App<F,T2#10>,App<F,T3#9>,App<F,T4#8>,App<F,T5#7>,App<F,T6#6>,App<F,T7#5>,App<F,T8#4>,App<F,T9#3>,App<F,T10#2>,App<F,T11#1>)
    T10#2 extends Object declared in method <T1#11,T2#10,T3#9,T4#8,T5#7,T6#6,T7#5,T8#4,T9#3,T10#2,T11#1>group(App<F,T1#11>,App<F,T2#10>,App<F,T3#9>,App<F,T4#8>,App<F,T5#7>,App<F,T6#6>,App<F,T7#5>,App<F,T8#4>,App<F,T9#3>,App<F,T10#2>,App<F,T11#1>)
    T11#1 extends Object declared in method <T1#11,T2#10,T3#9,T4#8,T5#7,T6#6,T7#5,T8#4,T9#3,T10#2,T11#1>group(App<F,T1#11>,App<F,T2#10>,App<F,T3#9>,App<F,T4#8>,App<F,T5#7>,App<F,T6#6>,App<F,T7#5>,App<F,T8#4>,App<F,T9#3>,App<F,T10#2>,App<F,T11#1>)
    T1#12 extends Object declared in method <T1#12,T2#11,T3#10,T4#9,T5#8,T6#7,T7#6,T8#5,T9#4,T10#3,T11#2,T12#1>group(App<F,T1#12>,App<F,T2#11>,App<F,T3#10>,App<F,T4#9>,App<F,T5#8>,App<F,T6#7>,App<F,T7#6>,App<F,T8#5>,App<F,T9#4>,App<F,T10#3>,App<F,T11#2>,App<F,T12#1>)
    T2#11 extends Object declared in method <T1#12,T2#11,T3#10,T4#9,T5#8,T6#7,T7#6,T8#5,T9#4,T10#3,T11#2,T12#1>group(App<F,T1#12>,App<F,T2#11>,App<F,T3#10>,App<F,T4#9>,App<F,T5#8>,App<F,T6#7>,App<F,T7#6>,App<F,T8#5>,App<F,T9#4>,App<F,T10#3>,App<F,T11#2>,App<F,T12#1>)
    T3#10 extends Object declared in method <T1#12,T2#11,T3#10,T4#9,T5#8,T6#7,T7#6,T8#5,T9#4,T10#3,T11#2,T12#1>group(App<F,T1#12>,App<F,T2#11>,App<F,T3#10>,App<F,T4#9>,App<F,T5#8>,App<F,T6#7>,App<F,T7#6>,App<F,T8#5>,App<F,T9#4>,App<F,T10#3>,App<F,T11#2>,App<F,T12#1>)
    T4#9 extends Object declared in method <T1#12,T2#11,T3#10,T4#9,T5#8,T6#7,T7#6,T8#5,T9#4,T10#3,T11#2,T12#1>group(App<F,T1#12>,App<F,T2#11>,App<F,T3#10>,App<F,T4#9>,App<F,T5#8>,App<F,T6#7>,App<F,T7#6>,App<F,T8#5>,App<F,T9#4>,App<F,T10#3>,App<F,T11#2>,App<F,T12#1>)
    T5#8 extends Object declared in method <T1#12,T2#11,T3#10,T4#9,T5#8,T6#7,T7#6,T8#5,T9#4,T10#3,T11#2,T12#1>group(App<F,T1#12>,App<F,T2#11>,App<F,T3#10>,App<F,T4#9>,App<F,T5#8>,App<F,T6#7>,App<F,T7#6>,App<F,T8#5>,App<F,T9#4>,App<F,T10#3>,App<F,T11#2>,App<F,T12#1>)
    T6#7 extends Object declared in method <T1#12,T2#11,T3#10,T4#9,T5#8,T6#7,T7#6,T8#5,T9#4,T10#3,T11#2,T12#1>group(App<F,T1#12>,App<F,T2#11>,App<F,T3#10>,App<F,T4#9>,App<F,T5#8>,App<F,T6#7>,App<F,T7#6>,App<F,T8#5>,App<F,T9#4>,App<F,T10#3>,App<F,T11#2>,App<F,T12#1>)
    T7#6 extends Object declared in method <T1#12,T2#11,T3#10,T4#9,T5#8,T6#7,T7#6,T8#5,T9#4,T10#3,T11#2,T12#1>group(App<F,T1#12>,App<F,T2#11>,App<F,T3#10>,App<F,T4#9>,App<F,T5#8>,App<F,T6#7>,App<F,T7#6>,App<F,T8#5>,App<F,T9#4>,App<F,T10#3>,App<F,T11#2>,App<F,T12#1>)
    T8#5 extends Object declared in method <T1#12,T2#11,T3#10,T4#9,T5#8,T6#7,T7#6,T8#5,T9#4,T10#3,T11#2,T12#1>group(App<F,T1#12>,App<F,T2#11>,App<F,T3#10>,App<F,T4#9>,App<F,T5#8>,App<F,T6#7>,App<F,T7#6>,App<F,T8#5>,App<F,T9#4>,App<F,T10#3>,App<F,T11#2>,App<F,T12#1>)
    T9#4 extends Object declared in method <T1#12,T2#11,T3#10,T4#9,T5#8,T6#7,T7#6,T8#5,T9#4,T10#3,T11#2,T12#1>group(App<F,T1#12>,App<F,T2#11>,App<F,T3#10>,App<F,T4#9>,App<F,T5#8>,App<F,T6#7>,App<F,T7#6>,App<F,T8#5>,App<F,T9#4>,App<F,T10#3>,App<F,T11#2>,App<F,T12#1>)
    T10#3 extends Object declared in method <T1#12,T2#11,T3#10,T4#9,T5#8,T6#7,T7#6,T8#5,T9#4,T10#3,T11#2,T12#1>group(App<F,T1#12>,App<F,T2#11>,App<F,T3#10>,App<F,T4#9>,App<F,T5#8>,App<F,T6#7>,App<F,T7#6>,App<F,T8#5>,App<F,T9#4>,App<F,T10#3>,App<F,T11#2>,App<F,T12#1>)
    T11#2 extends Object declared in method <T1#12,T2#11,T3#10,T4#9,T5#8,T6#7,T7#6,T8#5,T9#4,T10#3,T11#2,T12#1>group(App<F,T1#12>,App<F,T2#11>,App<F,T3#10>,App<F,T4#9>,App<F,T5#8>,App<F,T6#7>,App<F,T7#6>,App<F,T8#5>,App<F,T9#4>,App<F,T10#3>,App<F,T11#2>,App<F,T12#1>)
    T12#1 extends Object declared in method <T1#12,T2#11,T3#10,T4#9,T5#8,T6#7,T7#6,T8#5,T9#4,T10#3,T11#2,T12#1>group(App<F,T1#12>,App<F,T2#11>,App<F,T3#10>,App<F,T4#9>,App<F,T5#8>,App<F,T6#7>,App<F,T7#6>,App<F,T8#5>,App<F,T9#4>,App<F,T10#3>,App<F,T11#2>,App<F,T12#1>)
    T1#13 extends Object declared in method <T1#13,T2#12,T3#11,T4#10,T5#9,T6#8,T7#7,T8#6,T9#5,T10#4,T11#3,T12#2,T13#1>group(App<F,T1#13>,App<F,T2#12>,App<F,T3#11>,App<F,T4#10>,App<F,T5#9>,App<F,T6#8>,App<F,T7#7>,App<F,T8#6>,App<F,T9#5>,App<F,T10#4>,App<F,T11#3>,App<F,T12#2>,App<F,T13#1>)
    T2#12 extends Object declared in method <T1#13,T2#12,T3#11,T4#10,T5#9,T6#8,T7#7,T8#6,T9#5,T10#4,T11#3,T12#2,T13#1>group(App<F,T1#13>,App<F,T2#12>,App<F,T3#11>,App<F,T4#10>,App<F,T5#9>,App<F,T6#8>,App<F,T7#7>,App<F,T8#6>,App<F,T9#5>,App<F,T10#4>,App<F,T11#3>,App<F,T12#2>,App<F,T13#1>)
    T3#11 extends Object declared in method <T1#13,T2#12,T3#11,T4#10,T5#9,T6#8,T7#7,T8#6,T9#5,T10#4,T11#3,T12#2,T13#1>group(App<F,T1#13>,App<F,T2#12>,App<F,T3#11>,App<F,T4#10>,App<F,T5#9>,App<F,T6#8>,App<F,T7#7>,App<F,T8#6>,App<F,T9#5>,App<F,T10#4>,App<F,T11#3>,App<F,T12#2>,App<F,T13#1>)
    T4#10 extends Object declared in method <T1#13,T2#12,T3#11,T4#10,T5#9,T6#8,T7#7,T8#6,T9#5,T10#4,T11#3,T12#2,T13#1>group(App<F,T1#13>,App<F,T2#12>,App<F,T3#11>,App<F,T4#10>,App<F,T5#9>,App<F,T6#8>,App<F,T7#7>,App<F,T8#6>,App<F,T9#5>,App<F,T10#4>,App<F,T11#3>,App<F,T12#2>,App<F,T13#1>)
    T5#9 extends Object declared in method <T1#13,T2#12,T3#11,T4#10,T5#9,T6#8,T7#7,T8#6,T9#5,T10#4,T11#3,T12#2,T13#1>group(App<F,T1#13>,App<F,T2#12>,App<F,T3#11>,App<F,T4#10>,App<F,T5#9>,App<F,T6#8>,App<F,T7#7>,App<F,T8#6>,App<F,T9#5>,App<F,T10#4>,App<F,T11#3>,App<F,T12#2>,App<F,T13#1>)
    T6#8 extends Object declared in method <T1#13,T2#12,T3#11,T4#10,T5#9,T6#8,T7#7,T8#6,T9#5,T10#4,T11#3,T12#2,T13#1>group(App<F,T1#13>,App<F,T2#12>,App<F,T3#11>,App<F,T4#10>,App<F,T5#9>,App<F,T6#8>,App<F,T7#7>,App<F,T8#6>,App<F,T9#5>,App<F,T10#4>,App<F,T11#3>,App<F,T12#2>,App<F,T13#1>)
    T7#7 extends Object declared in method <T1#13,T2#12,T3#11,T4#10,T5#9,T6#8,T7#7,T8#6,T9#5,T10#4,T11#3,T12#2,T13#1>group(App<F,T1#13>,App<F,T2#12>,App<F,T3#11>,App<F,T4#10>,App<F,T5#9>,App<F,T6#8>,App<F,T7#7>,App<F,T8#6>,App<F,T9#5>,App<F,T10#4>,App<F,T11#3>,App<F,T12#2>,App<F,T13#1>)
    T8#6 extends Object declared in method <T1#13,T2#12,T3#11,T4#10,T5#9,T6#8,T7#7,T8#6,T9#5,T10#4,T11#3,T12#2,T13#1>group(App<F,T1#13>,App<F,T2#12>,App<F,T3#11>,App<F,T4#10>,App<F,T5#9>,App<F,T6#8>,App<F,T7#7>,App<F,T8#6>,App<F,T9#5>,App<F,T10#4>,App<F,T11#3>,App<F,T12#2>,App<F,T13#1>)
    T9#5 extends Object declared in method <T1#13,T2#12,T3#11,T4#10,T5#9,T6#8,T7#7,T8#6,T9#5,T10#4,T11#3,T12#2,T13#1>group(App<F,T1#13>,App<F,T2#12>,App<F,T3#11>,App<F,T4#10>,App<F,T5#9>,App<F,T6#8>,App<F,T7#7>,App<F,T8#6>,App<F,T9#5>,App<F,T10#4>,App<F,T11#3>,App<F,T12#2>,App<F,T13#1>)
    T10#4 extends Object declared in method <T1#13,T2#12,T3#11,T4#10,T5#9,T6#8,T7#7,T8#6,T9#5,T10#4,T11#3,T12#2,T13#1>group(App<F,T1#13>,App<F,T2#12>,App<F,T3#11>,App<F,T4#10>,App<F,T5#9>,App<F,T6#8>,App<F,T7#7>,App<F,T8#6>,App<F,T9#5>,App<F,T10#4>,App<F,T11#3>,App<F,T12#2>,App<F,T13#1>)
    T11#3 extends Object declared in method <T1#13,T2#12,T3#11,T4#10,T5#9,T6#8,T7#7,T8#6,T9#5,T10#4,T11#3,T12#2,T13#1>group(App<F,T1#13>,App<F,T2#12>,App<F,T3#11>,App<F,T4#10>,App<F,T5#9>,App<F,T6#8>,App<F,T7#7>,App<F,T8#6>,App<F,T9#5>,App<F,T10#4>,App<F,T11#3>,App<F,T12#2>,App<F,T13#1>)
    T12#2 extends Object declared in method <T1#13,T2#12,T3#11,T4#10,T5#9,T6#8,T7#7,T8#6,T9#5,T10#4,T11#3,T12#2,T13#1>group(App<F,T1#13>,App<F,T2#12>,App<F,T3#11>,App<F,T4#10>,App<F,T5#9>,App<F,T6#8>,App<F,T7#7>,App<F,T8#6>,App<F,T9#5>,App<F,T10#4>,App<F,T11#3>,App<F,T12#2>,App<F,T13#1>)
    T13#1 extends Object declared in method <T1#13,T2#12,T3#11,T4#10,T5#9,T6#8,T7#7,T8#6,T9#5,T10#4,T11#3,T12#2,T13#1>group(App<F,T1#13>,App<F,T2#12>,App<F,T3#11>,App<F,T4#10>,App<F,T5#9>,App<F,T6#8>,App<F,T7#7>,App<F,T8#6>,App<F,T9#5>,App<F,T10#4>,App<F,T11#3>,App<F,T12#2>,App<F,T13#1>)
    T1#14 extends Object declared in method <T1#14,T2#13,T3#12,T4#11,T5#10,T6#9,T7#8,T8#7,T9#6,T10#5,T11#4,T12#3,T13#2,T14#1>group(App<F,T1#14>,App<F,T2#13>,App<F,T3#12>,App<F,T4#11>,App<F,T5#10>,App<F,T6#9>,App<F,T7#8>,App<F,T8#7>,App<F,T9#6>,App<F,T10#5>,App<F,T11#4>,App<F,T12#3>,App<F,T13#2>,App<F,T14#1>)
    T2#13 extends Object declared in method <T1#14,T2#13,T3#12,T4#11,T5#10,T6#9,T7#8,T8#7,T9#6,T10#5,T11#4,T12#3,T13#2,T14#1>group(App<F,T1#14>,App<F,T2#13>,App<F,T3#12>,App<F,T4#11>,App<F,T5#10>,App<F,T6#9>,App<F,T7#8>,App<F,T8#7>,App<F,T9#6>,App<F,T10#5>,App<F,T11#4>,App<F,T12#3>,App<F,T13#2>,App<F,T14#1>)
    T3#12 extends Object declared in method <T1#14,T2#13,T3#12,T4#11,T5#10,T6#9,T7#8,T8#7,T9#6,T10#5,T11#4,T12#3,T13#2,T14#1>group(App<F,T1#14>,App<F,T2#13>,App<F,T3#12>,App<F,T4#11>,App<F,T5#10>,App<F,T6#9>,App<F,T7#8>,App<F,T8#7>,App<F,T9#6>,App<F,T10#5>,App<F,T11#4>,App<F,T12#3>,App<F,T13#2>,App<F,T14#1>)
    T4#11 extends Object declared in method <T1#14,T2#13,T3#12,T4#11,T5#10,T6#9,T7#8,T8#7,T9#6,T10#5,T11#4,T12#3,T13#2,T14#1>group(App<F,T1#14>,App<F,T2#13>,App<F,T3#12>,App<F,T4#11>,App<F,T5#10>,App<F,T6#9>,App<F,T7#8>,App<F,T8#7>,App<F,T9#6>,App<F,T10#5>,App<F,T11#4>,App<F,T12#3>,App<F,T13#2>,App<F,T14#1>)
    T5#10 extends Object declared in method <T1#14,T2#13,T3#12,T4#11,T5#10,T6#9,T7#8,T8#7,T9#6,T10#5,T11#4,T12#3,T13#2,T14#1>group(App<F,T1#14>,App<F,T2#13>,App<F,T3#12>,App<F,T4#11>,App<F,T5#10>,App<F,T6#9>,App<F,T7#8>,App<F,T8#7>,App<F,T9#6>,App<F,T10#5>,App<F,T11#4>,App<F,T12#3>,App<F,T13#2>,App<F,T14#1>)
    T6#9 extends Object declared in method <T1#14,T2#13,T3#12,T4#11,T5#10,T6#9,T7#8,T8#7,T9#6,T10#5,T11#4,T12#3,T13#2,T14#1>group(App<F,T1#14>,App<F,T2#13>,App<F,T3#12>,App<F,T4#11>,App<F,T5#10>,App<F,T6#9>,App<F,T7#8>,App<F,T8#7>,App<F,T9#6>,App<F,T10#5>,App<F,T11#4>,App<F,T12#3>,App<F,T13#2>,App<F,T14#1>)
    T7#8 extends Object declared in method <T1#14,T2#13,T3#12,T4#11,T5#10,T6#9,T7#8,T8#7,T9#6,T10#5,T11#4,T12#3,T13#2,T14#1>group(App<F,T1#14>,App<F,T2#13>,App<F,T3#12>,App<F,T4#11>,App<F,T5#10>,App<F,T6#9>,App<F,T7#8>,App<F,T8#7>,App<F,T9#6>,App<F,T10#5>,App<F,T11#4>,App<F,T12#3>,App<F,T13#2>,App<F,T14#1>)
    T8#7 extends Object declared in method <T1#14,T2#13,T3#12,T4#11,T5#10,T6#9,T7#8,T8#7,T9#6,T10#5,T11#4,T12#3,T13#2,T14#1>group(App<F,T1#14>,App<F,T2#13>,App<F,T3#12>,App<F,T4#11>,App<F,T5#10>,App<F,T6#9>,App<F,T7#8>,App<F,T8#7>,App<F,T9#6>,App<F,T10#5>,App<F,T11#4>,App<F,T12#3>,App<F,T13#2>,App<F,T14#1>)
    T9#6 extends Object declared in method <T1#14,T2#13,T3#12,T4#11,T5#10,T6#9,T7#8,T8#7,T9#6,T10#5,T11#4,T12#3,T13#2,T14#1>group(App<F,T1#14>,App<F,T2#13>,App<F,T3#12>,App<F,T4#11>,App<F,T5#10>,App<F,T6#9>,App<F,T7#8>,App<F,T8#7>,App<F,T9#6>,App<F,T10#5>,App<F,T11#4>,App<F,T12#3>,App<F,T13#2>,App<F,T14#1>)
    T10#5 extends Object declared in method <T1#14,T2#13,T3#12,T4#11,T5#10,T6#9,T7#8,T8#7,T9#6,T10#5,T11#4,T12#3,T13#2,T14#1>group(App<F,T1#14>,App<F,T2#13>,App<F,T3#12>,App<F,T4#11>,App<F,T5#10>,App<F,T6#9>,App<F,T7#8>,App<F,T8#7>,App<F,T9#6>,App<F,T10#5>,App<F,T11#4>,App<F,T12#3>,App<F,T13#2>,App<F,T14#1>)
    T11#4 extends Object declared in method <T1#14,T2#13,T3#12,T4#11,T5#10,T6#9,T7#8,T8#7,T9#6,T10#5,T11#4,T12#3,T13#2,T14#1>group(App<F,T1#14>,App<F,T2#13>,App<F,T3#12>,App<F,T4#11>,App<F,T5#10>,App<F,T6#9>,App<F,T7#8>,App<F,T8#7>,App<F,T9#6>,App<F,T10#5>,App<F,T11#4>,App<F,T12#3>,App<F,T13#2>,App<F,T14#1>)
    T12#3 extends Object declared in method <T1#14,T2#13,T3#12,T4#11,T5#10,T6#9,T7#8,T8#7,T9#6,T10#5,T11#4,T12#3,T13#2,T14#1>group(App<F,T1#14>,App<F,T2#13>,App<F,T3#12>,App<F,T4#11>,App<F,T5#10>,App<F,T6#9>,App<F,T7#8>,App<F,T8#7>,App<F,T9#6>,App<F,T10#5>,App<F,T11#4>,App<F,T12#3>,App<F,T13#2>,App<F,T14#1>)
    T13#2 extends Object declared in method <T1#14,T2#13,T3#12,T4#11,T5#10,T6#9,T7#8,T8#7,T9#6,T10#5,T11#4,T12#3,T13#2,T14#1>group(App<F,T1#14>,App<F,T2#13>,App<F,T3#12>,App<F,T4#11>,App<F,T5#10>,App<F,T6#9>,App<F,T7#8>,App<F,T8#7>,App<F,T9#6>,App<F,T10#5>,App<F,T11#4>,App<F,T12#3>,App<F,T13#2>,App<F,T14#1>)
    T14#1 extends Object declared in method <T1#14,T2#13,T3#12,T4#11,T5#10,T6#9,T7#8,T8#7,T9#6,T10#5,T11#4,T12#3,T13#2,T14#1>group(App<F,T1#14>,App<F,T2#13>,App<F,T3#12>,App<F,T4#11>,App<F,T5#10>,App<F,T6#9>,App<F,T7#8>,App<F,T8#7>,App<F,T9#6>,App<F,T10#5>,App<F,T11#4>,App<F,T12#3>,App<F,T13#2>,App<F,T14#1>)
    T1#15 extends Object declared in method <T1#15,T2#14,T3#13,T4#12,T5#11,T6#10,T7#9,T8#8,T9#7,T10#6,T11#5,T12#4,T13#3,T14#2,T15#1>group(App<F,T1#15>,App<F,T2#14>,App<F,T3#13>,App<F,T4#12>,App<F,T5#11>,App<F,T6#10>,App<F,T7#9>,App<F,T8#8>,App<F,T9#7>,App<F,T10#6>,App<F,T11#5>,App<F,T12#4>,App<F,T13#3>,App<F,T14#2>,App<F,T15#1>)
    T2#14 extends Object declared in method <T1#15,T2#14,T3#13,T4#12,T5#11,T6#10,T7#9,T8#8,T9#7,T10#6,T11#5,T12#4,T13#3,T14#2,T15#1>group(App<F,T1#15>,App<F,T2#14>,App<F,T3#13>,App<F,T4#12>,App<F,T5#11>,App<F,T6#10>,App<F,T7#9>,App<F,T8#8>,App<F,T9#7>,App<F,T10#6>,App<F,T11#5>,App<F,T12#4>,App<F,T13#3>,App<F,T14#2>,App<F,T15#1>)
    T3#13 extends Object declared in method <T1#15,T2#14,T3#13,T4#12,T5#11,T6#10,T7#9,T8#8,T9#7,T10#6,T11#5,T12#4,T13#3,T14#2,T15#1>group(App<F,T1#15>,App<F,T2#14>,App<F,T3#13>,App<F,T4#12>,App<F,T5#11>,App<F,T6#10>,App<F,T7#9>,App<F,T8#8>,App<F,T9#7>,App<F,T10#6>,App<F,T11#5>,App<F,T12#4>,App<F,T13#3>,App<F,T14#2>,App<F,T15#1>)
    T4#12 extends Object declared in method <T1#15,T2#14,T3#13,T4#12,T5#11,T6#10,T7#9,T8#8,T9#7,T10#6,T11#5,T12#4,T13#3,T14#2,T15#1>group(App<F,T1#15>,App<F,T2#14>,App<F,T3#13>,App<F,T4#12>,App<F,T5#11>,App<F,T6#10>,App<F,T7#9>,App<F,T8#8>,App<F,T9#7>,App<F,T10#6>,App<F,T11#5>,App<F,T12#4>,App<F,T13#3>,App<F,T14#2>,App<F,T15#1>)
    T5#11 extends Object declared in method <T1#15,T2#14,T3#13,T4#12,T5#11,T6#10,T7#9,T8#8,T9#7,T10#6,T11#5,T12#4,T13#3,T14#2,T15#1>group(App<F,T1#15>,App<F,T2#14>,App<F,T3#13>,App<F,T4#12>,App<F,T5#11>,App<F,T6#10>,App<F,T7#9>,App<F,T8#8>,App<F,T9#7>,App<F,T10#6>,App<F,T11#5>,App<F,T12#4>,App<F,T13#3>,App<F,T14#2>,App<F,T15#1>)
    T6#10 extends Object declared in method <T1#15,T2#14,T3#13,T4#12,T5#11,T6#10,T7#9,T8#8,T9#7,T10#6,T11#5,T12#4,T13#3,T14#2,T15#1>group(App<F,T1#15>,App<F,T2#14>,App<F,T3#13>,App<F,T4#12>,App<F,T5#11>,App<F,T6#10>,App<F,T7#9>,App<F,T8#8>,App<F,T9#7>,App<F,T10#6>,App<F,T11#5>,App<F,T12#4>,App<F,T13#3>,App<F,T14#2>,App<F,T15#1>)
    T7#9 extends Object declared in method <T1#15,T2#14,T3#13,T4#12,T5#11,T6#10,T7#9,T8#8,T9#7,T10#6,T11#5,T12#4,T13#3,T14#2,T15#1>group(App<F,T1#15>,App<F,T2#14>,App<F,T3#13>,App<F,T4#12>,App<F,T5#11>,App<F,T6#10>,App<F,T7#9>,App<F,T8#8>,App<F,T9#7>,App<F,T10#6>,App<F,T11#5>,App<F,T12#4>,App<F,T13#3>,App<F,T14#2>,App<F,T15#1>)
    T8#8 extends Object declared in method <T1#15,T2#14,T3#13,T4#12,T5#11,T6#10,T7#9,T8#8,T9#7,T10#6,T11#5,T12#4,T13#3,T14#2,T15#1>group(App<F,T1#15>,App<F,T2#14>,App<F,T3#13>,App<F,T4#12>,App<F,T5#11>,App<F,T6#10>,App<F,T7#9>,App<F,T8#8>,App<F,T9#7>,App<F,T10#6>,App<F,T11#5>,App<F,T12#4>,App<F,T13#3>,App<F,T14#2>,App<F,T15#1>)
    T9#7 extends Object declared in method <T1#15,T2#14,T3#13,T4#12,T5#11,T6#10,T7#9,T8#8,T9#7,T10#6,T11#5,T12#4,T13#3,T14#2,T15#1>group(App<F,T1#15>,App<F,T2#14>,App<F,T3#13>,App<F,T4#12>,App<F,T5#11>,App<F,T6#10>,App<F,T7#9>,App<F,T8#8>,App<F,T9#7>,App<F,T10#6>,App<F,T11#5>,App<F,T12#4>,App<F,T13#3>,App<F,T14#2>,App<F,T15#1>)
    T10#6 extends Object declared in method <T1#15,T2#14,T3#13,T4#12,T5#11,T6#10,T7#9,T8#8,T9#7,T10#6,T11#5,T12#4,T13#3,T14#2,T15#1>group(App<F,T1#15>,App<F,T2#14>,App<F,T3#13>,App<F,T4#12>,App<F,T5#11>,App<F,T6#10>,App<F,T7#9>,App<F,T8#8>,App<F,T9#7>,App<F,T10#6>,App<F,T11#5>,App<F,T12#4>,App<F,T13#3>,App<F,T14#2>,App<F,T15#1>)
    T11#5 extends Object declared in method <T1#15,T2#14,T3#13,T4#12,T5#11,T6#10,T7#9,T8#8,T9#7,T10#6,T11#5,T12#4,T13#3,T14#2,T15#1>group(App<F,T1#15>,App<F,T2#14>,App<F,T3#13>,App<F,T4#12>,App<F,T5#11>,App<F,T6#10>,App<F,T7#9>,App<F,T8#8>,App<F,T9#7>,App<F,T10#6>,App<F,T11#5>,App<F,T12#4>,App<F,T13#3>,App<F,T14#2>,App<F,T15#1>)
    T12#4 extends Object declared in method <T1#15,T2#14,T3#13,T4#12,T5#11,T6#10,T7#9,T8#8,T9#7,T10#6,T11#5,T12#4,T13#3,T14#2,T15#1>group(App<F,T1#15>,App<F,T2#14>,App<F,T3#13>,App<F,T4#12>,App<F,T5#11>,App<F,T6#10>,App<F,T7#9>,App<F,T8#8>,App<F,T9#7>,App<F,T10#6>,App<F,T11#5>,App<F,T12#4>,App<F,T13#3>,App<F,T14#2>,App<F,T15#1>)
    T13#3 extends Object declared in method <T1#15,T2#14,T3#13,T4#12,T5#11,T6#10,T7#9,T8#8,T9#7,T10#6,T11#5,T12#4,T13#3,T14#2,T15#1>group(App<F,T1#15>,App<F,T2#14>,App<F,T3#13>,App<F,T4#12>,App<F,T5#11>,App<F,T6#10>,App<F,T7#9>,App<F,T8#8>,App<F,T9#7>,App<F,T10#6>,App<F,T11#5>,App<F,T12#4>,App<F,T13#3>,App<F,T14#2>,App<F,T15#1>)
    T14#2 extends Object declared in method <T1#15,T2#14,T3#13,T4#12,T5#11,T6#10,T7#9,T8#8,T9#7,T10#6,T11#5,T12#4,T13#3,T14#2,T15#1>group(App<F,T1#15>,App<F,T2#14>,App<F,T3#13>,App<F,T4#12>,App<F,T5#11>,App<F,T6#10>,App<F,T7#9>,App<F,T8#8>,App<F,T9#7>,App<F,T10#6>,App<F,T11#5>,App<F,T12#4>,App<F,T13#3>,App<F,T14#2>,App<F,T15#1>)
    T15#1 extends Object declared in method <T1#15,T2#14,T3#13,T4#12,T5#11,T6#10,T7#9,T8#8,T9#7,T10#6,T11#5,T12#4,T13#3,T14#2,T15#1>group(App<F,T1#15>,App<F,T2#14>,App<F,T3#13>,App<F,T4#12>,App<F,T5#11>,App<F,T6#10>,App<F,T7#9>,App<F,T8#8>,App<F,T9#7>,App<F,T10#6>,App<F,T11#5>,App<F,T12#4>,App<F,T13#3>,App<F,T14#2>,App<F,T15#1>)
    T1#16 extends Object declared in method <T1#16,T2#15,T3#14,T4#13,T5#12,T6#11,T7#10,T8#9,T9#8,T10#7,T11#6,T12#5,T13#4,T14#3,T15#2,T16>group(App<F,T1#16>,App<F,T2#15>,App<F,T3#14>,App<F,T4#13>,App<F,T5#12>,App<F,T6#11>,App<F,T7#10>,App<F,T8#9>,App<F,T9#8>,App<F,T10#7>,App<F,T11#6>,App<F,T12#5>,App<F,T13#4>,App<F,T14#3>,App<F,T15#2>,App<F,T16>)
    T2#15 extends Object declared in method <T1#16,T2#15,T3#14,T4#13,T5#12,T6#11,T7#10,T8#9,T9#8,T10#7,T11#6,T12#5,T13#4,T14#3,T15#2,T16>group(App<F,T1#16>,App<F,T2#15>,App<F,T3#14>,App<F,T4#13>,App<F,T5#12>,App<F,T6#11>,App<F,T7#10>,App<F,T8#9>,App<F,T9#8>,App<F,T10#7>,App<F,T11#6>,App<F,T12#5>,App<F,T13#4>,App<F,T14#3>,App<F,T15#2>,App<F,T16>)
    T3#14 extends Object declared in method <T1#16,T2#15,T3#14,T4#13,T5#12,T6#11,T7#10,T8#9,T9#8,T10#7,T11#6,T12#5,T13#4,T14#3,T15#2,T16>group(App<F,T1#16>,App<F,T2#15>,App<F,T3#14>,App<F,T4#13>,App<F,T5#12>,App<F,T6#11>,App<F,T7#10>,App<F,T8#9>,App<F,T9#8>,App<F,T10#7>,App<F,T11#6>,App<F,T12#5>,App<F,T13#4>,App<F,T14#3>,App<F,T15#2>,App<F,T16>)
    T4#13 extends Object declared in method <T1#16,T2#15,T3#14,T4#13,T5#12,T6#11,T7#10,T8#9,T9#8,T10#7,T11#6,T12#5,T13#4,T14#3,T15#2,T16>group(App<F,T1#16>,App<F,T2#15>,App<F,T3#14>,App<F,T4#13>,App<F,T5#12>,App<F,T6#11>,App<F,T7#10>,App<F,T8#9>,App<F,T9#8>,App<F,T10#7>,App<F,T11#6>,App<F,T12#5>,App<F,T13#4>,App<F,T14#3>,App<F,T15#2>,App<F,T16>)
    T5#12 extends Object declared in method <T1#16,T2#15,T3#14,T4#13,T5#12,T6#11,T7#10,T8#9,T9#8,T10#7,T11#6,T12#5,T13#4,T14#3,T15#2,T16>group(App<F,T1#16>,App<F,T2#15>,App<F,T3#14>,App<F,T4#13>,App<F,T5#12>,App<F,T6#11>,App<F,T7#10>,App<F,T8#9>,App<F,T9#8>,App<F,T10#7>,App<F,T11#6>,App<F,T12#5>,App<F,T13#4>,App<F,T14#3>,App<F,T15#2>,App<F,T16>)
    T6#11 extends Object declared in method <T1#16,T2#15,T3#14,T4#13,T5#12,T6#11,T7#10,T8#9,T9#8,T10#7,T11#6,T12#5,T13#4,T14#3,T15#2,T16>group(App<F,T1#16>,App<F,T2#15>,App<F,T3#14>,App<F,T4#13>,App<F,T5#12>,App<F,T6#11>,App<F,T7#10>,App<F,T8#9>,App<F,T9#8>,App<F,T10#7>,App<F,T11#6>,App<F,T12#5>,App<F,T13#4>,App<F,T14#3>,App<F,T15#2>,App<F,T16>)
    T7#10 extends Object declared in method <T1#16,T2#15,T3#14,T4#13,T5#12,T6#11,T7#10,T8#9,T9#8,T10#7,T11#6,T12#5,T13#4,T14#3,T15#2,T16>group(App<F,T1#16>,App<F,T2#15>,App<F,T3#14>,App<F,T4#13>,App<F,T5#12>,App<F,T6#11>,App<F,T7#10>,App<F,T8#9>,App<F,T9#8>,App<F,T10#7>,App<F,T11#6>,App<F,T12#5>,App<F,T13#4>,App<F,T14#3>,App<F,T15#2>,App<F,T16>)
    T8#9 extends Object declared in method <T1#16,T2#15,T3#14,T4#13,T5#12,T6#11,T7#10,T8#9,T9#8,T10#7,T11#6,T12#5,T13#4,T14#3,T15#2,T16>group(App<F,T1#16>,App<F,T2#15>,App<F,T3#14>,App<F,T4#13>,App<F,T5#12>,App<F,T6#11>,App<F,T7#10>,App<F,T8#9>,App<F,T9#8>,App<F,T10#7>,App<F,T11#6>,App<F,T12#5>,App<F,T13#4>,App<F,T14#3>,App<F,T15#2>,App<F,T16>)
    T9#8 extends Object declared in method <T1#16,T2#15,T3#14,T4#13,T5#12,T6#11,T7#10,T8#9,T9#8,T10#7,T11#6,T12#5,T13#4,T14#3,T15#2,T16>group(App<F,T1#16>,App<F,T2#15>,App<F,T3#14>,App<F,T4#13>,App<F,T5#12>,App<F,T6#11>,App<F,T7#10>,App<F,T8#9>,App<F,T9#8>,App<F,T10#7>,App<F,T11#6>,App<F,T12#5>,App<F,T13#4>,App<F,T14#3>,App<F,T15#2>,App<F,T16>)
    T10#7 extends Object declared in method <T1#16,T2#15,T3#14,T4#13,T5#12,T6#11,T7#10,T8#9,T9#8,T10#7,T11#6,T12#5,T13#4,T14#3,T15#2,T16>group(App<F,T1#16>,App<F,T2#15>,App<F,T3#14>,App<F,T4#13>,App<F,T5#12>,App<F,T6#11>,App<F,T7#10>,App<F,T8#9>,App<F,T9#8>,App<F,T10#7>,App<F,T11#6>,App<F,T12#5>,App<F,T13#4>,App<F,T14#3>,App<F,T15#2>,App<F,T16>)
    T11#6 extends Object declared in method <T1#16,T2#15,T3#14,T4#13,T5#12,T6#11,T7#10,T8#9,T9#8,T10#7,T11#6,T12#5,T13#4,T14#3,T15#2,T16>group(App<F,T1#16>,App<F,T2#15>,App<F,T3#14>,App<F,T4#13>,App<F,T5#12>,App<F,T6#11>,App<F,T7#10>,App<F,T8#9>,App<F,T9#8>,App<F,T10#7>,App<F,T11#6>,App<F,T12#5>,App<F,T13#4>,App<F,T14#3>,App<F,T15#2>,App<F,T16>)
    T12#5 extends Object declared in method <T1#16,T2#15,T3#14,T4#13,T5#12,T6#11,T7#10,T8#9,T9#8,T10#7,T11#6,T12#5,T13#4,T14#3,T15#2,T16>group(App<F,T1#16>,App<F,T2#15>,App<F,T3#14>,App<F,T4#13>,App<F,T5#12>,App<F,T6#11>,App<F,T7#10>,App<F,T8#9>,App<F,T9#8>,App<F,T10#7>,App<F,T11#6>,App<F,T12#5>,App<F,T13#4>,App<F,T14#3>,App<F,T15#2>,App<F,T16>)
    T13#4 extends Object declared in method <T1#16,T2#15,T3#14,T4#13,T5#12,T6#11,T7#10,T8#9,T9#8,T10#7,T11#6,T12#5,T13#4,T14#3,T15#2,T16>group(App<F,T1#16>,App<F,T2#15>,App<F,T3#14>,App<F,T4#13>,App<F,T5#12>,App<F,T6#11>,App<F,T7#10>,App<F,T8#9>,App<F,T9#8>,App<F,T10#7>,App<F,T11#6>,App<F,T12#5>,App<F,T13#4>,App<F,T14#3>,App<F,T15#2>,App<F,T16>)
    T14#3 extends Object declared in method <T1#16,T2#15,T3#14,T4#13,T5#12,T6#11,T7#10,T8#9,T9#8,T10#7,T11#6,T12#5,T13#4,T14#3,T15#2,T16>group(App<F,T1#16>,App<F,T2#15>,App<F,T3#14>,App<F,T4#13>,App<F,T5#12>,App<F,T6#11>,App<F,T7#10>,App<F,T8#9>,App<F,T9#8>,App<F,T10#7>,App<F,T11#6>,App<F,T12#5>,App<F,T13#4>,App<F,T14#3>,App<F,T15#2>,App<F,T16>)
    T15#2 extends Object declared in method <T1#16,T2#15,T3#14,T4#13,T5#12,T6#11,T7#10,T8#9,T9#8,T10#7,T11#6,T12#5,T13#4,T14#3,T15#2,T16>group(App<F,T1#16>,App<F,T2#15>,App<F,T3#14>,App<F,T4#13>,App<F,T5#12>,App<F,T6#11>,App<F,T7#10>,App<F,T8#9>,App<F,T9#8>,App<F,T10#7>,App<F,T11#6>,App<F,T12#5>,App<F,T13#4>,App<F,T14#3>,App<F,T15#2>,App<F,T16>)
    T16 extends Object declared in method <T1#16,T2#15,T3#14,T4#13,T5#12,T6#11,T7#10,T8#9,T9#8,T10#7,T11#6,T12#5,T13#4,T14#3,T15#2,T16>group(App<F,T1#16>,App<F,T2#15>,App<F,T3#14>,App<F,T4#13>,App<F,T5#12>,App<F,T6#11>,App<F,T7#10>,App<F,T8#9>,App<F,T9#8>,App<F,T10#7>,App<F,T11#6>,App<F,T12#5>,App<F,T13#4>,App<F,T14#3>,App<F,T15#2>,App<F,T16>)
/home/runner/work/mcJava/mcJava/android/app/src/main/java/net/minecraft/server/dialog/CommonDialogData.java:35: error: cannot find symbol
         data -> data.pause && !data.afterAction.willUnpause()
                     ^
  symbol:   variable pause
  location: variable data of type Object
/home/runner/work/mcJava/mcJava/android/app/src/main/java/net/minecraft/server/dialog/CommonDialogData.java:35: error: cannot find symbol
         data -> data.pause && !data.afterAction.willUnpause()
                                    ^
  symbol:   variable afterAction
  location: variable data of type Object
/home/runner/work/mcJava/mcJava/android/app/src/main/java/net/minecraft/server/dialog/CommonDialogData.java:34: error: incompatible types: MapCodec<Object> cannot be converted to MapCodec<CommonDialogData>
      .validate(
               ^
/home/runner/work/mcJava/mcJava/android/app/src/main/java/net/minecraft/world/entity/EntityReference.java:130: error: incompatible types: bad type in conditional expression
         : input.getString(key).map(oldName -> OldUsersConverter.convertMobOwnerIfNecessary(level.getServer(), oldName)).map(EntityReference::new).orElse(null);
                                                                                                                                                         ^
    EntityReference<UniquelyIdentifyable> cannot be converted to @org.jspecify.annotations.Nullable EntityReference<StoredEntityType>
  where StoredEntityType is a type-variable:
    StoredEntityType extends UniquelyIdentifyable declared in method <StoredEntityType>readWithOldOwnerConversion(ValueInput,String,Level)
/home/runner/work/mcJava/mcJava/android/app/src/main/java/net/minecraft/world/item/AdventureModePredicate.java:120: error: incompatible types: List<MutableComponent> cannot be converted to List<Component>
         .toList();
                ^
/home/runner/work/mcJava/mcJava/android/app/src/main/java/com/mojang/realmsclient/dto/RealmsText.java:31: warning: non-varargs call of varargs method with inexact argument type for last parameter;
         return this.args == null ? Component.translatable(this.translationKey) : Component.translatable(this.translationKey, this.args);
                                                                                                                                  ^
  cast to Object for a varargs call
  cast to Object[] for a non-varargs call and to suppress this warning
/home/runner/work/mcJava/mcJava/android/app/src/main/java/net/minecraft/data/loot/packs/VanillaBlockLoot.java:66: warning: non-varargs call of varargs method with inexact argument type for last parameter;
         new Block[]{
         ^
  cast to Object for a varargs call
  cast to Object[] for a non-varargs call and to suppress this warning
/home/runner/work/mcJava/mcJava/android/app/src/main/java/net/minecraft/data/worldgen/placement/NetherPlacements.java:146: warning: non-varargs call of varargs method with inexact argument type for last parameter;
            .add(new PlacementModifier[]{CountPlacement.of(10), InSquarePlacement.spread(), PlacementUtils.FULL_RANGE, BiomeFilter.biome()})
                 ^
  cast to Object for a varargs call
  cast to Object[] for a non-varargs call and to suppress this warning
/home/runner/work/mcJava/mcJava/android/app/src/main/java/net/minecraft/data/recipes/RecipeProvider.java:228: warning: [removal] parent(Identifier) in Builder has been deprecated and marked for removal
            return Advancement.Builder.recipeAdvancement().parent(RecipeBuilder.ROOT_RECIPE_ADVANCEMENT);
                                                          ^
/home/runner/work/mcJava/mcJava/android/app/src/main/java/net/minecraft/world/level/block/entity/TheEndGatewayBlockEntity.java:229: warning: [removal] getHighestSectionPosition() in ChunkAccess has been deprecated and marked for removal
      int maxY = chunk.getHighestSectionPosition() + 16 - 1;
                      ^
/home/runner/work/mcJava/mcJava/android/app/src/main/java/net/minecraft/world/level/levelgen/placement/NoiseBasedCountPlacement.java:26: warning: [removal] BIOME_INFO_NOISE in Biome has been deprecated and marked for removal
      double flowerNoise = Biome.BIOME_INFO_NOISE.get(origin.getX() / this.noiseFactor, origin.getZ() / this.noiseFactor);
                                ^
/home/runner/work/mcJava/mcJava/android/app/src/main/java/net/minecraft/world/level/levelgen/placement/NoiseThresholdCountPlacement.java:26: warning: [removal] BIOME_INFO_NOISE in Biome has been deprecated and marked for removal
      double flowerNoise = Biome.BIOME_INFO_NOISE.get(origin.getX() / 200.0, origin.getZ() / 200.0);
                                ^
Note: Some input files use or override a deprecated API.
Note: Recompile with -Xlint:deprecation for details.
Note: Some input files use unchecked or unsafe operations.
Note: Recompile with -Xlint:unchecked for details.
Note: Some messages have been simplified; recompile with -Xdiags:verbose to get full output
100 errors
9 warnings

> Task :app:compileDebugJavaWithJavac FAILED

[Incubating] Problems report is available at: file:///home/runner/work/mcJava/mcJava/android/build/reports/problems/problems-report.html

FAILURE: Build failed with an exception.

* What went wrong:
Execution failed for task ':app:compileDebugJavaWithJavac'.
> Compilation failed; see the compiler output below.
  /home/runner/work/mcJava/mcJava/android/app/src/main/java/com/mojang/realmsclient/dto/RealmsText.java:31: warning: non-varargs call of varargs method with inexact argument type for last parameter;
           return this.args == null ? Component.translatable(this.translationKey) : Component.translatable(this.translationKey, this.args);
                                                                                                                                    ^
    cast to Object for a varargs call
    cast to Object[] for a non-varargs call and to suppress this warning
  /home/runner/work/mcJava/mcJava/android/app/src/main/java/net/minecraft/data/loot/packs/VanillaBlockLoot.java:66: warning: non-varargs call of varargs method with inexact argument type for last parameter;
           new Block[]{
           ^
    cast to Object for a varargs call
    cast to Object[] for a non-varargs call and to suppress this warning
  /home/runner/work/mcJava/mcJava/android/app/src/main/java/net/minecraft/data/worldgen/placement/NetherPlacements.java:146: warning: non-varargs call of varargs method with inexact argument type for last parameter;
              .add(new PlacementModifier[]{CountPlacement.of(10), InSquarePlacement.spread(), PlacementUtils.FULL_RANGE, BiomeFilter.biome()})
                   ^
    cast to Object for a varargs call
    cast to Object[] for a non-varargs call and to suppress this warning
  /home/runner/work/mcJava/mcJava/android/app/src/main/java/net/minecraft/world/timeline/Timeline.java:49: error: method encode in interface MapEncoder<A> cannot be applied to given types;
           com.mojang.serialization.DataResult<T> clockResult = clockCodec.encode(input.clock(), ops, prefix);
                                                                          ^
    required: Holder<WorldClock>,DynamicOps<T#1>,RecordBuilder<T#1>
    found:    Holder<WorldClock>,DynamicOps<T#2>,T#2
    reason: cannot infer type-variable(s) T#1
      (argument mismatch; T#2 cannot be converted to RecordBuilder<T#1>)
    where T#1,A,T#2 are type-variables:
      T#1 extends Object declared in method <T#1>encode(A,DynamicOps<T#1>,RecordBuilder<T#1>)
      A extends Object declared in interface MapEncoder
      T#2 extends Object declared in method <T#2>encode(Timeline,DynamicOps<T#2>,T#2)
  /home/runner/work/mcJava/mcJava/android/app/src/main/java/net/minecraft/world/timeline/Timeline.java:50: error: method encode in interface MapEncoder<A> cannot be applied to given types;
           com.mojang.serialization.DataResult<T> periodResult = periodTicksCodec.encode(input.periodTicks(), ops, prefix);
                                                                                 ^
    required: Optional<Integer>,DynamicOps<T#1>,RecordBuilder<T#1>
    found:    Optional<Integer>,DynamicOps<T#2>,T#2
    reason: cannot infer type-variable(s) T#1
      (argument mismatch; T#2 cannot be converted to RecordBuilder<T#1>)
    where T#1,A,T#2 are type-variables:
      T#1 extends Object declared in method <T#1>encode(A,DynamicOps<T#1>,RecordBuilder<T#1>)
      A extends Object declared in interface MapEncoder
      T#2 extends Object declared in method <T#2>encode(Timeline,DynamicOps<T#2>,T#2)
  /home/runner/work/mcJava/mcJava/android/app/src/main/java/net/minecraft/world/timeline/Timeline.java:51: error: method encode in interface MapEncoder<A> cannot be applied to given types;
           com.mojang.serialization.DataResult<T> tracksResult = tracksCodec.encode(input.tracks(), ops, prefix);
                                                                            ^
    required: Map<EnvironmentAttribute<?>,AttributeTrack<?,?>>,DynamicOps<T#1>,RecordBuilder<T#1>
    found:    Map<EnvironmentAttribute<?>,AttributeTrack<?,?>>,DynamicOps<T#2>,T#2
    reason: cannot infer type-variable(s) T#1
      (argument mismatch; T#2 cannot be converted to RecordBuilder<T#1>)
    where T#1,A,T#2 are type-variables:
      T#1 extends Object declared in method <T#1>encode(A,DynamicOps<T#1>,RecordBuilder<T#1>)
      A extends Object declared in interface MapEncoder
      T#2 extends Object declared in method <T#2>encode(Timeline,DynamicOps<T#2>,T#2)
  /home/runner/work/mcJava/mcJava/android/app/src/main/java/net/minecraft/world/timeline/Timeline.java:52: error: method encode in interface MapEncoder<A> cannot be applied to given types;
           com.mojang.serialization.DataResult<T> timeMarkersResult = timeMarkersCodec.encode(input.timeMarkers(), ops, prefix);
                                                                                      ^
    required: Map<ResourceKey<ClockTimeMarker>,TimeMarkerInfo>,DynamicOps<T#1>,RecordBuilder<T#1>
    found:    Map<ResourceKey<ClockTimeMarker>,TimeMarkerInfo>,DynamicOps<T#2>,T#2
    reason: cannot infer type-variable(s) T#1
      (argument mismatch; T#2 cannot be converted to RecordBuilder<T#1>)
    where T#1,A,T#2 are type-variables:
      T#1 extends Object declared in method <T#1>encode(A,DynamicOps<T#1>,RecordBuilder<T#1>)
      A extends Object declared in interface MapEncoder
      T#2 extends Object declared in method <T#2>encode(Timeline,DynamicOps<T#2>,T#2)
  /home/runner/work/mcJava/mcJava/android/app/src/main/java/net/minecraft/world/timeline/Timeline.java:59: error: method decode in interface MapDecoder<A> cannot be applied to given types;
           com.mojang.serialization.DataResult<com.mojang.datafixers.util.Pair<Holder<WorldClock>, T>> clockResult = clockCodec.decode(ops, input);
                                                                                                                               ^
    required: DynamicOps<T#1>,MapLike<T#1>
    found:    DynamicOps<T#2>,T#2
    reason: cannot infer type-variable(s) T#1
      (argument mismatch; T#2 cannot be converted to MapLike<T#1>)
    where T#1,A,T#2 are type-variables:
      T#1 extends Object declared in method <T#1>decode(DynamicOps<T#1>,MapLike<T#1>)
      A extends Object declared in interface MapDecoder
      T#2 extends Object declared in method <T#2>decode(DynamicOps<T#2>,T#2)
  /home/runner/work/mcJava/mcJava/android/app/src/main/java/net/minecraft/world/timeline/Timeline.java:61: error: method decode in interface MapDecoder<A> cannot be applied to given types;
              com.mojang.serialization.DataResult<com.mojang.datafixers.util.Pair<Optional<Integer>, T>> periodResult = periodTicksCodec.decode(ops, clockPair.getSecond());
                                                                                                                                        ^
    required: DynamicOps<T#1>,MapLike<T#1>
    found:    DynamicOps<T#2>,T#2
    reason: cannot infer type-variable(s) T#1
      (argument mismatch; T#2 cannot be converted to MapLike<T#1>)
    where T#1,A,T#2 are type-variables:
      T#1 extends Object declared in method <T#1>decode(DynamicOps<T#1>,MapLike<T#1>)
      A extends Object declared in interface MapDecoder
      T#2 extends Object declared in method <T#2>decode(DynamicOps<T#2>,T#2)
  /home/runner/work/mcJava/mcJava/android/app/src/main/java/net/minecraft/world/timeline/Timeline.java:63: error: method decode in interface MapDecoder<A> cannot be applied to given types;
                 com.mojang.serialization.DataResult<com.mojang.datafixers.util.Pair<Map<EnvironmentAttribute<?>, AttributeTrack<?, ?>>, T>> tracksResult = tracksCodec.decode(ops, periodPair.getSecond());
                                                                                                                                                                       ^
    required: DynamicOps<T#1>,MapLike<T#1>
    found:    DynamicOps<T#2>,T#2
    reason: cannot infer type-variable(s) T#1
      (argument mismatch; T#2 cannot be converted to MapLike<T#1>)
    where T#1,A,T#2 are type-variables:
      T#1 extends Object declared in method <T#1>decode(DynamicOps<T#1>,MapLike<T#1>)
      A extends Object declared in interface MapDecoder
      T#2 extends Object declared in method <T#2>decode(DynamicOps<T#2>,T#2)
  /home/runner/work/mcJava/mcJava/android/app/src/main/java/net/minecraft/world/timeline/Timeline.java:65: error: method decode in interface MapDecoder<A> cannot be applied to given types;
                    com.mojang.serialization.DataResult<com.mojang.datafixers.util.Pair<Map<ResourceKey<ClockTimeMarker>, Timeline.TimeMarkerInfo>, T>> timeMarkersResult = timeMarkersCodec.decode(ops, tracksPair.getSecond());
                                                                                                                                                                                            ^
    required: DynamicOps<T#1>,MapLike<T#1>
    found:    DynamicOps<T#2>,T#2
    reason: cannot infer type-variable(s) T#1
      (argument mismatch; T#2 cannot be converted to MapLike<T#1>)
    where T#1,A,T#2 are type-variables:
      T#1 extends Object declared in method <T#1>decode(DynamicOps<T#1>,MapLike<T#1>)
      A extends Object declared in interface MapDecoder
      T#2 extends Object declared in method <T#2>decode(DynamicOps<T#2>,T#2)
  /home/runner/work/mcJava/mcJava/android/app/src/main/java/net/minecraft/world/level/levelgen/structure/placement/RandomSpreadStructurePlacement.java:16: error: method placementCodec in class AbstractSpreadingStructurePlacement cannot be applied to given types;
           i -> placementCodec(i)
                ^
    required: Instance<S>
    found:    Instance<Object>
    reason: inference variable S has incompatible bounds
      equality constraints: Object
      upper bounds: AbstractSpreadingStructurePlacement
    where S is a type-variable:
      S extends AbstractSpreadingStructurePlacement declared in method <S>placementCodec(Instance<S>)
  /home/runner/work/mcJava/mcJava/android/app/src/main/java/net/minecraft/advancements/Advancement.java:39: error: no suitable method found for group(RecordCodecBuilder<Advancement,Optional<Identifier>>,RecordCodecBuilder<Advancement,Optional<DisplayInfo>>,RecordCodecBuilder<Advancement,AdvancementRewards>,RecordCodecBuilder<Advancement,Map<String,Criterion<?>>>,RecordCodecBuilder<Advancement,Optional<AdvancementRequirements>>,RecordCodecBuilder<Advancement,Boolean>)
           i -> i.group(
                 ^
      method Kind1.<T1#1>group(App<Mu<Object>,T1#1>) is not applicable
        (cannot infer type-variable(s) T1#1
          (actual and formal argument lists differ in length))
      method Kind1.<T1#2,T2#1>group(App<Mu<Object>,T1#2>,App<Mu<Object>,T2#1>) is not applicable
        (cannot infer type-variable(s) T1#2,T2#1
          (actual and formal argument lists differ in length))
      method Kind1.<T1#3,T2#2,T3#1>group(App<Mu<Object>,T1#3>,App<Mu<Object>,T2#2>,App<Mu<Object>,T3#1>) is not applicable
        (cannot infer type-variable(s) T1#3,T2#2,T3#1
          (actual and formal argument lists differ in length))
      method Kind1.<T1#4,T2#3,T3#2,T4#1>group(App<Mu<Object>,T1#4>,App<Mu<Object>,T2#3>,App<Mu<Object>,T3#2>,App<Mu<Object>,T4#1>) is not applicable
        (cannot infer type-variable(s) T1#4,T2#3,T3#2,T4#1
          (actual and formal argument lists differ in length))
      method Kind1.<T1#5,T2#4,T3#3,T4#2,T5#1>group(App<Mu<Object>,T1#5>,App<Mu<Object>,T2#4>,App<Mu<Object>,T3#3>,App<Mu<Object>,T4#2>,App<Mu<Object>,T5#1>) is not applicable
        (cannot infer type-variable(s) T1#5,T2#4,T3#3,T4#2,T5#1
          (actual and formal argument lists differ in length))
      method Kind1.<T1#6,T2#5,T3#4,T4#3,T5#2,T6#1>group(App<Mu<Object>,T1#6>,App<Mu<Object>,T2#5>,App<Mu<Object>,T3#4>,App<Mu<Object>,T4#3>,App<Mu<Object>,T5#2>,App<Mu<Object>,T6#1>) is not applicable
        (inference variable O has incompatible equality constraints Advancement,Object)
      method Kind1.<T1#7,T2#6,T3#5,T4#4,T5#3,T6#2,T7#1>group(App<Mu<Object>,T1#7>,App<Mu<Object>,T2#6>,App<Mu<Object>,T3#5>,App<Mu<Object>,T4#4>,App<Mu<Object>,T5#3>,App<Mu<Object>,T6#2>,App<Mu<Object>,T7#1>) is not applicable
        (cannot infer type-variable(s) T1#7,T2#6,T3#5,T4#4,T5#3,T6#2,T7#1
          (actual and formal argument lists differ in length))
      method Kind1.<T1#8,T2#7,T3#6,T4#5,T5#4,T6#3,T7#2,T8#1>group(App<Mu<Object>,T1#8>,App<Mu<Object>,T2#7>,App<Mu<Object>,T3#6>,App<Mu<Object>,T4#5>,App<Mu<Object>,T5#4>,App<Mu<Object>,T6#3>,App<Mu<Object>,T7#2>,App<Mu<Object>,T8#1>) is not applicable
        (cannot infer type-variable(s) T1#8,T2#7,T3#6,T4#5,T5#4,T6#3,T7#2,T8#1
          (actual and formal argument lists differ in length))
      method Kind1.<T1#9,T2#8,T3#7,T4#6,T5#5,T6#4,T7#3,T8#2,T9#1>group(App<Mu<Object>,T1#9>,App<Mu<Object>,T2#8>,App<Mu<Object>,T3#7>,App<Mu<Object>,T4#6>,App<Mu<Object>,T5#5>,App<Mu<Object>,T6#4>,App<Mu<Object>,T7#3>,App<Mu<Object>,T8#2>,App<Mu<Object>,T9#1>) is not applicable
        (cannot infer type-variable(s) T1#9,T2#8,T3#7,T4#6,T5#5,T6#4,T7#3,T8#2,T9#1
          (actual and formal argument lists differ in length))
      method Kind1.<T1#10,T2#9,T3#8,T4#7,T5#6,T6#5,T7#4,T8#3,T9#2,T10#1>group(App<Mu<Object>,T1#10>,App<Mu<Object>,T2#9>,App<Mu<Object>,T3#8>,App<Mu<Object>,T4#7>,App<Mu<Object>,T5#6>,App<Mu<Object>,T6#5>,App<Mu<Object>,T7#4>,App<Mu<Object>,T8#3>,App<Mu<Object>,T9#2>,App<Mu<Object>,T10#1>) is not applicable
        (cannot infer type-variable(s) T1#10,T2#9,T3#8,T4#7,T5#6,T6#5,T7#4,T8#3,T9#2,T10#1
          (actual and formal argument lists differ in length))
      method Kind1.<T1#11,T2#10,T3#9,T4#8,T5#7,T6#6,T7#5,T8#4,T9#3,T10#2,T11#1>group(App<Mu<Object>,T1#11>,App<Mu<Object>,T2#10>,App<Mu<Object>,T3#9>,App<Mu<Object>,T4#8>,App<Mu<Object>,T5#7>,App<Mu<Object>,T6#6>,App<Mu<Object>,T7#5>,App<Mu<Object>,T8#4>,App<Mu<Object>,T9#3>,App<Mu<Object>,T10#2>,App<Mu<Object>,T11#1>) is not applicable
        (cannot infer type-variable(s) T1#11,T2#10,T3#9,T4#8,T5#7,T6#6,T7#5,T8#4,T9#3,T10#2,T11#1
          (actual and formal argument lists differ in length))
      method Kind1.<T1#12,T2#11,T3#10,T4#9,T5#8,T6#7,T7#6,T8#5,T9#4,T10#3,T11#2,T12#1>group(App<Mu<Object>,T1#12>,App<Mu<Object>,T2#11>,App<Mu<Object>,T3#10>,App<Mu<Object>,T4#9>,App<Mu<Object>,T5#8>,App<Mu<Object>,T6#7>,App<Mu<Object>,T7#6>,App<Mu<Object>,T8#5>,App<Mu<Object>,T9#4>,App<Mu<Object>,T10#3>,App<Mu<Object>,T11#2>,App<Mu<Object>,T12#1>) is not applicable
        (cannot infer type-variable(s) T1#12,T2#11,T3#10,T4#9,T5#8,T6#7,T7#6,T8#5,T9#4,T10#3,T11#2,T12#1
          (actual and formal argument lists differ in length))
      method Kind1.<T1#13,T2#12,T3#11,T4#10,T5#9,T6#8,T7#7,T8#6,T9#5,T10#4,T11#3,T12#2,T13#1>group(App<Mu<Object>,T1#13>,App<Mu<Object>,T2#12>,App<Mu<Object>,T3#11>,App<Mu<Object>,T4#10>,App<Mu<Object>,T5#9>,App<Mu<Object>,T6#8>,App<Mu<Object>,T7#7>,App<Mu<Object>,T8#6>,App<Mu<Object>,T9#5>,App<Mu<Object>,T10#4>,App<Mu<Object>,T11#3>,App<Mu<Object>,T12#2>,App<Mu<Object>,T13#1>) is not applicable
        (cannot infer type-variable(s) T1#13,T2#12,T3#11,T4#10,T5#9,T6#8,T7#7,T8#6,T9#5,T10#4,T11#3,T12#2,T13#1
          (actual and formal argument lists differ in length))
      method Kind1.<T1#14,T2#13,T3#12,T4#11,T5#10,T6#9,T7#8,T8#7,T9#6,T10#5,T11#4,T12#3,T13#2,T14#1>group(App<Mu<Object>,T1#14>,App<Mu<Object>,T2#13>,App<Mu<Object>,T3#12>,App<Mu<Object>,T4#11>,App<Mu<Object>,T5#10>,App<Mu<Object>,T6#9>,App<Mu<Object>,T7#8>,App<Mu<Object>,T8#7>,App<Mu<Object>,T9#6>,App<Mu<Object>,T10#5>,App<Mu<Object>,T11#4>,App<Mu<Object>,T12#3>,App<Mu<Object>,T13#2>,App<Mu<Object>,T14#1>) is not applicable
        (cannot infer type-variable(s) T1#14,T2#13,T3#12,T4#11,T5#10,T6#9,T7#8,T8#7,T9#6,T10#5,T11#4,T12#3,T13#2,T14#1
          (actual and formal argument lists differ in length))
      method Kind1.<T1#15,T2#14,T3#13,T4#12,T5#11,T6#10,T7#9,T8#8,T9#7,T10#6,T11#5,T12#4,T13#3,T14#2,T15#1>group(App<Mu<Object>,T1#15>,App<Mu<Object>,T2#14>,App<Mu<Object>,T3#13>,App<Mu<Object>,T4#12>,App<Mu<Object>,T5#11>,App<Mu<Object>,T6#10>,App<Mu<Object>,T7#9>,App<Mu<Object>,T8#8>,App<Mu<Object>,T9#7>,App<Mu<Object>,T10#6>,App<Mu<Object>,T11#5>,App<Mu<Object>,T12#4>,App<Mu<Object>,T13#3>,App<Mu<Object>,T14#2>,App<Mu<Object>,T15#1>) is not applicable
        (cannot infer type-variable(s) T1#15,T2#14,T3#13,T4#12,T5#11,T6#10,T7#9,T8#8,T9#7,T10#6,T11#5,T12#4,T13#3,T14#2,T15#1
          (actual and formal argument lists differ in length))
      method Kind1.<T1#16,T2#15,T3#14,T4#13,T5#12,T6#11,T7#10,T8#9,T9#8,T10#7,T11#6,T12#5,T13#4,T14#3,T15#2,T16>group(App<Mu<Object>,T1#16>,App<Mu<Object>,T2#15>,App<Mu<Object>,T3#14>,App<Mu<Object>,T4#13>,App<Mu<Object>,T5#12>,App<Mu<Object>,T6#11>,App<Mu<Object>,T7#10>,App<Mu<Object>,T8#9>,App<Mu<Object>,T9#8>,App<Mu<Object>,T10#7>,App<Mu<Object>,T11#6>,App<Mu<Object>,T12#5>,App<Mu<Object>,T13#4>,App<Mu<Object>,T14#3>,App<Mu<Object>,T15#2>,App<Mu<Object>,T16>) is not applicable
        (cannot infer type-variable(s) T1#16,T2#15,T3#14,T4#13,T5#12,T6#11,T7#10,T8#9,T9#8,T10#7,T11#6,T12#5,T13#4,T14#3,T15#2,T16
          (actual and formal argument lists differ in length))
    where T1#1,F,T1#2,T2#1,T1#3,T2#2,T3#1,T1#4,T2#3,T3#2,T4#1,T1#5,T2#4,T3#3,T4#2,T5#1,T1#6,T2#5,T3#4,T4#3,T5#2,T6#1,O,A,T1#7,T2#6,T3#5,T4#4,T5#3,T6#2,T7#1,T1#8,T2#7,T3#6,T4#5,T5#4,T6#3,T7#2,T8#1,T1#9,T2#8,T3#7,T4#6,T5#5,T6#4,T7#3,T8#2,T9#1,T1#10,T2#9,T3#8,T4#7,T5#6,T6#5,T7#4,T8#3,T9#2,T10#1,T1#11,T2#10,T3#9,T4#8,T5#7,T6#6,T7#5,T8#4,T9#3,T10#2,T11#1,T1#12,T2#11,T3#10,T4#9,T5#8,T6#7,T7#6,T8#5,T9#4,T10#3,T11#2,T12#1,T1#13,T2#12,T3#11,T4#10,T5#9,T6#8,T7#7,T8#6,T9#5,T10#4,T11#3,T12#2,T13#1,T1#14,T2#13,T3#12,T4#11,T5#10,T6#9,T7#8,T8#7,T9#6,T10#5,T11#4,T12#3,T13#2,T14#1,T1#15,T2#14,T3#13,T4#12,T5#11,T6#10,T7#9,T8#8,T9#7,T10#6,T11#5,T12#4,T13#3,T14#2,T15#1,T1#16,T2#15,T3#14,T4#13,T5#12,T6#11,T7#10,T8#9,T9#8,T10#7,T11#6,T12#5,T13#4,T14#3,T15#2,T16 are type-variables:
      T1#1 extends Object declared in method <T1#1>group(App<F,T1#1>)
      F extends K1 declared in interface Kind1
      T1#2 extends Object declared in method <T1#2,T2#1>group(App<F,T1#2>,App<F,T2#1>)
      T2#1 extends Object declared in method <T1#2,T2#1>group(App<F,T1#2>,App<F,T2#1>)
      T1#3 extends Object declared in method <T1#3,T2#2,T3#1>group(App<F,T1#3>,App<F,T2#2>,App<F,T3#1>)
      T2#2 extends Object declared in method <T1#3,T2#2,T3#1>group(App<F,T1#3>,App<F,T2#2>,App<F,T3#1>)
      T3#1 extends Object declared in method <T1#3,T2#2,T3#1>group(App<F,T1#3>,App<F,T2#2>,App<F,T3#1>)
      T1#4 extends Object declared in method <T1#4,T2#3,T3#2,T4#1>group(App<F,T1#4>,App<F,T2#3>,App<F,T3#2>,App<F,T4#1>)
      T2#3 extends Object declared in method <T1#4,T2#3,T3#2,T4#1>group(App<F,T1#4>,App<F,T2#3>,App<F,T3#2>,App<F,T4#1>)
      T3#2 extends Object declared in method <T1#4,T2#3,T3#2,T4#1>group(App<F,T1#4>,App<F,T2#3>,App<F,T3#2>,App<F,T4#1>)
      T4#1 extends Object declared in method <T1#4,T2#3,T3#2,T4#1>group(App<F,T1#4>,App<F,T2#3>,App<F,T3#2>,App<F,T4#1>)
      T1#5 extends Object declared in method <T1#5,T2#4,T3#3,T4#2,T5#1>group(App<F,T1#5>,App<F,T2#4>,App<F,T3#3>,App<F,T4#2>,App<F,T5#1>)
      T2#4 extends Object declared in method <T1#5,T2#4,T3#3,T4#2,T5#1>group(App<F,T1#5>,App<F,T2#4>,App<F,T3#3>,App<F,T4#2>,App<F,T5#1>)
      T3#3 extends Object declared in method <T1#5,T2#4,T3#3,T4#2,T5#1>group(App<F,T1#5>,App<F,T2#4>,App<F,T3#3>,App<F,T4#2>,App<F,T5#1>)
      T4#2 extends Object declared in method <T1#5,T2#4,T3#3,T4#2,T5#1>group(App<F,T1#5>,App<F,T2#4>,App<F,T3#3>,App<F,T4#2>,App<F,T5#1>)
      T5#1 extends Object declared in method <T1#5,T2#4,T3#3,T4#2,T5#1>group(App<F,T1#5>,App<F,T2#4>,App<F,T3#3>,App<F,T4#2>,App<F,T5#1>)
      T1#6 extends Object declared in method <T1#6,T2#5,T3#4,T4#3,T5#2,T6#1>group(App<F,T1#6>,App<F,T2#5>,App<F,T3#4>,App<F,T4#3>,App<F,T5#2>,App<F,T6#1>)
      T2#5 extends Object declared in method <T1#6,T2#5,T3#4,T4#3,T5#2,T6#1>group(App<F,T1#6>,App<F,T2#5>,App<F,T3#4>,App<F,T4#3>,App<F,T5#2>,App<F,T6#1>)
      T3#4 extends Object declared in method <T1#6,T2#5,T3#4,T4#3,T5#2,T6#1>group(App<F,T1#6>,App<F,T2#5>,App<F,T3#4>,App<F,T4#3>,App<F,T5#2>,App<F,T6#1>)
      T4#3 extends Object declared in method <T1#6,T2#5,T3#4,T4#3,T5#2,T6#1>group(App<F,T1#6>,App<F,T2#5>,App<F,T3#4>,App<F,T4#3>,App<F,T5#2>,App<F,T6#1>)
      T5#2 extends Object declared in method <T1#6,T2#5,T3#4,T4#3,T5#2,T6#1>group(App<F,T1#6>,App<F,T2#5>,App<F,T3#4>,App<F,T4#3>,App<F,T5#2>,App<F,T6#1>)
      T6#1 extends Object declared in method <T1#6,T2#5,T3#4,T4#3,T5#2,T6#1>group(App<F,T1#6>,App<F,T2#5>,App<F,T3#4>,App<F,T4#3>,App<F,T5#2>,App<F,T6#1>)
      O extends Object declared in method <O>forGetter(Function<O,A>)
      A extends Object declared in class MapCodec
      T1#7 extends Object declared in method <T1#7,T2#6,T3#5,T4#4,T5#3,T6#2,T7#1>group(App<F,T1#7>,App<F,T2#6>,App<F,T3#5>,App<F,T4#4>,App<F,T5#3>,App<F,T6#2>,App<F,T7#1>)
      T2#6 extends Object declared in method <T1#7,T2#6,T3#5,T4#4,T5#3,T6#2,T7#1>group(App<F,T1#7>,App<F,T2#6>,App<F,T3#5>,App<F,T4#4>,App<F,T5#3>,App<F,T6#2>,App<F,T7#1>)
      T3#5 extends Object declared in method <T1#7,T2#6,T3#5,T4#4,T5#3,T6#2,T7#1>group(App<F,T1#7>,App<F,T2#6>,App<F,T3#5>,App<F,T4#4>,App<F,T5#3>,App<F,T6#2>,App<F,T7#1>)
      T4#4 extends Object declared in method <T1#7,T2#6,T3#5,T4#4,T5#3,T6#2,T7#1>group(App<F,T1#7>,App<F,T2#6>,App<F,T3#5>,App<F,T4#4>,App<F,T5#3>,App<F,T6#2>,App<F,T7#1>)
      T5#3 extends Object declared in method <T1#7,T2#6,T3#5,T4#4,T5#3,T6#2,T7#1>group(App<F,T1#7>,App<F,T2#6>,App<F,T3#5>,App<F,T4#4>,App<F,T5#3>,App<F,T6#2>,App<F,T7#1>)
      T6#2 extends Object declared in method <T1#7,T2#6,T3#5,T4#4,T5#3,T6#2,T7#1>group(App<F,T1#7>,App<F,T2#6>,App<F,T3#5>,App<F,T4#4>,App<F,T5#3>,App<F,T6#2>,App<F,T7#1>)
      T7#1 extends Object declared in method <T1#7,T2#6,T3#5,T4#4,T5#3,T6#2,T7#1>group(App<F,T1#7>,App<F,T2#6>,App<F,T3#5>,App<F,T4#4>,App<F,T5#3>,App<F,T6#2>,App<F,T7#1>)
      T1#8 extends Object declared in method <T1#8,T2#7,T3#6,T4#5,T5#4,T6#3,T7#2,T8#1>group(App<F,T1#8>,App<F,T2#7>,App<F,T3#6>,App<F,T4#5>,App<F,T5#4>,App<F,T6#3>,App<F,T7#2>,App<F,T8#1>)
      T2#7 extends Object declared in method <T1#8,T2#7,T3#6,T4#5,T5#4,T6#3,T7#2,T8#1>group(App<F,T1#8>,App<F,T2#7>,App<F,T3#6>,App<F,T4#5>,App<F,T5#4>,App<F,T6#3>,App<F,T7#2>,App<F,T8#1>)
      T3#6 extends Object declared in method <T1#8,T2#7,T3#6,T4#5,T5#4,T6#3,T7#2,T8#1>group(App<F,T1#8>,App<F,T2#7>,App<F,T3#6>,App<F,T4#5>,App<F,T5#4>,App<F,T6#3>,App<F,T7#2>,App<F,T8#1>)
      T4#5 extends Object declared in method <T1#8,T2#7,T3#6,T4#5,T5#4,T6#3,T7#2,T8#1>group(App<F,T1#8>,App<F,T2#7>,App<F,T3#6>,App<F,T4#5>,App<F,T5#4>,App<F,T6#3>,App<F,T7#2>,App<F,T8#1>)
      T5#4 extends Object declared in method <T1#8,T2#7,T3#6,T4#5,T5#4,T6#3,T7#2,T8#1>group(App<F,T1#8>,App<F,T2#7>,App<F,T3#6>,App<F,T4#5>,App<F,T5#4>,App<F,T6#3>,App<F,T7#2>,App<F,T8#1>)
      T6#3 extends Object declared in method <T1#8,T2#7,T3#6,T4#5,T5#4,T6#3,T7#2,T8#1>group(App<F,T1#8>,App<F,T2#7>,App<F,T3#6>,App<F,T4#5>,App<F,T5#4>,App<F,T6#3>,App<F,T7#2>,App<F,T8#1>)
      T7#2 extends Object declared in method <T1#8,T2#7,T3#6,T4#5,T5#4,T6#3,T7#2,T8#1>group(App<F,T1#8>,App<F,T2#7>,App<F,T3#6>,App<F,T4#5>,App<F,T5#4>,App<F,T6#3>,App<F,T7#2>,App<F,T8#1>)
      T8#1 extends Object declared in method <T1#8,T2#7,T3#6,T4#5,T5#4,T6#3,T7#2,T8#1>group(App<F,T1#8>,App<F,T2#7>,App<F,T3#6>,App<F,T4#5>,App<F,T5#4>,App<F,T6#3>,App<F,T7#2>,App<F,T8#1>)
      T1#9 extends Object declared in method <T1#9,T2#8,T3#7,T4#6,T5#5,T6#4,T7#3,T8#2,T9#1>group(App<F,T1#9>,App<F,T2#8>,App<F,T3#7>,App<F,T4#6>,App<F,T5#5>,App<F,T6#4>,App<F,T7#3>,App<F,T8#2>,App<F,T9#1>)
      T2#8 extends Object declared in method <T1#9,T2#8,T3#7,T4#6,T5#5,T6#4,T7#3,T8#2,T9#1>group(App<F,T1#9>,App<F,T2#8>,App<F,T3#7>,App<F,T4#6>,App<F,T5#5>,App<F,T6#4>,App<F,T7#3>,App<F,T8#2>,App<F,T9#1>)
      T3#7 extends Object declared in method <T1#9,T2#8,T3#7,T4#6,T5#5,T6#4,T7#3,T8#2,T9#1>group(App<F,T1#9>,App<F,T2#8>,App<F,T3#7>,App<F,T4#6>,App<F,T5#5>,App<F,T6#4>,App<F,T7#3>,App<F,T8#2>,App<F,T9#1>)
      T4#6 extends Object declared in method <T1#9,T2#8,T3#7,T4#6,T5#5,T6#4,T7#3,T8#2,T9#1>group(App<F,T1#9>,App<F,T2#8>,App<F,T3#7>,App<F,T4#6>,App<F,T5#5>,App<F,T6#4>,App<F,T7#3>,App<F,T8#2>,App<F,T9#1>)
      T5#5 extends Object declared in method <T1#9,T2#8,T3#7,T4#6,T5#5,T6#4,T7#3,T8#2,T9#1>group(App<F,T1#9>,App<F,T2#8>,App<F,T3#7>,App<F,T4#6>,App<F,T5#5>,App<F,T6#4>,App<F,T7#3>,App<F,T8#2>,App<F,T9#1>)
      T6#4 extends Object declared in method <T1#9,T2#8,T3#7,T4#6,T5#5,T6#4,T7#3,T8#2,T9#1>group(App<F,T1#9>,App<F,T2#8>,App<F,T3#7>,App<F,T4#6>,App<F,T5#5>,App<F,T6#4>,App<F,T7#3>,App<F,T8#2>,App<F,T9#1>)
      T7#3 extends Object declared in method <T1#9,T2#8,T3#7,T4#6,T5#5,T6#4,T7#3,T8#2,T9#1>group(App<F,T1#9>,App<F,T2#8>,App<F,T3#7>,App<F,T4#6>,App<F,T5#5>,App<F,T6#4>,App<F,T7#3>,App<F,T8#2>,App<F,T9#1>)
      T8#2 extends Object declared in method <T1#9,T2#8,T3#7,T4#6,T5#5,T6#4,T7#3,T8#2,T9#1>group(App<F,T1#9>,App<F,T2#8>,App<F,T3#7>,App<F,T4#6>,App<F,T5#5>,App<F,T6#4>,App<F,T7#3>,App<F,T8#2>,App<F,T9#1>)
      T9#1 extends Object declared in method <T1#9,T2#8,T3#7,T4#6,T5#5,T6#4,T7#3,T8#2,T9#1>group(App<F,T1#9>,App<F,T2#8>,App<F,T3#7>,App<F,T4#6>,App<F,T5#5>,App<F,T6#4>,App<F,T7#3>,App<F,T8#2>,App<F,T9#1>)
      T1#10 extends Object declared in method <T1#10,T2#9,T3#8,T4#7,T5#6,T6#5,T7#4,T8#3,T9#2,T10#1>group(App<F,T1#10>,App<F,T2#9>,App<F,T3#8>,App<F,T4#7>,App<F,T5#6>,App<F,T6#5>,App<F,T7#4>,App<F,T8#3>,App<F,T9#2>,App<F,T10#1>)
      T2#9 extends Object declared in method <T1#10,T2#9,T3#8,T4#7,T5#6,T6#5,T7#4,T8#3,T9#2,T10#1>group(App<F,T1#10>,App<F,T2#9>,App<F,T3#8>,App<F,T4#7>,App<F,T5#6>,App<F,T6#5>,App<F,T7#4>,App<F,T8#3>,App<F,T9#2>,App<F,T10#1>)
      T3#8 extends Object declared in method <T1#10,T2#9,T3#8,T4#7,T5#6,T6#5,T7#4,T8#3,T9#2,T10#1>group(App<F,T1#10>,App<F,T2#9>,App<F,T3#8>,App<F,T4#7>,App<F,T5#6>,App<F,T6#5>,App<F,T7#4>,App<F,T8#3>,App<F,T9#2>,App<F,T10#1>)
      T4#7 extends Object declared in method <T1#10,T2#9,T3#8,T4#7,T5#6,T6#5,T7#4,T8#3,T9#2,T10#1>group(App<F,T1#10>,App<F,T2#9>,App<F,T3#8>,App<F,T4#7>,App<F,T5#6>,App<F,T6#5>,App<F,T7#4>,App<F,T8#3>,App<F,T9#2>,App<F,T10#1>)
      T5#6 extends Object declared in method <T1#10,T2#9,T3#8,T4#7,T5#6,T6#5,T7#4,T8#3,T9#2,T10#1>group(App<F,T1#10>,App<F,T2#9>,App<F,T3#8>,App<F,T4#7>,App<F,T5#6>,App<F,T6#5>,App<F,T7#4>,App<F,T8#3>,App<F,T9#2>,App<F,T10#1>)
      T6#5 extends Object declared in method <T1#10,T2#9,T3#8,T4#7,T5#6,T6#5,T7#4,T8#3,T9#2,T10#1>group(App<F,T1#10>,App<F,T2#9>,App<F,T3#8>,App<F,T4#7>,App<F,T5#6>,App<F,T6#5>,App<F,T7#4>,App<F,T8#3>,App<F,T9#2>,App<F,T10#1>)
      T7#4 extends Object declared in method <T1#10,T2#9,T3#8,T4#7,T5#6,T6#5,T7#4,T8#3,T9#2,T10#1>group(App<F,T1#10>,App<F,T2#9>,App<F,T3#8>,App<F,T4#7>,App<F,T5#6>,App<F,T6#5>,App<F,T7#4>,App<F,T8#3>,App<F,T9#2>,App<F,T10#1>)
      T8#3 extends Object declared in method <T1#10,T2#9,T3#8,T4#7,T5#6,T6#5,T7#4,T8#3,T9#2,T10#1>group(App<F,T1#10>,App<F,T2#9>,App<F,T3#8>,App<F,T4#7>,App<F,T5#6>,App<F,T6#5>,App<F,T7#4>,App<F,T8#3>,App<F,T9#2>,App<F,T10#1>)
      T9#2 extends Object declared in method <T1#10,T2#9,T3#8,T4#7,T5#6,T6#5,T7#4,T8#3,T9#2,T10#1>group(App<F,T1#10>,App<F,T2#9>,App<F,T3#8>,App<F,T4#7>,App<F,T5#6>,App<F,T6#5>,App<F,T7#4>,App<F,T8#3>,App<F,T9#2>,App<F,T10#1>)
      T10#1 extends Object declared in method <T1#10,T2#9,T3#8,T4#7,T5#6,T6#5,T7#4,T8#3,T9#2,T10#1>group(App<F,T1#10>,App<F,T2#9>,App<F,T3#8>,App<F,T4#7>,App<F,T5#6>,App<F,T6#5>,App<F,T7#4>,App<F,T8#3>,App<F,T9#2>,App<F,T10#1>)
      T1#11 extends Object declared in method <T1#11,T2#10,T3#9,T4#8,T5#7,T6#6,T7#5,T8#4,T9#3,T10#2,T11#1>group(App<F,T1#11>,App<F,T2#10>,App<F,T3#9>,App<F,T4#8>,App<F,T5#7>,App<F,T6#6>,App<F,T7#5>,App<F,T8#4>,App<F,T9#3>,App<F,T10#2>,App<F,T11#1>)
      T2#10 extends Object declared in method <T1#11,T2#10,T3#9,T4#8,T5#7,T6#6,T7#5,T8#4,T9#3,T10#2,T11#1>group(App<F,T1#11>,App<F,T2#10>,App<F,T3#9>,App<F,T4#8>,App<F,T5#7>,App<F,T6#6>,App<F,T7#5>,App<F,T8#4>,App<F,T9#3>,App<F,T10#2>,App<F,T11#1>)
      T3#9 extends Object declared in method <T1#11,T2#10,T3#9,T4#8,T5#7,T6#6,T7#5,T8#4,T9#3,T10#2,T11#1>group(App<F,T1#11>,App<F,T2#10>,App<F,T3#9>,App<F,T4#8>,App<F,T5#7>,App<F,T6#6>,App<F,T7#5>,App<F,T8#4>,App<F,T9#3>,App<F,T10#2>,App<F,T11#1>)
      T4#8 extends Object declared in method <T1#11,T2#10,T3#9,T4#8,T5#7,T6#6,T7#5,T8#4,T9#3,T10#2,T11#1>group(App<F,T1#11>,App<F,T2#10>,App<F,T3#9>,App<F,T4#8>,App<F,T5#7>,App<F,T6#6>,App<F,T7#5>,App<F,T8#4>,App<F,T9#3>,App<F,T10#2>,App<F,T11#1>)
      T5#7 extends Object declared in method <T1#11,T2#10,T3#9,T4#8,T5#7,T6#6,T7#5,T8#4,T9#3,T10#2,T11#1>group(App<F,T1#11>,App<F,T2#10>,App<F,T3#9>,App<F,T4#8>,App<F,T5#7>,App<F,T6#6>,App<F,T7#5>,App<F,T8#4>,App<F,T9#3>,App<F,T10#2>,App<F,T11#1>)
      T6#6 extends Object declared in method <T1#11,T2#10,T3#9,T4#8,T5#7,T6#6,T7#5,T8#4,T9#3,T10#2,T11#1>group(App<F,T1#11>,App<F,T2#10>,App<F,T3#9>,App<F,T4#8>,App<F,T5#7>,App<F,T6#6>,App<F,T7#5>,App<F,T8#4>,App<F,T9#3>,App<F,T10#2>,App<F,T11#1>)
      T7#5 extends Object declared in method <T1#11,T2#10,T3#9,T4#8,T5#7,T6#6,T7#5,T8#4,T9#3,T10#2,T11#1>group(App<F,T1#11>,App<F,T2#10>,App<F,T3#9>,App<F,T4#8>,App<F,T5#7>,App<F,T6#6>,App<F,T7#5>,App<F,T8#4>,App<F,T9#3>,App<F,T10#2>,App<F,T11#1>)
      T8#4 extends Object declared in method <T1#11,T2#10,T3#9,T4#8,T5#7,T6#6,T7#5,T8#4,T9#3,T10#2,T11#1>group(App<F,T1#11>,App<F,T2#10>,App<F,T3#9>,App<F,T4#8>,App<F,T5#7>,App<F,T6#6>,App<F,T7#5>,App<F,T8#4>,App<F,T9#3>,App<F,T10#2>,App<F,T11#1>)
      T9#3 extends Object declared in method <T1#11,T2#10,T3#9,T4#8,T5#7,T6#6,T7#5,T8#4,T9#3,T10#2,T11#1>group(App<F,T1#11>,App<F,T2#10>,App<F,T3#9>,App<F,T4#8>,App<F,T5#7>,App<F,T6#6>,App<F,T7#5>,App<F,T8#4>,App<F,T9#3>,App<F,T10#2>,App<F,T11#1>)
      T10#2 extends Object declared in method <T1#11,T2#10,T3#9,T4#8,T5#7,T6#6,T7#5,T8#4,T9#3,T10#2,T11#1>group(App<F,T1#11>,App<F,T2#10>,App<F,T3#9>,App<F,T4#8>,App<F,T5#7>,App<F,T6#6>,App<F,T7#5>,App<F,T8#4>,App<F,T9#3>,App<F,T10#2>,App<F,T11#1>)
      T11#1 extends Object declared in method <T1#11,T2#10,T3#9,T4#8,T5#7,T6#6,T7#5,T8#4,T9#3,T10#2,T11#1>group(App<F,T1#11>,App<F,T2#10>,App<F,T3#9>,App<F,T4#8>,App<F,T5#7>,App<F,T6#6>,App<F,T7#5>,App<F,T8#4>,App<F,T9#3>,App<F,T10#2>,App<F,T11#1>)
      T1#12 extends Object declared in method <T1#12,T2#11,T3#10,T4#9,T5#8,T6#7,T7#6,T8#5,T9#4,T10#3,T11#2,T12#1>group(App<F,T1#12>,App<F,T2#11>,App<F,T3#10>,App<F,T4#9>,App<F,T5#8>,App<F,T6#7>,App<F,T7#6>,App<F,T8#5>,App<F,T9#4>,App<F,T10#3>,App<F,T11#2>,App<F,T12#1>)
      T2#11 extends Object declared in method <T1#12,T2#11,T3#10,T4#9,T5#8,T6#7,T7#6,T8#5,T9#4,T10#3,T11#2,T12#1>group(App<F,T1#12>,App<F,T2#11>,App<F,T3#10>,App<F,T4#9>,App<F,T5#8>,App<F,T6#7>,App<F,T7#6>,App<F,T8#5>,App<F,T9#4>,App<F,T10#3>,App<F,T11#2>,App<F,T12#1>)
      T3#10 extends Object declared in method <T1#12,T2#11,T3#10,T4#9,T5#8,T6#7,T7#6,T8#5,T9#4,T10#3,T11#2,T12#1>group(App<F,T1#12>,App<F,T2#11>,App<F,T3#10>,App<F,T4#9>,App<F,T5#8>,App<F,T6#7>,App<F,T7#6>,App<F,T8#5>,App<F,T9#4>,App<F,T10#3>,App<F,T11#2>,App<F,T12#1>)
      T4#9 extends Object declared in method <T1#12,T2#11,T3#10,T4#9,T5#8,T6#7,T7#6,T8#5,T9#4,T10#3,T11#2,T12#1>group(App<F,T1#12>,App<F,T2#11>,App<F,T3#10>,App<F,T4#9>,App<F,T5#8>,App<F,T6#7>,App<F,T7#6>,App<F,T8#5>,App<F,T9#4>,App<F,T10#3>,App<F,T11#2>,App<F,T12#1>)
      T5#8 extends Object declared in method <T1#12,T2#11,T3#10,T4#9,T5#8,T6#7,T7#6,T8#5,T9#4,T10#3,T11#2,T12#1>group(App<F,T1#12>,App<F,T2#11>,App<F,T3#10>,App<F,T4#9>,App<F,T5#8>,App<F,T6#7>,App<F,T7#6>,App<F,T8#5>,App<F,T9#4>,App<F,T10#3>,App<F,T11#2>,App<F,T12#1>)
      T6#7 extends Object declared in method <T1#12,T2#11,T3#10,T4#9,T5#8,T6#7,T7#6,T8#5,T9#4,T10#3,T11#2,T12#1>group(App<F,T1#12>,App<F,T2#11>,App<F,T3#10>,App<F,T4#9>,App<F,T5#8>,App<F,T6#7>,App<F,T7#6>,App<F,T8#5>,App<F,T9#4>,App<F,T10#3>,App<F,T11#2>,App<F,T12#1>)
      T7#6 extends Object declared in method <T1#12,T2#11,T3#10,T4#9,T5#8,T6#7,T7#6,T8#5,T9#4,T10#3,T11#2,T12#1>group(App<F,T1#12>,App<F,T2#11>,App<F,T3#10>,App<F,T4#9>,App<F,T5#8>,App<F,T6#7>,App<F,T7#6>,App<F,T8#5>,App<F,T9#4>,App<F,T10#3>,App<F,T11#2>,App<F,T12#1>)
      T8#5 extends Object declared in method <T1#12,T2#11,T3#10,T4#9,T5#8,T6#7,T7#6,T8#5,T9#4,T10#3,T11#2,T12#1>group(App<F,T1#12>,App<F,T2#11>,App<F,T3#10>,App<F,T4#9>,App<F,T5#8>,App<F,T6#7>,App<F,T7#6>,App<F,T8#5>,App<F,T9#4>,App<F,T10#3>,App<F,T11#2>,App<F,T12#1>)
      T9#4 extends Object declared in method <T1#12,T2#11,T3#10,T4#9,T5#8,T6#7,T7#6,T8#5,T9#4,T10#3,T11#2,T12#1>group(App<F,T1#12>,App<F,T2#11>,App<F,T3#10>,App<F,T4#9>,App<F,T5#8>,App<F,T6#7>,App<F,T7#6>,App<F,T8#5>,App<F,T9#4>,App<F,T10#3>,App<F,T11#2>,App<F,T12#1>)
      T10#3 extends Object declared in method <T1#12,T2#11,T3#10,T4#9,T5#8,T6#7,T7#6,T8#5,T9#4,T10#3,T11#2,T12#1>group(App<F,T1#12>,App<F,T2#11>,App<F,T3#10>,App<F,T4#9>,App<F,T5#8>,App<F,T6#7>,App<F,T7#6>,App<F,T8#5>,App<F,T9#4>,App<F,T10#3>,App<F,T11#2>,App<F,T12#1>)
      T11#2 extends Object declared in method <T1#12,T2#11,T3#10,T4#9,T5#8,T6#7,T7#6,T8#5,T9#4,T10#3,T11#2,T12#1>group(App<F,T1#12>,App<F,T2#11>,App<F,T3#10>,App<F,T4#9>,App<F,T5#8>,App<F,T6#7>,App<F,T7#6>,App<F,T8#5>,App<F,T9#4>,App<F,T10#3>,App<F,T11#2>,App<F,T12#1>)
      T12#1 extends Object declared in method <T1#12,T2#11,T3#10,T4#9,T5#8,T6#7,T7#6,T8#5,T9#4,T10#3,T11#2,T12#1>group(App<F,T1#12>,App<F,T2#11>,App<F,T3#10>,App<F,T4#9>,App<F,T5#8>,App<F,T6#7>,App<F,T7#6>,App<F,T8#5>,App<F,T9#4>,App<F,T10#3>,App<F,T11#2>,App<F,T12#1>)
      T1#13 extends Object declared in method <T1#13,T2#12,T3#11,T4#10,T5#9,T6#8,T7#7,T8#6,T9#5,T10#4,T11#3,T12#2,T13#1>group(App<F,T1#13>,App<F,T2#12>,App<F,T3#11>,App<F,T4#10>,App<F,T5#9>,App<F,T6#8>,App<F,T7#7>,App<F,T8#6>,App<F,T9#5>,App<F,T10#4>,App<F,T11#3>,App<F,T12#2>,App<F,T13#1>)
      T2#12 extends Object declared in method <T1#13,T2#12,T3#11,T4#10,T5#9,T6#8,T7#7,T8#6,T9#5,T10#4,T11#3,T12#2,T13#1>group(App<F,T1#13>,App<F,T2#12>,App<F,T3#11>,App<F,T4#10>,App<F,T5#9>,App<F,T6#8>,App<F,T7#7>,App<F,T8#6>,App<F,T9#5>,App<F,T10#4>,App<F,T11#3>,App<F,T12#2>,App<F,T13#1>)
      T3#11 extends Object declared in method <T1#13,T2#12,T3#11,T4#10,T5#9,T6#8,T7#7,T8#6,T9#5,T10#4,T11#3,T12#2,T13#1>group(App<F,T1#13>,App<F,T2#12>,App<F,T3#11>,App<F,T4#10>,App<F,T5#9>,App<F,T6#8>,App<F,T7#7>,App<F,T8#6>,App<F,T9#5>,App<F,T10#4>,App<F,T11#3>,App<F,T12#2>,App<F,T13#1>)
      T4#10 extends Object declared in method <T1#13,T2#12,T3#11,T4#10,T5#9,T6#8,T7#7,T8#6,T9#5,T10#4,T11#3,T12#2,T13#1>group(App<F,T1#13>,App<F,T2#12>,App<F,T3#11>,App<F,T4#10>,App<F,T5#9>,App<F,T6#8>,App<F,T7#7>,App<F,T8#6>,App<F,T9#5>,App<F,T10#4>,App<F,T11#3>,App<F,T12#2>,App<F,T13#1>)
      T5#9 extends Object declared in method <T1#13,T2#12,T3#11,T4#10,T5#9,T6#8,T7#7,T8#6,T9#5,T10#4,T11#3,T12#2,T13#1>group(App<F,T1#13>,App<F,T2#12>,App<F,T3#11>,App<F,T4#10>,App<F,T5#9>,App<F,T6#8>,App<F,T7#7>,App<F,T8#6>,App<F,T9#5>,App<F,T10#4>,App<F,T11#3>,App<F,T12#2>,App<F,T13#1>)
      T6#8 extends Object declared in method <T1#13,T2#12,T3#11,T4#10,T5#9,T6#8,T7#7,T8#6,T9#5,T10#4,T11#3,T12#2,T13#1>group(App<F,T1#13>,App<F,T2#12>,App<F,T3#11>,App<F,T4#10>,App<F,T5#9>,App<F,T6#8>,App<F,T7#7>,App<F,T8#6>,App<F,T9#5>,App<F,T10#4>,App<F,T11#3>,App<F,T12#2>,App<F,T13#1>)
      T7#7 extends Object declared in method <T1#13,T2#12,T3#11,T4#10,T5#9,T6#8,T7#7,T8#6,T9#5,T10#4,T11#3,T12#2,T13#1>group(App<F,T1#13>,App<F,T2#12>,App<F,T3#11>,App<F,T4#10>,App<F,T5#9>,App<F,T6#8>,App<F,T7#7>,App<F,T8#6>,App<F,T9#5>,App<F,T10#4>,App<F,T11#3>,App<F,T12#2>,App<F,T13#1>)
      T8#6 extends Object declared in method <T1#13,T2#12,T3#11,T4#10,T5#9,T6#8,T7#7,T8#6,T9#5,T10#4,T11#3,T12#2,T13#1>group(App<F,T1#13>,App<F,T2#12>,App<F,T3#11>,App<F,T4#10>,App<F,T5#9>,App<F,T6#8>,App<F,T7#7>,App<F,T8#6>,App<F,T9#5>,App<F,T10#4>,App<F,T11#3>,App<F,T12#2>,App<F,T13#1>)
      T9#5 extends Object declared in method <T1#13,T2#12,T3#11,T4#10,T5#9,T6#8,T7#7,T8#6,T9#5,T10#4,T11#3,T12#2,T13#1>group(App<F,T1#13>,App<F,T2#12>,App<F,T3#11>,App<F,T4#10>,App<F,T5#9>,App<F,T6#8>,App<F,T7#7>,App<F,T8#6>,App<F,T9#5>,App<F,T10#4>,App<F,T11#3>,App<F,T12#2>,App<F,T13#1>)
      T10#4 extends Object declared in method <T1#13,T2#12,T3#11,T4#10,T5#9,T6#8,T7#7,T8#6,T9#5,T10#4,T11#3,T12#2,T13#1>group(App<F,T1#13>,App<F,T2#12>,App<F,T3#11>,App<F,T4#10>,App<F,T5#9>,App<F,T6#8>,App<F,T7#7>,App<F,T8#6>,App<F,T9#5>,App<F,T10#4>,App<F,T11#3>,App<F,T12#2>,App<F,T13#1>)
      T11#3 extends Object declared in method <T1#13,T2#12,T3#11,T4#10,T5#9,T6#8,T7#7,T8#6,T9#5,T10#4,T11#3,T12#2,T13#1>group(App<F,T1#13>,App<F,T2#12>,App<F,T3#11>,App<F,T4#10>,App<F,T5#9>,App<F,T6#8>,App<F,T7#7>,App<F,T8#6>,App<F,T9#5>,App<F,T10#4>,App<F,T11#3>,App<F,T12#2>,App<F,T13#1>)
      T12#2 extends Object declared in method <T1#13,T2#12,T3#11,T4#10,T5#9,T6#8,T7#7,T8#6,T9#5,T10#4,T11#3,T12#2,T13#1>group(App<F,T1#13>,App<F,T2#12>,App<F,T3#11>,App<F,T4#10>,App<F,T5#9>,App<F,T6#8>,App<F,T7#7>,App<F,T8#6>,App<F,T9#5>,App<F,T10#4>,App<F,T11#3>,App<F,T12#2>,App<F,T13#1>)
      T13#1 extends Object declared in method <T1#13,T2#12,T3#11,T4#10,T5#9,T6#8,T7#7,T8#6,T9#5,T10#4,T11#3,T12#2,T13#1>group(App<F,T1#13>,App<F,T2#12>,App<F,T3#11>,App<F,T4#10>,App<F,T5#9>,App<F,T6#8>,App<F,T7#7>,App<F,T8#6>,App<F,T9#5>,App<F,T10#4>,App<F,T11#3>,App<F,T12#2>,App<F,T13#1>)
      T1#14 extends Object declared in method <T1#14,T2#13,T3#12,T4#11,T5#10,T6#9,T7#8,T8#7,T9#6,T10#5,T11#4,T12#3,T13#2,T14#1>group(App<F,T1#14>,App<F,T2#13>,App<F,T3#12>,App<F,T4#11>,App<F,T5#10>,App<F,T6#9>,App<F,T7#8>,App<F,T8#7>,App<F,T9#6>,App<F,T10#5>,App<F,T11#4>,App<F,T12#3>,App<F,T13#2>,App<F,T14#1>)
      T2#13 extends Object declared in method <T1#14,T2#13,T3#12,T4#11,T5#10,T6#9,T7#8,T8#7,T9#6,T10#5,T11#4,T12#3,T13#2,T14#1>group(App<F,T1#14>,App<F,T2#13>,App<F,T3#12>,App<F,T4#11>,App<F,T5#10>,App<F,T6#9>,App<F,T7#8>,App<F,T8#7>,App<F,T9#6>,App<F,T10#5>,App<F,T11#4>,App<F,T12#3>,App<F,T13#2>,App<F,T14#1>)
      T3#12 extends Object declared in method <T1#14,T2#13,T3#12,T4#11,T5#10,T6#9,T7#8,T8#7,T9#6,T10#5,T11#4,T12#3,T13#2,T14#1>group(App<F,T1#14>,App<F,T2#13>,App<F,T3#12>,App<F,T4#11>,App<F,T5#10>,App<F,T6#9>,App<F,T7#8>,App<F,T8#7>,App<F,T9#6>,App<F,T10#5>,App<F,T11#4>,App<F,T12#3>,App<F,T13#2>,App<F,T14#1>)
      T4#11 extends Object declared in method <T1#14,T2#13,T3#12,T4#11,T5#10,T6#9,T7#8,T8#7,T9#6,T10#5,T11#4,T12#3,T13#2,T14#1>group(App<F,T1#14>,App<F,T2#13>,App<F,T3#12>,App<F,T4#11>,App<F,T5#10>,App<F,T6#9>,App<F,T7#8>,App<F,T8#7>,App<F,T9#6>,App<F,T10#5>,App<F,T11#4>,App<F,T12#3>,App<F,T13#2>,App<F,T14#1>)
      T5#10 extends Object declared in method <T1#14,T2#13,T3#12,T4#11,T5#10,T6#9,T7#8,T8#7,T9#6,T10#5,T11#4,T12#3,T13#2,T14#1>group(App<F,T1#14>,App<F,T2#13>,App<F,T3#12>,App<F,T4#11>,App<F,T5#10>,App<F,T6#9>,App<F,T7#8>,App<F,T8#7>,App<F,T9#6>,App<F,T10#5>,App<F,T11#4>,App<F,T12#3>,App<F,T13#2>,App<F,T14#1>)
      T6#9 extends Object declared in method <T1#14,T2#13,T3#12,T4#11,T5#10,T6#9,T7#8,T8#7,T9#6,T10#5,T11#4,T12#3,T13#2,T14#1>group(App<F,T1#14>,App<F,T2#13>,App<F,T3#12>,App<F,T4#11>,App<F,T5#10>,App<F,T6#9>,App<F,T7#8>,App<F,T8#7>,App<F,T9#6>,App<F,T10#5>,App<F,T11#4>,App<F,T12#3>,App<F,T13#2>,App<F,T14#1>)
      T7#8 extends Object declared in method <T1#14,T2#13,T3#12,T4#11,T5#10,T6#9,T7#8,T8#7,T9#6,T10#5,T11#4,T12#3,T13#2,T14#1>group(App<F,T1#14>,App<F,T2#13>,App<F,T3#12>,App<F,T4#11>,App<F,T5#10>,App<F,T6#9>,App<F,T7#8>,App<F,T8#7>,App<F,T9#6>,App<F,T10#5>,App<F,T11#4>,App<F,T12#3>,App<F,T13#2>,App<F,T14#1>)
      T8#7 extends Object declared in method <T1#14,T2#13,T3#12,T4#11,T5#10,T6#9,T7#8,T8#7,T9#6,T10#5,T11#4,T12#3,T13#2,T14#1>group(App<F,T1#14>,App<F,T2#13>,App<F,T3#12>,App<F,T4#11>,App<F,T5#10>,App<F,T6#9>,App<F,T7#8>,App<F,T8#7>,App<F,T9#6>,App<F,T10#5>,App<F,T11#4>,App<F,T12#3>,App<F,T13#2>,App<F,T14#1>)
      T9#6 extends Object declared in method <T1#14,T2#13,T3#12,T4#11,T5#10,T6#9,T7#8,T8#7,T9#6,T10#5,T11#4,T12#3,T13#2,T14#1>group(App<F,T1#14>,App<F,T2#13>,App<F,T3#12>,App<F,T4#11>,App<F,T5#10>,App<F,T6#9>,App<F,T7#8>,App<F,T8#7>,App<F,T9#6>,App<F,T10#5>,App<F,T11#4>,App<F,T12#3>,App<F,T13#2>,App<F,T14#1>)
      T10#5 extends Object declared in method <T1#14,T2#13,T3#12,T4#11,T5#10,T6#9,T7#8,T8#7,T9#6,T10#5,T11#4,T12#3,T13#2,T14#1>group(App<F,T1#14>,App<F,T2#13>,App<F,T3#12>,App<F,T4#11>,App<F,T5#10>,App<F,T6#9>,App<F,T7#8>,App<F,T8#7>,App<F,T9#6>,App<F,T10#5>,App<F,T11#4>,App<F,T12#3>,App<F,T13#2>,App<F,T14#1>)
      T11#4 extends Object declared in method <T1#14,T2#13,T3#12,T4#11,T5#10,T6#9,T7#8,T8#7,T9#6,T10#5,T11#4,T12#3,T13#2,T14#1>group(App<F,T1#14>,App<F,T2#13>,App<F,T3#12>,App<F,T4#11>,App<F,T5#10>,App<F,T6#9>,App<F,T7#8>,App<F,T8#7>,App<F,T9#6>,App<F,T10#5>,App<F,T11#4>,App<F,T12#3>,App<F,T13#2>,App<F,T14#1>)
      T12#3 extends Object declared in method <T1#14,T2#13,T3#12,T4#11,T5#10,T6#9,T7#8,T8#7,T9#6,T10#5,T11#4,T12#3,T13#2,T14#1>group(App<F,T1#14>,App<F,T2#13>,App<F,T3#12>,App<F,T4#11>,App<F,T5#10>,App<F,T6#9>,App<F,T7#8>,App<F,T8#7>,App<F,T9#6>,App<F,T10#5>,App<F,T11#4>,App<F,T12#3>,App<F,T13#2>,App<F,T14#1>)
      T13#2 extends Object declared in method <T1#14,T2#13,T3#12,T4#11,T5#10,T6#9,T7#8,T8#7,T9#6,T10#5,T11#4,T12#3,T13#2,T14#1>group(App<F,T1#14>,App<F,T2#13>,App<F,T3#12>,App<F,T4#11>,App<F,T5#10>,App<F,T6#9>,App<F,T7#8>,App<F,T8#7>,App<F,T9#6>,App<F,T10#5>,App<F,T11#4>,App<F,T12#3>,App<F,T13#2>,App<F,T14#1>)
      T14#1 extends Object declared in method <T1#14,T2#13,T3#12,T4#11,T5#10,T6#9,T7#8,T8#7,T9#6,T10#5,T11#4,T12#3,T13#2,T14#1>group(App<F,T1#14>,App<F,T2#13>,App<F,T3#12>,App<F,T4#11>,App<F,T5#10>,App<F,T6#9>,App<F,T7#8>,App<F,T8#7>,App<F,T9#6>,App<F,T10#5>,App<F,T11#4>,App<F,T12#3>,App<F,T13#2>,App<F,T14#1>)
      T1#15 extends Object declared in method <T1#15,T2#14,T3#13,T4#12,T5#11,T6#10,T7#9,T8#8,T9#7,T10#6,T11#5,T12#4,T13#3,T14#2,T15#1>group(App<F,T1#15>,App<F,T2#14>,App<F,T3#13>,App<F,T4#12>,App<F,T5#11>,App<F,T6#10>,App<F,T7#9>,App<F,T8#8>,App<F,T9#7>,App<F,T10#6>,App<F,T11#5>,App<F,T12#4>,App<F,T13#3>,App<F,T14#2>,App<F,T15#1>)
      T2#14 extends Object declared in method <T1#15,T2#14,T3#13,T4#12,T5#11,T6#10,T7#9,T8#8,T9#7,T10#6,T11#5,T12#4,T13#3,T14#2,T15#1>group(App<F,T1#15>,App<F,T2#14>,App<F,T3#13>,App<F,T4#12>,App<F,T5#11>,App<F,T6#10>,App<F,T7#9>,App<F,T8#8>,App<F,T9#7>,App<F,T10#6>,App<F,T11#5>,App<F,T12#4>,App<F,T13#3>,App<F,T14#2>,App<F,T15#1>)
      T3#13 extends Object declared in method <T1#15,T2#14,T3#13,T4#12,T5#11,T6#10,T7#9,T8#8,T9#7,T10#6,T11#5,T12#4,T13#3,T14#2,T15#1>group(App<F,T1#15>,App<F,T2#14>,App<F,T3#13>,App<F,T4#12>,App<F,T5#11>,App<F,T6#10>,App<F,T7#9>,App<F,T8#8>,App<F,T9#7>,App<F,T10#6>,App<F,T11#5>,App<F,T12#4>,App<F,T13#3>,App<F,T14#2>,App<F,T15#1>)
      T4#12 extends Object declared in method <T1#15,T2#14,T3#13,T4#12,T5#11,T6#10,T7#9,T8#8,T9#7,T10#6,T11#5,T12#4,T13#3,T14#2,T15#1>group(App<F,T1#15>,App<F,T2#14>,App<F,T3#13>,App<F,T4#12>,App<F,T5#11>,App<F,T6#10>,App<F,T7#9>,App<F,T8#8>,App<F,T9#7>,App<F,T10#6>,App<F,T11#5>,App<F,T12#4>,App<F,T13#3>,App<F,T14#2>,App<F,T15#1>)
      T5#11 extends Object declared in method <T1#15,T2#14,T3#13,T4#12,T5#11,T6#10,T7#9,T8#8,T9#7,T10#6,T11#5,T12#4,T13#3,T14#2,T15#1>group(App<F,T1#15>,App<F,T2#14>,App<F,T3#13>,App<F,T4#12>,App<F,T5#11>,App<F,T6#10>,App<F,T7#9>,App<F,T8#8>,App<F,T9#7>,App<F,T10#6>,App<F,T11#5>,App<F,T12#4>,App<F,T13#3>,App<F,T14#2>,App<F,T15#1>)
      T6#10 extends Object declared in method <T1#15,T2#14,T3#13,T4#12,T5#11,T6#10,T7#9,T8#8,T9#7,T10#6,T11#5,T12#4,T13#3,T14#2,T15#1>group(App<F,T1#15>,App<F,T2#14>,App<F,T3#13>,App<F,T4#12>,App<F,T5#11>,App<F,T6#10>,App<F,T7#9>,App<F,T8#8>,App<F,T9#7>,App<F,T10#6>,App<F,T11#5>,App<F,T12#4>,App<F,T13#3>,App<F,T14#2>,App<F,T15#1>)
      T7#9 extends Object declared in method <T1#15,T2#14,T3#13,T4#12,T5#11,T6#10,T7#9,T8#8,T9#7,T10#6,T11#5,T12#4,T13#3,T14#2,T15#1>group(App<F,T1#15>,App<F,T2#14>,App<F,T3#13>,App<F,T4#12>,App<F,T5#11>,App<F,T6#10>,App<F,T7#9>,App<F,T8#8>,App<F,T9#7>,App<F,T10#6>,App<F,T11#5>,App<F,T12#4>,App<F,T13#3>,App<F,T14#2>,App<F,T15#1>)
      T8#8 extends Object declared in method <T1#15,T2#14,T3#13,T4#12,T5#11,T6#10,T7#9,T8#8,T9#7,T10#6,T11#5,T12#4,T13#3,T14#2,T15#1>group(App<F,T1#15>,App<F,T2#14>,App<F,T3#13>,App<F,T4#12>,App<F,T5#11>,App<F,T6#10>,App<F,T7#9>,App<F,T8#8>,App<F,T9#7>,App<F,T10#6>,App<F,T11#5>,App<F,T12#4>,App<F,T13#3>,App<F,T14#2>,App<F,T15#1>)
      T9#7 extends Object declared in method <T1#15,T2#14,T3#13,T4#12,T5#11,T6#10,T7#9,T8#8,T9#7,T10#6,T11#5,T12#4,T13#3,T14#2,T15#1>group(App<F,T1#15>,App<F,T2#14>,App<F,T3#13>,App<F,T4#12>,App<F,T5#11>,App<F,T6#10>,App<F,T7#9>,App<F,T8#8>,App<F,T9#7>,App<F,T10#6>,App<F,T11#5>,App<F,T12#4>,App<F,T13#3>,App<F,T14#2>,App<F,T15#1>)
      T10#6 extends Object declared in method <T1#15,T2#14,T3#13,T4#12,T5#11,T6#10,T7#9,T8#8,T9#7,T10#6,T11#5,T12#4,T13#3,T14#2,T15#1>group(App<F,T1#15>,App<F,T2#14>,App<F,T3#13>,App<F,T4#12>,App<F,T5#11>,App<F,T6#10>,App<F,T7#9>,App<F,T8#8>,App<F,T9#7>,App<F,T10#6>,App<F,T11#5>,App<F,T12#4>,App<F,T13#3>,App<F,T14#2>,App<F,T15#1>)
      T11#5 extends Object declared in method <T1#15,T2#14,T3#13,T4#12,T5#11,T6#10,T7#9,T8#8,T9#7,T10#6,T11#5,T12#4,T13#3,T14#2,T15#1>group(App<F,T1#15>,App<F,T2#14>,App<F,T3#13>,App<F,T4#12>,App<F,T5#11>,App<F,T6#10>,App<F,T7#9>,App<F,T8#8>,App<F,T9#7>,App<F,T10#6>,App<F,T11#5>,App<F,T12#4>,App<F,T13#3>,App<F,T14#2>,App<F,T15#1>)
      T12#4 extends Object declared in method <T1#15,T2#14,T3#13,T4#12,T5#11,T6#10,T7#9,T8#8,T9#7,T10#6,T11#5,T12#4,T13#3,T14#2,T15#1>group(App<F,T1#15>,App<F,T2#14>,App<F,T3#13>,App<F,T4#12>,App<F,T5#11>,App<F,T6#10>,App<F,T7#9>,App<F,T8#8>,App<F,T9#7>,App<F,T10#6>,App<F,T11#5>,App<F,T12#4>,App<F,T13#3>,App<F,T14#2>,App<F,T15#1>)
      T13#3 extends Object declared in method <T1#15,T2#14,T3#13,T4#12,T5#11,T6#10,T7#9,T8#8,T9#7,T10#6,T11#5,T12#4,T13#3,T14#2,T15#1>group(App<F,T1#15>,App<F,T2#14>,App<F,T3#13>,App<F,T4#12>,App<F,T5#11>,App<F,T6#10>,App<F,T7#9>,App<F,T8#8>,App<F,T9#7>,App<F,T10#6>,App<F,T11#5>,App<F,T12#4>,App<F,T13#3>,App<F,T14#2>,App<F,T15#1>)
      T14#2 extends Object declared in method <T1#15,T2#14,T3#13,T4#12,T5#11,T6#10,T7#9,T8#8,T9#7,T10#6,T11#5,T12#4,T13#3,T14#2,T15#1>group(App<F,T1#15>,App<F,T2#14>,App<F,T3#13>,App<F,T4#12>,App<F,T5#11>,App<F,T6#10>,App<F,T7#9>,App<F,T8#8>,App<F,T9#7>,App<F,T10#6>,App<F,T11#5>,App<F,T12#4>,App<F,T13#3>,App<F,T14#2>,App<F,T15#1>)
      T15#1 extends Object declared in method <T1#15,T2#14,T3#13,T4#12,T5#11,T6#10,T7#9,T8#8,T9#7,T10#6,T11#5,T12#4,T13#3,T14#2,T15#1>group(App<F,T1#15>,App<F,T2#14>,App<F,T3#13>,App<F,T4#12>,App<F,T5#11>,App<F,T6#10>,App<F,T7#9>,App<F,T8#8>,App<F,T9#7>,App<F,T10#6>,App<F,T11#5>,App<F,T12#4>,App<F,T13#3>,App<F,T14#2>,App<F,T15#1>)
      T1#16 extends Object declared in method <T1#16,T2#15,T3#14,T4#13,T5#12,T6#11,T7#10,T8#9,T9#8,T10#7,T11#6,T12#5,T13#4,T14#3,T15#2,T16>group(App<F,T1#16>,App<F,T2#15>,App<F,T3#14>,App<F,T4#13>,App<F,T5#12>,App<F,T6#11>,App<F,T7#10>,App<F,T8#9>,App<F,T9#8>,App<F,T10#7>,App<F,T11#6>,App<F,T12#5>,App<F,T13#4>,App<F,T14#3>,App<F,T15#2>,App<F,T16>)
      T2#15 extends Object declared in method <T1#16,T2#15,T3#14,T4#13,T5#12,T6#11,T7#10,T8#9,T9#8,T10#7,T11#6,T12#5,T13#4,T14#3,T15#2,T16>group(App<F,T1#16>,App<F,T2#15>,App<F,T3#14>,App<F,T4#13>,App<F,T5#12>,App<F,T6#11>,App<F,T7#10>,App<F,T8#9>,App<F,T9#8>,App<F,T10#7>,App<F,T11#6>,App<F,T12#5>,App<F,T13#4>,App<F,T14#3>,App<F,T15#2>,App<F,T16>)
      T3#14 extends Object declared in method <T1#16,T2#15,T3#14,T4#13,T5#12,T6#11,T7#10,T8#9,T9#8,T10#7,T11#6,T12#5,T13#4,T14#3,T15#2,T16>group(App<F,T1#16>,App<F,T2#15>,App<F,T3#14>,App<F,T4#13>,App<F,T5#12>,App<F,T6#11>,App<F,T7#10>,App<F,T8#9>,App<F,T9#8>,App<F,T10#7>,App<F,T11#6>,App<F,T12#5>,App<F,T13#4>,App<F,T14#3>,App<F,T15#2>,App<F,T16>)
      T4#13 extends Object declared in method <T1#16,T2#15,T3#14,T4#13,T5#12,T6#11,T7#10,T8#9,T9#8,T10#7,T11#6,T12#5,T13#4,T14#3,T15#2,T16>group(App<F,T1#16>,App<F,T2#15>,App<F,T3#14>,App<F,T4#13>,App<F,T5#12>,App<F,T6#11>,App<F,T7#10>,App<F,T8#9>,App<F,T9#8>,App<F,T10#7>,App<F,T11#6>,App<F,T12#5>,App<F,T13#4>,App<F,T14#3>,App<F,T15#2>,App<F,T16>)
      T5#12 extends Object declared in method <T1#16,T2#15,T3#14,T4#13,T5#12,T6#11,T7#10,T8#9,T9#8,T10#7,T11#6,T12#5,T13#4,T14#3,T15#2,T16>group(App<F,T1#16>,App<F,T2#15>,App<F,T3#14>,App<F,T4#13>,App<F,T5#12>,App<F,T6#11>,App<F,T7#10>,App<F,T8#9>,App<F,T9#8>,App<F,T10#7>,App<F,T11#6>,App<F,T12#5>,App<F,T13#4>,App<F,T14#3>,App<F,T15#2>,App<F,T16>)
      T6#11 extends Object declared in method <T1#16,T2#15,T3#14,T4#13,T5#12,T6#11,T7#10,T8#9,T9#8,T10#7,T11#6,T12#5,T13#4,T14#3,T15#2,T16>group(App<F,T1#16>,App<F,T2#15>,App<F,T3#14>,App<F,T4#13>,App<F,T5#12>,App<F,T6#11>,App<F,T7#10>,App<F,T8#9>,App<F,T9#8>,App<F,T10#7>,App<F,T11#6>,App<F,T12#5>,App<F,T13#4>,App<F,T14#3>,App<F,T15#2>,App<F,T16>)
      T7#10 extends Object declared in method <T1#16,T2#15,T3#14,T4#13,T5#12,T6#11,T7#10,T8#9,T9#8,T10#7,T11#6,T12#5,T13#4,T14#3,T15#2,T16>group(App<F,T1#16>,App<F,T2#15>,App<F,T3#14>,App<F,T4#13>,App<F,T5#12>,App<F,T6#11>,App<F,T7#10>,App<F,T8#9>,App<F,T9#8>,App<F,T10#7>,App<F,T11#6>,App<F,T12#5>,App<F,T13#4>,App<F,T14#3>,App<F,T15#2>,App<F,T16>)
      T8#9 extends Object declared in method <T1#16,T2#15,T3#14,T4#13,T5#12,T6#11,T7#10,T8#9,T9#8,T10#7,T11#6,T12#5,T13#4,T14#3,T15#2,T16>group(App<F,T1#16>,App<F,T2#15>,App<F,T3#14>,App<F,T4#13>,App<F,T5#12>,App<F,T6#11>,App<F,T7#10>,App<F,T8#9>,App<F,T9#8>,App<F,T10#7>,App<F,T11#6>,App<F,T12#5>,App<F,T13#4>,App<F,T14#3>,App<F,T15#2>,App<F,T16>)
      T9#8 extends Object declared in method <T1#16,T2#15,T3#14,T4#13,T5#12,T6#11,T7#10,T8#9,T9#8,T10#7,T11#6,T12#5,T13#4,T14#3,T15#2,T16>group(App<F,T1#16>,App<F,T2#15>,App<F,T3#14>,App<F,T4#13>,App<F,T5#12>,App<F,T6#11>,App<F,T7#10>,App<F,T8#9>,App<F,T9#8>,App<F,T10#7>,App<F,T11#6>,App<F,T12#5>,App<F,T13#4>,App<F,T14#3>,App<F,T15#2>,App<F,T16>)
      T10#7 extends Object declared in method <T1#16,T2#15,T3#14,T4#13,T5#12,T6#11,T7#10,T8#9,T9#8,T10#7,T11#6,T12#5,T13#4,T14#3,T15#2,T16>group(App<F,T1#16>,App<F,T2#15>,App<F,T3#14>,App<F,T4#13>,App<F,T5#12>,App<F,T6#11>,App<F,T7#10>,App<F,T8#9>,App<F,T9#8>,App<F,T10#7>,App<F,T11#6>,App<F,T12#5>,App<F,T13#4>,App<F,T14#3>,App<F,T15#2>,App<F,T16>)
      T11#6 extends Object declared in method <T1#16,T2#15,T3#14,T4#13,T5#12,T6#11,T7#10,T8#9,T9#8,T10#7,T11#6,T12#5,T13#4,T14#3,T15#2,T16>group(App<F,T1#16>,App<F,T2#15>,App<F,T3#14>,App<F,T4#13>,App<F,T5#12>,App<F,T6#11>,App<F,T7#10>,App<F,T8#9>,App<F,T9#8>,App<F,T10#7>,App<F,T11#6>,App<F,T12#5>,App<F,T13#4>,App<F,T14#3>,App<F,T15#2>,App<F,T16>)
      T12#5 extends Object declared in method <T1#16,T2#15,T3#14,T4#13,T5#12,T6#11,T7#10,T8#9,T9#8,T10#7,T11#6,T12#5,T13#4,T14#3,T15#2,T16>group(App<F,T1#16>,App<F,T2#15>,App<F,T3#14>,App<F,T4#13>,App<F,T5#12>,App<F,T6#11>,App<F,T7#10>,App<F,T8#9>,App<F,T9#8>,App<F,T10#7>,App<F,T11#6>,App<F,T12#5>,App<F,T13#4>,App<F,T14#3>,App<F,T15#2>,App<F,T16>)
      T13#4 extends Object declared in method <T1#16,T2#15,T3#14,T4#13,T5#12,T6#11,T7#10,T8#9,T9#8,T10#7,T11#6,T12#5,T13#4,T14#3,T15#2,T16>group(App<F,T1#16>,App<F,T2#15>,App<F,T3#14>,App<F,T4#13>,App<F,T5#12>,App<F,T6#11>,App<F,T7#10>,App<F,T8#9>,App<F,T9#8>,App<F,T10#7>,App<F,T11#6>,App<F,T12#5>,App<F,T13#4>,App<F,T14#3>,App<F,T15#2>,App<F,T16>)
      T14#3 extends Object declared in method <T1#16,T2#15,T3#14,T4#13,T5#12,T6#11,T7#10,T8#9,T9#8,T10#7,T11#6,T12#5,T13#4,T14#3,T15#2,T16>group(App<F,T1#16>,App<F,T2#15>,App<F,T3#14>,App<F,T4#13>,App<F,T5#12>,App<F,T6#11>,App<F,T7#10>,App<F,T8#9>,App<F,T9#8>,App<F,T10#7>,App<F,T11#6>,App<F,T12#5>,App<F,T13#4>,App<F,T14#3>,App<F,T15#2>,App<F,T16>)
      T15#2 extends Object declared in method <T1#16,T2#15,T3#14,T4#13,T5#12,T6#11,T7#10,T8#9,T9#8,T10#7,T11#6,T12#5,T13#4,T14#3,T15#2,T16>group(App<F,T1#16>,App<F,T2#15>,App<F,T3#14>,App<F,T4#13>,App<F,T5#12>,App<F,T6#11>,App<F,T7#10>,App<F,T8#9>,App<F,T9#8>,App<F,T10#7>,App<F,T11#6>,App<F,T12#5>,App<F,T13#4>,App<F,T14#3>,App<F,T15#2>,App<F,T16>)
      T16 extends Object declared in method <T1#16,T2#15,T3#14,T4#13,T5#12,T6#11,T7#10,T8#9,T9#8,T10#7,T11#6,T12#5,T13#4,T14#3,T15#2,T16>group(App<F,T1#16>,App<F,T2#15>,App<F,T3#14>,App<F,T4#13>,App<F,T5#12>,App<F,T6#11>,App<F,T7#10>,App<F,T8#9>,App<F,T9#8>,App<F,T10#7>,App<F,T11#6>,App<F,T12#5>,App<F,T13#4>,App<F,T14#3>,App<F,T15#2>,App<F,T16>)
  /home/runner/work/mcJava/mcJava/android/app/src/main/java/net/minecraft/world/item/enchantment/LevelBasedValue.java:70: error: no suitable method found for group(RecordCodecBuilder<Clamped,LevelBasedValue>,RecordCodecBuilder<Clamped,Float>,RecordCodecBuilder<Clamped,Float>)
              i -> i.group(
                    ^
      method Kind1.<T1#1>group(App<Mu<Object>,T1#1>) is not applicable
        (cannot infer type-variable(s) T1#1
          (actual and formal argument lists differ in length))
      method Kind1.<T1#2,T2#1>group(App<Mu<Object>,T1#2>,App<Mu<Object>,T2#1>) is not applicable
        (cannot infer type-variable(s) T1#2,T2#1
          (actual and formal argument lists differ in length))
      method Kind1.<T1#3,T2#2,T3#1>group(App<Mu<Object>,T1#3>,App<Mu<Object>,T2#2>,App<Mu<Object>,T3#1>) is not applicable
        (inference variable O has incompatible bounds
          equality constraints: Object
          upper bounds: Object,Clamped)
      method Kind1.<T1#4,T2#3,T3#2,T4#1>group(App<Mu<Object>,T1#4>,App<Mu<Object>,T2#3>,App<Mu<Object>,T3#2>,App<Mu<Object>,T4#1>) is not applicable
        (cannot infer type-variable(s) T1#4,T2#3,T3#2,T4#1
          (actual and formal argument lists differ in length))
      method Kind1.<T1#5,T2#4,T3#3,T4#2,T5#1>group(App<Mu<Object>,T1#5>,App<Mu<Object>,T2#4>,App<Mu<Object>,T3#3>,App<Mu<Object>,T4#2>,App<Mu<Object>,T5#1>) is not applicable
        (cannot infer type-variable(s) T1#5,T2#4,T3#3,T4#2,T5#1
          (actual and formal argument lists differ in length))
      method Kind1.<T1#6,T2#5,T3#4,T4#3,T5#2,T6#1>group(App<Mu<Object>,T1#6>,App<Mu<Object>,T2#5>,App<Mu<Object>,T3#4>,App<Mu<Object>,T4#3>,App<Mu<Object>,T5#2>,App<Mu<Object>,T6#1>) is not applicable
        (cannot infer type-variable(s) T1#6,T2#5,T3#4,T4#3,T5#2,T6#1
          (actual and formal argument lists differ in length))
      method Kind1.<T1#7,T2#6,T3#5,T4#4,T5#3,T6#2,T7#1>group(App<Mu<Object>,T1#7>,App<Mu<Object>,T2#6>,App<Mu<Object>,T3#5>,App<Mu<Object>,T4#4>,App<Mu<Object>,T5#3>,App<Mu<Object>,T6#2>,App<Mu<Object>,T7#1>) is not applicable
        (cannot infer type-variable(s) T1#7,T2#6,T3#5,T4#4,T5#3,T6#2,T7#1
          (actual and formal argument lists differ in length))
      method Kind1.<T1#8,T2#7,T3#6,T4#5,T5#4,T6#3,T7#2,T8#1>group(App<Mu<Object>,T1#8>,App<Mu<Object>,T2#7>,App<Mu<Object>,T3#6>,App<Mu<Object>,T4#5>,App<Mu<Object>,T5#4>,App<Mu<Object>,T6#3>,App<Mu<Object>,T7#2>,App<Mu<Object>,T8#1>) is not applicable
        (cannot infer type-variable(s) T1#8,T2#7,T3#6,T4#5,T5#4,T6#3,T7#2,T8#1
          (actual and formal argument lists differ in length))
      method Kind1.<T1#9,T2#8,T3#7,T4#6,T5#5,T6#4,T7#3,T8#2,T9#1>group(App<Mu<Object>,T1#9>,App<Mu<Object>,T2#8>,App<Mu<Object>,T3#7>,App<Mu<Object>,T4#6>,App<Mu<Object>,T5#5>,App<Mu<Object>,T6#4>,App<Mu<Object>,T7#3>,App<Mu<Object>,T8#2>,App<Mu<Object>,T9#1>) is not applicable
        (cannot infer type-variable(s) T1#9,T2#8,T3#7,T4#6,T5#5,T6#4,T7#3,T8#2,T9#1
          (actual and formal argument lists differ in length))
      method Kind1.<T1#10,T2#9,T3#8,T4#7,T5#6,T6#5,T7#4,T8#3,T9#2,T10#1>group(App<Mu<Object>,T1#10>,App<Mu<Object>,T2#9>,App<Mu<Object>,T3#8>,App<Mu<Object>,T4#7>,App<Mu<Object>,T5#6>,App<Mu<Object>,T6#5>,App<Mu<Object>,T7#4>,App<Mu<Object>,T8#3>,App<Mu<Object>,T9#2>,App<Mu<Object>,T10#1>) is not applicable
        (cannot infer type-variable(s) T1#10,T2#9,T3#8,T4#7,T5#6,T6#5,T7#4,T8#3,T9#2,T10#1
          (actual and formal argument lists differ in length))
      method Kind1.<T1#11,T2#10,T3#9,T4#8,T5#7,T6#6,T7#5,T8#4,T9#3,T10#2,T11#1>group(App<Mu<Object>,T1#11>,App<Mu<Object>,T2#10>,App<Mu<Object>,T3#9>,App<Mu<Object>,T4#8>,App<Mu<Object>,T5#7>,App<Mu<Object>,T6#6>,App<Mu<Object>,T7#5>,App<Mu<Object>,T8#4>,App<Mu<Object>,T9#3>,App<Mu<Object>,T10#2>,App<Mu<Object>,T11#1>) is not applicable
        (cannot infer type-variable(s) T1#11,T2#10,T3#9,T4#8,T5#7,T6#6,T7#5,T8#4,T9#3,T10#2,T11#1
          (actual and formal argument lists differ in length))
      method Kind1.<T1#12,T2#11,T3#10,T4#9,T5#8,T6#7,T7#6,T8#5,T9#4,T10#3,T11#2,T12#1>group(App<Mu<Object>,T1#12>,App<Mu<Object>,T2#11>,App<Mu<Object>,T3#10>,App<Mu<Object>,T4#9>,App<Mu<Object>,T5#8>,App<Mu<Object>,T6#7>,App<Mu<Object>,T7#6>,App<Mu<Object>,T8#5>,App<Mu<Object>,T9#4>,App<Mu<Object>,T10#3>,App<Mu<Object>,T11#2>,App<Mu<Object>,T12#1>) is not applicable
        (cannot infer type-variable(s) T1#12,T2#11,T3#10,T4#9,T5#8,T6#7,T7#6,T8#5,T9#4,T10#3,T11#2,T12#1
          (actual and formal argument lists differ in length))
      method Kind1.<T1#13,T2#12,T3#11,T4#10,T5#9,T6#8,T7#7,T8#6,T9#5,T10#4,T11#3,T12#2,T13#1>group(App<Mu<Object>,T1#13>,App<Mu<Object>,T2#12>,App<Mu<Object>,T3#11>,App<Mu<Object>,T4#10>,App<Mu<Object>,T5#9>,App<Mu<Object>,T6#8>,App<Mu<Object>,T7#7>,App<Mu<Object>,T8#6>,App<Mu<Object>,T9#5>,App<Mu<Object>,T10#4>,App<Mu<Object>,T11#3>,App<Mu<Object>,T12#2>,App<Mu<Object>,T13#1>) is not applicable
        (cannot infer type-variable(s) T1#13,T2#12,T3#11,T4#10,T5#9,T6#8,T7#7,T8#6,T9#5,T10#4,T11#3,T12#2,T13#1
          (actual and formal argument lists differ in length))
      method Kind1.<T1#14,T2#13,T3#12,T4#11,T5#10,T6#9,T7#8,T8#7,T9#6,T10#5,T11#4,T12#3,T13#2,T14#1>group(App<Mu<Object>,T1#14>,App<Mu<Object>,T2#13>,App<Mu<Object>,T3#12>,App<Mu<Object>,T4#11>,App<Mu<Object>,T5#10>,App<Mu<Object>,T6#9>,App<Mu<Object>,T7#8>,App<Mu<Object>,T8#7>,App<Mu<Object>,T9#6>,App<Mu<Object>,T10#5>,App<Mu<Object>,T11#4>,App<Mu<Object>,T12#3>,App<Mu<Object>,T13#2>,App<Mu<Object>,T14#1>) is not applicable
        (cannot infer type-variable(s) T1#14,T2#13,T3#12,T4#11,T5#10,T6#9,T7#8,T8#7,T9#6,T10#5,T11#4,T12#3,T13#2,T14#1
          (actual and formal argument lists differ in length))
      method Kind1.<T1#15,T2#14,T3#13,T4#12,T5#11,T6#10,T7#9,T8#8,T9#7,T10#6,T11#5,T12#4,T13#3,T14#2,T15#1>group(App<Mu<Object>,T1#15>,App<Mu<Object>,T2#14>,App<Mu<Object>,T3#13>,App<Mu<Object>,T4#12>,App<Mu<Object>,T5#11>,App<Mu<Object>,T6#10>,App<Mu<Object>,T7#9>,App<Mu<Object>,T8#8>,App<Mu<Object>,T9#7>,App<Mu<Object>,T10#6>,App<Mu<Object>,T11#5>,App<Mu<Object>,T12#4>,App<Mu<Object>,T13#3>,App<Mu<Object>,T14#2>,App<Mu<Object>,T15#1>) is not applicable
        (cannot infer type-variable(s) T1#15,T2#14,T3#13,T4#12,T5#11,T6#10,T7#9,T8#8,T9#7,T10#6,T11#5,T12#4,T13#3,T14#2,T15#1
          (actual and formal argument lists differ in length))
      method Kind1.<T1#16,T2#15,T3#14,T4#13,T5#12,T6#11,T7#10,T8#9,T9#8,T10#7,T11#6,T12#5,T13#4,T14#3,T15#2,T16>group(App<Mu<Object>,T1#16>,App<Mu<Object>,T2#15>,App<Mu<Object>,T3#14>,App<Mu<Object>,T4#13>,App<Mu<Object>,T5#12>,App<Mu<Object>,T6#11>,App<Mu<Object>,T7#10>,App<Mu<Object>,T8#9>,App<Mu<Object>,T9#8>,App<Mu<Object>,T10#7>,App<Mu<Object>,T11#6>,App<Mu<Object>,T12#5>,App<Mu<Object>,T13#4>,App<Mu<Object>,T14#3>,App<Mu<Object>,T15#2>,App<Mu<Object>,T16>) is not applicable
        (cannot infer type-variable(s) T1#16,T2#15,T3#14,T4#13,T5#12,T6#11,T7#10,T8#9,T9#8,T10#7,T11#6,T12#5,T13#4,T14#3,T15#2,T16
          (actual and formal argument lists differ in length))
    where T1#1,F,T1#2,T2#1,T1#3,T2#2,T3#1,O,A,T1#4,T2#3,T3#2,T4#1,T1#5,T2#4,T3#3,T4#2,T5#1,T1#6,T2#5,T3#4,T4#3,T5#2,T6#1,T1#7,T2#6,T3#5,T4#4,T5#3,T6#2,T7#1,T1#8,T2#7,T3#6,T4#5,T5#4,T6#3,T7#2,T8#1,T1#9,T2#8,T3#7,T4#6,T5#5,T6#4,T7#3,T8#2,T9#1,T1#10,T2#9,T3#8,T4#7,T5#6,T6#5,T7#4,T8#3,T9#2,T10#1,T1#11,T2#10,T3#9,T4#8,T5#7,T6#6,T7#5,T8#4,T9#3,T10#2,T11#1,T1#12,T2#11,T3#10,T4#9,T5#8,T6#7,T7#6,T8#5,T9#4,T10#3,T11#2,T12#1,T1#13,T2#12,T3#11,T4#10,T5#9,T6#8,T7#7,T8#6,T9#5,T10#4,T11#3,T12#2,T13#1,T1#14,T2#13,T3#12,T4#11,T5#10,T6#9,T7#8,T8#7,T9#6,T10#5,T11#4,T12#3,T13#2,T14#1,T1#15,T2#14,T3#13,T4#12,T5#11,T6#10,T7#9,T8#8,T9#7,T10#6,T11#5,T12#4,T13#3,T14#2,T15#1,T1#16,T2#15,T3#14,T4#13,T5#12,T6#11,T7#10,T8#9,T9#8,T10#7,T11#6,T12#5,T13#4,T14#3,T15#2,T16 are type-variables:
      T1#1 extends Object declared in method <T1#1>group(App<F,T1#1>)
      F extends K1 declared in interface Kind1
      T1#2 extends Object declared in method <T1#2,T2#1>group(App<F,T1#2>,App<F,T2#1>)
      T2#1 extends Object declared in method <T1#2,T2#1>group(App<F,T1#2>,App<F,T2#1>)
      T1#3 extends Object declared in method <T1#3,T2#2,T3#1>group(App<F,T1#3>,App<F,T2#2>,App<F,T3#1>)
      T2#2 extends Object declared in method <T1#3,T2#2,T3#1>group(App<F,T1#3>,App<F,T2#2>,App<F,T3#1>)
      T3#1 extends Object declared in method <T1#3,T2#2,T3#1>group(App<F,T1#3>,App<F,T2#2>,App<F,T3#1>)
      O extends Object declared in method <O>forGetter(Function<O,A>)
      A extends Object declared in class MapCodec
      T1#4 extends Object declared in method <T1#4,T2#3,T3#2,T4#1>group(App<F,T1#4>,App<F,T2#3>,App<F,T3#2>,App<F,T4#1>)
      T2#3 extends Object declared in method <T1#4,T2#3,T3#2,T4#1>group(App<F,T1#4>,App<F,T2#3>,App<F,T3#2>,App<F,T4#1>)
      T3#2 extends Object declared in method <T1#4,T2#3,T3#2,T4#1>group(App<F,T1#4>,App<F,T2#3>,App<F,T3#2>,App<F,T4#1>)
      T4#1 extends Object declared in method <T1#4,T2#3,T3#2,T4#1>group(App<F,T1#4>,App<F,T2#3>,App<F,T3#2>,App<F,T4#1>)
      T1#5 extends Object declared in method <T1#5,T2#4,T3#3,T4#2,T5#1>group(App<F,T1#5>,App<F,T2#4>,App<F,T3#3>,App<F,T4#2>,App<F,T5#1>)
      T2#4 extends Object declared in method <T1#5,T2#4,T3#3,T4#2,T5#1>group(App<F,T1#5>,App<F,T2#4>,App<F,T3#3>,App<F,T4#2>,App<F,T5#1>)
      T3#3 extends Object declared in method <T1#5,T2#4,T3#3,T4#2,T5#1>group(App<F,T1#5>,App<F,T2#4>,App<F,T3#3>,App<F,T4#2>,App<F,T5#1>)
      T4#2 extends Object declared in method <T1#5,T2#4,T3#3,T4#2,T5#1>group(App<F,T1#5>,App<F,T2#4>,App<F,T3#3>,App<F,T4#2>,App<F,T5#1>)
      T5#1 extends Object declared in method <T1#5,T2#4,T3#3,T4#2,T5#1>group(App<F,T1#5>,App<F,T2#4>,App<F,T3#3>,App<F,T4#2>,App<F,T5#1>)
      T1#6 extends Object declared in method <T1#6,T2#5,T3#4,T4#3,T5#2,T6#1>group(App<F,T1#6>,App<F,T2#5>,App<F,T3#4>,App<F,T4#3>,App<F,T5#2>,App<F,T6#1>)
      T2#5 extends Object declared in method <T1#6,T2#5,T3#4,T4#3,T5#2,T6#1>group(App<F,T1#6>,App<F,T2#5>,App<F,T3#4>,App<F,T4#3>,App<F,T5#2>,App<F,T6#1>)
      T3#4 extends Object declared in method <T1#6,T2#5,T3#4,T4#3,T5#2,T6#1>group(App<F,T1#6>,App<F,T2#5>,App<F,T3#4>,App<F,T4#3>,App<F,T5#2>,App<F,T6#1>)
      T4#3 extends Object declared in method <T1#6,T2#5,T3#4,T4#3,T5#2,T6#1>group(App<F,T1#6>,App<F,T2#5>,App<F,T3#4>,App<F,T4#3>,App<F,T5#2>,App<F,T6#1>)
      T5#2 extends Object declared in method <T1#6,T2#5,T3#4,T4#3,T5#2,T6#1>group(App<F,T1#6>,App<F,T2#5>,App<F,T3#4>,App<F,T4#3>,App<F,T5#2>,App<F,T6#1>)
      T6#1 extends Object declared in method <T1#6,T2#5,T3#4,T4#3,T5#2,T6#1>group(App<F,T1#6>,App<F,T2#5>,App<F,T3#4>,App<F,T4#3>,App<F,T5#2>,App<F,T6#1>)
      T1#7 extends Object declared in method <T1#7,T2#6,T3#5,T4#4,T5#3,T6#2,T7#1>group(App<F,T1#7>,App<F,T2#6>,App<F,T3#5>,App<F,T4#4>,App<F,T5#3>,App<F,T6#2>,App<F,T7#1>)
      T2#6 extends Object declared in method <T1#7,T2#6,T3#5,T4#4,T5#3,T6#2,T7#1>group(App<F,T1#7>,App<F,T2#6>,App<F,T3#5>,App<F,T4#4>,App<F,T5#3>,App<F,T6#2>,App<F,T7#1>)
      T3#5 extends Object declared in method <T1#7,T2#6,T3#5,T4#4,T5#3,T6#2,T7#1>group(App<F,T1#7>,App<F,T2#6>,App<F,T3#5>,App<F,T4#4>,App<F,T5#3>,App<F,T6#2>,App<F,T7#1>)
      T4#4 extends Object declared in method <T1#7,T2#6,T3#5,T4#4,T5#3,T6#2,T7#1>group(App<F,T1#7>,App<F,T2#6>,App<F,T3#5>,App<F,T4#4>,App<F,T5#3>,App<F,T6#2>,App<F,T7#1>)
      T5#3 extends Object declared in method <T1#7,T2#6,T3#5,T4#4,T5#3,T6#2,T7#1>group(App<F,T1#7>,App<F,T2#6>,App<F,T3#5>,App<F,T4#4>,App<F,T5#3>,App<F,T6#2>,App<F,T7#1>)
      T6#2 extends Object declared in method <T1#7,T2#6,T3#5,T4#4,T5#3,T6#2,T7#1>group(App<F,T1#7>,App<F,T2#6>,App<F,T3#5>,App<F,T4#4>,App<F,T5#3>,App<F,T6#2>,App<F,T7#1>)
      T7#1 extends Object declared in method <T1#7,T2#6,T3#5,T4#4,T5#3,T6#2,T7#1>group(App<F,T1#7>,App<F,T2#6>,App<F,T3#5>,App<F,T4#4>,App<F,T5#3>,App<F,T6#2>,App<F,T7#1>)
      T1#8 extends Object declared in method <T1#8,T2#7,T3#6,T4#5,T5#4,T6#3,T7#2,T8#1>group(App<F,T1#8>,App<F,T2#7>,App<F,T3#6>,App<F,T4#5>,App<F,T5#4>,App<F,T6#3>,App<F,T7#2>,App<F,T8#1>)
      T2#7 extends Object declared in method <T1#8,T2#7,T3#6,T4#5,T5#4,T6#3,T7#2,T8#1>group(App<F,T1#8>,App<F,T2#7>,App<F,T3#6>,App<F,T4#5>,App<F,T5#4>,App<F,T6#3>,App<F,T7#2>,App<F,T8#1>)
      T3#6 extends Object declared in method <T1#8,T2#7,T3#6,T4#5,T5#4,T6#3,T7#2,T8#1>group(App<F,T1#8>,App<F,T2#7>,App<F,T3#6>,App<F,T4#5>,App<F,T5#4>,App<F,T6#3>,App<F,T7#2>,App<F,T8#1>)
      T4#5 extends Object declared in method <T1#8,T2#7,T3#6,T4#5,T5#4,T6#3,T7#2,T8#1>group(App<F,T1#8>,App<F,T2#7>,App<F,T3#6>,App<F,T4#5>,App<F,T5#4>,App<F,T6#3>,App<F,T7#2>,App<F,T8#1>)
      T5#4 extends Object declared in method <T1#8,T2#7,T3#6,T4#5,T5#4,T6#3,T7#2,T8#1>group(App<F,T1#8>,App<F,T2#7>,App<F,T3#6>,App<F,T4#5>,App<F,T5#4>,App<F,T6#3>,App<F,T7#2>,App<F,T8#1>)
      T6#3 extends Object declared in method <T1#8,T2#7,T3#6,T4#5,T5#4,T6#3,T7#2,T8#1>group(App<F,T1#8>,App<F,T2#7>,App<F,T3#6>,App<F,T4#5>,App<F,T5#4>,App<F,T6#3>,App<F,T7#2>,App<F,T8#1>)
      T7#2 extends Object declared in method <T1#8,T2#7,T3#6,T4#5,T5#4,T6#3,T7#2,T8#1>group(App<F,T1#8>,App<F,T2#7>,App<F,T3#6>,App<F,T4#5>,App<F,T5#4>,App<F,T6#3>,App<F,T7#2>,App<F,T8#1>)
      T8#1 extends Object declared in method <T1#8,T2#7,T3#6,T4#5,T5#4,T6#3,T7#2,T8#1>group(App<F,T1#8>,App<F,T2#7>,App<F,T3#6>,App<F,T4#5>,App<F,T5#4>,App<F,T6#3>,App<F,T7#2>,App<F,T8#1>)
      T1#9 extends Object declared in method <T1#9,T2#8,T3#7,T4#6,T5#5,T6#4,T7#3,T8#2,T9#1>group(App<F,T1#9>,App<F,T2#8>,App<F,T3#7>,App<F,T4#6>,App<F,T5#5>,App<F,T6#4>,App<F,T7#3>,App<F,T8#2>,App<F,T9#1>)
      T2#8 extends Object declared in method <T1#9,T2#8,T3#7,T4#6,T5#5,T6#4,T7#3,T8#2,T9#1>group(App<F,T1#9>,App<F,T2#8>,App<F,T3#7>,App<F,T4#6>,App<F,T5#5>,App<F,T6#4>,App<F,T7#3>,App<F,T8#2>,App<F,T9#1>)
      T3#7 extends Object declared in method <T1#9,T2#8,T3#7,T4#6,T5#5,T6#4,T7#3,T8#2,T9#1>group(App<F,T1#9>,App<F,T2#8>,App<F,T3#7>,App<F,T4#6>,App<F,T5#5>,App<F,T6#4>,App<F,T7#3>,App<F,T8#2>,App<F,T9#1>)
      T4#6 extends Object declared in method <T1#9,T2#8,T3#7,T4#6,T5#5,T6#4,T7#3,T8#2,T9#1>group(App<F,T1#9>,App<F,T2#8>,App<F,T3#7>,App<F,T4#6>,App<F,T5#5>,App<F,T6#4>,App<F,T7#3>,App<F,T8#2>,App<F,T9#1>)
      T5#5 extends Object declared in method <T1#9,T2#8,T3#7,T4#6,T5#5,T6#4,T7#3,T8#2,T9#1>group(App<F,T1#9>,App<F,T2#8>,App<F,T3#7>,App<F,T4#6>,App<F,T5#5>,App<F,T6#4>,App<F,T7#3>,App<F,T8#2>,App<F,T9#1>)
      T6#4 extends Object declared in method <T1#9,T2#8,T3#7,T4#6,T5#5,T6#4,T7#3,T8#2,T9#1>group(App<F,T1#9>,App<F,T2#8>,App<F,T3#7>,App<F,T4#6>,App<F,T5#5>,App<F,T6#4>,App<F,T7#3>,App<F,T8#2>,App<F,T9#1>)
      T7#3 extends Object declared in method <T1#9,T2#8,T3#7,T4#6,T5#5,T6#4,T7#3,T8#2,T9#1>group(App<F,T1#9>,App<F,T2#8>,App<F,T3#7>,App<F,T4#6>,App<F,T5#5>,App<F,T6#4>,App<F,T7#3>,App<F,T8#2>,App<F,T9#1>)
      T8#2 extends Object declared in method <T1#9,T2#8,T3#7,T4#6,T5#5,T6#4,T7#3,T8#2,T9#1>group(App<F,T1#9>,App<F,T2#8>,App<F,T3#7>,App<F,T4#6>,App<F,T5#5>,App<F,T6#4>,App<F,T7#3>,App<F,T8#2>,App<F,T9#1>)
      T9#1 extends Object declared in method <T1#9,T2#8,T3#7,T4#6,T5#5,T6#4,T7#3,T8#2,T9#1>group(App<F,T1#9>,App<F,T2#8>,App<F,T3#7>,App<F,T4#6>,App<F,T5#5>,App<F,T6#4>,App<F,T7#3>,App<F,T8#2>,App<F,T9#1>)
      T1#10 extends Object declared in method <T1#10,T2#9,T3#8,T4#7,T5#6,T6#5,T7#4,T8#3,T9#2,T10#1>group(App<F,T1#10>,App<F,T2#9>,App<F,T3#8>,App<F,T4#7>,App<F,T5#6>,App<F,T6#5>,App<F,T7#4>,App<F,T8#3>,App<F,T9#2>,App<F,T10#1>)
      T2#9 extends Object declared in method <T1#10,T2#9,T3#8,T4#7,T5#6,T6#5,T7#4,T8#3,T9#2,T10#1>group(App<F,T1#10>,App<F,T2#9>,App<F,T3#8>,App<F,T4#7>,App<F,T5#6>,App<F,T6#5>,App<F,T7#4>,App<F,T8#3>,App<F,T9#2>,App<F,T10#1>)
      T3#8 extends Object declared in method <T1#10,T2#9,T3#8,T4#7,T5#6,T6#5,T7#4,T8#3,T9#2,T10#1>group(App<F,T1#10>,App<F,T2#9>,App<F,T3#8>,App<F,T4#7>,App<F,T5#6>,App<F,T6#5>,App<F,T7#4>,App<F,T8#3>,App<F,T9#2>,App<F,T10#1>)
      T4#7 extends Object declared in method <T1#10,T2#9,T3#8,T4#7,T5#6,T6#5,T7#4,T8#3,T9#2,T10#1>group(App<F,T1#10>,App<F,T2#9>,App<F,T3#8>,App<F,T4#7>,App<F,T5#6>,App<F,T6#5>,App<F,T7#4>,App<F,T8#3>,App<F,T9#2>,App<F,T10#1>)
      T5#6 extends Object declared in method <T1#10,T2#9,T3#8,T4#7,T5#6,T6#5,T7#4,T8#3,T9#2,T10#1>group(App<F,T1#10>,App<F,T2#9>,App<F,T3#8>,App<F,T4#7>,App<F,T5#6>,App<F,T6#5>,App<F,T7#4>,App<F,T8#3>,App<F,T9#2>,App<F,T10#1>)
      T6#5 extends Object declared in method <T1#10,T2#9,T3#8,T4#7,T5#6,T6#5,T7#4,T8#3,T9#2,T10#1>group(App<F,T1#10>,App<F,T2#9>,App<F,T3#8>,App<F,T4#7>,App<F,T5#6>,App<F,T6#5>,App<F,T7#4>,App<F,T8#3>,App<F,T9#2>,App<F,T10#1>)
      T7#4 extends Object declared in method <T1#10,T2#9,T3#8,T4#7,T5#6,T6#5,T7#4,T8#3,T9#2,T10#1>group(App<F,T1#10>,App<F,T2#9>,App<F,T3#8>,App<F,T4#7>,App<F,T5#6>,App<F,T6#5>,App<F,T7#4>,App<F,T8#3>,App<F,T9#2>,App<F,T10#1>)
      T8#3 extends Object declared in method <T1#10,T2#9,T3#8,T4#7,T5#6,T6#5,T7#4,T8#3,T9#2,T10#1>group(App<F,T1#10>,App<F,T2#9>,App<F,T3#8>,App<F,T4#7>,App<F,T5#6>,App<F,T6#5>,App<F,T7#4>,App<F,T8#3>,App<F,T9#2>,App<F,T10#1>)
      T9#2 extends Object declared in method <T1#10,T2#9,T3#8,T4#7,T5#6,T6#5,T7#4,T8#3,T9#2,T10#1>group(App<F,T1#10>,App<F,T2#9>,App<F,T3#8>,App<F,T4#7>,App<F,T5#6>,App<F,T6#5>,App<F,T7#4>,App<F,T8#3>,App<F,T9#2>,App<F,T10#1>)
      T10#1 extends Object declared in method <T1#10,T2#9,T3#8,T4#7,T5#6,T6#5,T7#4,T8#3,T9#2,T10#1>group(App<F,T1#10>,App<F,T2#9>,App<F,T3#8>,App<F,T4#7>,App<F,T5#6>,App<F,T6#5>,App<F,T7#4>,App<F,T8#3>,App<F,T9#2>,App<F,T10#1>)
      T1#11 extends Object declared in method <T1#11,T2#10,T3#9,T4#8,T5#7,T6#6,T7#5,T8#4,T9#3,T10#2,T11#1>group(App<F,T1#11>,App<F,T2#10>,App<F,T3#9>,App<F,T4#8>,App<F,T5#7>,App<F,T6#6>,App<F,T7#5>,App<F,T8#4>,App<F,T9#3>,App<F,T10#2>,App<F,T11#1>)
      T2#10 extends Object declared in method <T1#11,T2#10,T3#9,T4#8,T5#7,T6#6,T7#5,T8#4,T9#3,T10#2,T11#1>group(App<F,T1#11>,App<F,T2#10>,App<F,T3#9>,App<F,T4#8>,App<F,T5#7>,App<F,T6#6>,App<F,T7#5>,App<F,T8#4>,App<F,T9#3>,App<F,T10#2>,App<F,T11#1>)
      T3#9 extends Object declared in method <T1#11,T2#10,T3#9,T4#8,T5#7,T6#6,T7#5,T8#4,T9#3,T10#2,T11#1>group(App<F,T1#11>,App<F,T2#10>,App<F,T3#9>,App<F,T4#8>,App<F,T5#7>,App<F,T6#6>,App<F,T7#5>,App<F,T8#4>,App<F,T9#3>,App<F,T10#2>,App<F,T11#1>)
      T4#8 extends Object declared in method <T1#11,T2#10,T3#9,T4#8,T5#7,T6#6,T7#5,T8#4,T9#3,T10#2,T11#1>group(App<F,T1#11>,App<F,T2#10>,App<F,T3#9>,App<F,T4#8>,App<F,T5#7>,App<F,T6#6>,App<F,T7#5>,App<F,T8#4>,App<F,T9#3>,App<F,T10#2>,App<F,T11#1>)
      T5#7 extends Object declared in method <T1#11,T2#10,T3#9,T4#8,T5#7,T6#6,T7#5,T8#4,T9#3,T10#2,T11#1>group(App<F,T1#11>,App<F,T2#10>,App<F,T3#9>,App<F,T4#8>,App<F,T5#7>,App<F,T6#6>,App<F,T7#5>,App<F,T8#4>,App<F,T9#3>,App<F,T10#2>,App<F,T11#1>)
      T6#6 extends Object declared in method <T1#11,T2#10,T3#9,T4#8,T5#7,T6#6,T7#5,T8#4,T9#3,T10#2,T11#1>group(App<F,T1#11>,App<F,T2#10>,App<F,T3#9>,App<F,T4#8>,App<F,T5#7>,App<F,T6#6>,App<F,T7#5>,App<F,T8#4>,App<F,T9#3>,App<F,T10#2>,App<F,T11#1>)
      T7#5 extends Object declared in method <T1#11,T2#10,T3#9,T4#8,T5#7,T6#6,T7#5,T8#4,T9#3,T10#2,T11#1>group(App<F,T1#11>,App<F,T2#10>,App<F,T3#9>,App<F,T4#8>,App<F,T5#7>,App<F,T6#6>,App<F,T7#5>,App<F,T8#4>,App<F,T9#3>,App<F,T10#2>,App<F,T11#1>)
      T8#4 extends Object declared in method <T1#11,T2#10,T3#9,T4#8,T5#7,T6#6,T7#5,T8#4,T9#3,T10#2,T11#1>group(App<F,T1#11>,App<F,T2#10>,App<F,T3#9>,App<F,T4#8>,App<F,T5#7>,App<F,T6#6>,App<F,T7#5>,App<F,T8#4>,App<F,T9#3>,App<F,T10#2>,App<F,T11#1>)
      T9#3 extends Object declared in method <T1#11,T2#10,T3#9,T4#8,T5#7,T6#6,T7#5,T8#4,T9#3,T10#2,T11#1>group(App<F,T1#11>,App<F,T2#10>,App<F,T3#9>,App<F,T4#8>,App<F,T5#7>,App<F,T6#6>,App<F,T7#5>,App<F,T8#4>,App<F,T9#3>,App<F,T10#2>,App<F,T11#1>)
      T10#2 extends Object declared in method <T1#11,T2#10,T3#9,T4#8,T5#7,T6#6,T7#5,T8#4,T9#3,T10#2,T11#1>group(App<F,T1#11>,App<F,T2#10>,App<F,T3#9>,App<F,T4#8>,App<F,T5#7>,App<F,T6#6>,App<F,T7#5>,App<F,T8#4>,App<F,T9#3>,App<F,T10#2>,App<F,T11#1>)
      T11#1 extends Object declared in method <T1#11,T2#10,T3#9,T4#8,T5#7,T6#6,T7#5,T8#4,T9#3,T10#2,T11#1>group(App<F,T1#11>,App<F,T2#10>,App<F,T3#9>,App<F,T4#8>,App<F,T5#7>,App<F,T6#6>,App<F,T7#5>,App<F,T8#4>,App<F,T9#3>,App<F,T10#2>,App<F,T11#1>)
      T1#12 extends Object declared in method <T1#12,T2#11,T3#10,T4#9,T5#8,T6#7,T7#6,T8#5,T9#4,T10#3,T11#2,T12#1>group(App<F,T1#12>,App<F,T2#11>,App<F,T3#10>,App<F,T4#9>,App<F,T5#8>,App<F,T6#7>,App<F,T7#6>,App<F,T8#5>,App<F,T9#4>,App<F,T10#3>,App<F,T11#2>,App<F,T12#1>)
      T2#11 extends Object declared in method <T1#12,T2#11,T3#10,T4#9,T5#8,T6#7,T7#6,T8#5,T9#4,T10#3,T11#2,T12#1>group(App<F,T1#12>,App<F,T2#11>,App<F,T3#10>,App<F,T4#9>,App<F,T5#8>,App<F,T6#7>,App<F,T7#6>,App<F,T8#5>,App<F,T9#4>,App<F,T10#3>,App<F,T11#2>,App<F,T12#1>)
      T3#10 extends Object declared in method <T1#12,T2#11,T3#10,T4#9,T5#8,T6#7,T7#6,T8#5,T9#4,T10#3,T11#2,T12#1>group(App<F,T1#12>,App<F,T2#11>,App<F,T3#10>,App<F,T4#9>,App<F,T5#8>,App<F,T6#7>,App<F,T7#6>,App<F,T8#5>,App<F,T9#4>,App<F,T10#3>,App<F,T11#2>,App<F,T12#1>)
      T4#9 extends Object declared in method <T1#12,T2#11,T3#10,T4#9,T5#8,T6#7,T7#6,T8#5,T9#4,T10#3,T11#2,T12#1>group(App<F,T1#12>,App<F,T2#11>,App<F,T3#10>,App<F,T4#9>,App<F,T5#8>,App<F,T6#7>,App<F,T7#6>,App<F,T8#5>,App<F,T9#4>,App<F,T10#3>,App<F,T11#2>,App<F,T12#1>)
      T5#8 extends Object declared in method <T1#12,T2#11,T3#10,T4#9,T5#8,T6#7,T7#6,T8#5,T9#4,T10#3,T11#2,T12#1>group(App<F,T1#12>,App<F,T2#11>,App<F,T3#10>,App<F,T4#9>,App<F,T5#8>,App<F,T6#7>,App<F,T7#6>,App<F,T8#5>,App<F,T9#4>,App<F,T10#3>,App<F,T11#2>,App<F,T12#1>)
      T6#7 extends Object declared in method <T1#12,T2#11,T3#10,T4#9,T5#8,T6#7,T7#6,T8#5,T9#4,T10#3,T11#2,T12#1>group(App<F,T1#12>,App<F,T2#11>,App<F,T3#10>,App<F,T4#9>,App<F,T5#8>,App<F,T6#7>,App<F,T7#6>,App<F,T8#5>,App<F,T9#4>,App<F,T10#3>,App<F,T11#2>,App<F,T12#1>)
      T7#6 extends Object declared in method <T1#12,T2#11,T3#10,T4#9,T5#8,T6#7,T7#6,T8#5,T9#4,T10#3,T11#2,T12#1>group(App<F,T1#12>,App<F,T2#11>,App<F,T3#10>,App<F,T4#9>,App<F,T5#8>,App<F,T6#7>,App<F,T7#6>,App<F,T8#5>,App<F,T9#4>,App<F,T10#3>,App<F,T11#2>,App<F,T12#1>)
      T8#5 extends Object declared in method <T1#12,T2#11,T3#10,T4#9,T5#8,T6#7,T7#6,T8#5,T9#4,T10#3,T11#2,T12#1>group(App<F,T1#12>,App<F,T2#11>,App<F,T3#10>,App<F,T4#9>,App<F,T5#8>,App<F,T6#7>,App<F,T7#6>,App<F,T8#5>,App<F,T9#4>,App<F,T10#3>,App<F,T11#2>,App<F,T12#1>)
      T9#4 extends Object declared in method <T1#12,T2#11,T3#10,T4#9,T5#8,T6#7,T7#6,T8#5,T9#4,T10#3,T11#2,T12#1>group(App<F,T1#12>,App<F,T2#11>,App<F,T3#10>,App<F,T4#9>,App<F,T5#8>,App<F,T6#7>,App<F,T7#6>,App<F,T8#5>,App<F,T9#4>,App<F,T10#3>,App<F,T11#2>,App<F,T12#1>)
      T10#3 extends Object declared in method <T1#12,T2#11,T3#10,T4#9,T5#8,T6#7,T7#6,T8#5,T9#4,T10#3,T11#2,T12#1>group(App<F,T1#12>,App<F,T2#11>,App<F,T3#10>,App<F,T4#9>,App<F,T5#8>,App<F,T6#7>,App<F,T7#6>,App<F,T8#5>,App<F,T9#4>,App<F,T10#3>,App<F,T11#2>,App<F,T12#1>)
      T11#2 extends Object declared in method <T1#12,T2#11,T3#10,T4#9,T5#8,T6#7,T7#6,T8#5,T9#4,T10#3,T11#2,T12#1>group(App<F,T1#12>,App<F,T2#11>,App<F,T3#10>,App<F,T4#9>,App<F,T5#8>,App<F,T6#7>,App<F,T7#6>,App<F,T8#5>,App<F,T9#4>,App<F,T10#3>,App<F,T11#2>,App<F,T12#1>)
      T12#1 extends Object declared in method <T1#12,T2#11,T3#10,T4#9,T5#8,T6#7,T7#6,T8#5,T9#4,T10#3,T11#2,T12#1>group(App<F,T1#12>,App<F,T2#11>,App<F,T3#10>,App<F,T4#9>,App<F,T5#8>,App<F,T6#7>,App<F,T7#6>,App<F,T8#5>,App<F,T9#4>,App<F,T10#3>,App<F,T11#2>,App<F,T12#1>)
      T1#13 extends Object declared in method <T1#13,T2#12,T3#11,T4#10,T5#9,T6#8,T7#7,T8#6,T9#5,T10#4,T11#3,T12#2,T13#1>group(App<F,T1#13>,App<F,T2#12>,App<F,T3#11>,App<F,T4#10>,App<F,T5#9>,App<F,T6#8>,App<F,T7#7>,App<F,T8#6>,App<F,T9#5>,App<F,T10#4>,App<F,T11#3>,App<F,T12#2>,App<F,T13#1>)
      T2#12 extends Object declared in method <T1#13,T2#12,T3#11,T4#10,T5#9,T6#8,T7#7,T8#6,T9#5,T10#4,T11#3,T12#2,T13#1>group(App<F,T1#13>,App<F,T2#12>,App<F,T3#11>,App<F,T4#10>,App<F,T5#9>,App<F,T6#8>,App<F,T7#7>,App<F,T8#6>,App<F,T9#5>,App<F,T10#4>,App<F,T11#3>,App<F,T12#2>,App<F,T13#1>)
      T3#11 extends Object declared in method <T1#13,T2#12,T3#11,T4#10,T5#9,T6#8,T7#7,T8#6,T9#5,T10#4,T11#3,T12#2,T13#1>group(App<F,T1#13>,App<F,T2#12>,App<F,T3#11>,App<F,T4#10>,App<F,T5#9>,App<F,T6#8>,App<F,T7#7>,App<F,T8#6>,App<F,T9#5>,App<F,T10#4>,App<F,T11#3>,App<F,T12#2>,App<F,T13#1>)
      T4#10 extends Object declared in method <T1#13,T2#12,T3#11,T4#10,T5#9,T6#8,T7#7,T8#6,T9#5,T10#4,T11#3,T12#2,T13#1>group(App<F,T1#13>,App<F,T2#12>,App<F,T3#11>,App<F,T4#10>,App<F,T5#9>,App<F,T6#8>,App<F,T7#7>,App<F,T8#6>,App<F,T9#5>,App<F,T10#4>,App<F,T11#3>,App<F,T12#2>,App<F,T13#1>)
      T5#9 extends Object declared in method <T1#13,T2#12,T3#11,T4#10,T5#9,T6#8,T7#7,T8#6,T9#5,T10#4,T11#3,T12#2,T13#1>group(App<F,T1#13>,App<F,T2#12>,App<F,T3#11>,App<F,T4#10>,App<F,T5#9>,App<F,T6#8>,App<F,T7#7>,App<F,T8#6>,App<F,T9#5>,App<F,T10#4>,App<F,T11#3>,App<F,T12#2>,App<F,T13#1>)
      T6#8 extends Object declared in method <T1#13,T2#12,T3#11,T4#10,T5#9,T6#8,T7#7,T8#6,T9#5,T10#4,T11#3,T12#2,T13#1>group(App<F,T1#13>,App<F,T2#12>,App<F,T3#11>,App<F,T4#10>,App<F,T5#9>,App<F,T6#8>,App<F,T7#7>,App<F,T8#6>,App<F,T9#5>,App<F,T10#4>,App<F,T11#3>,App<F,T12#2>,App<F,T13#1>)
      T7#7 extends Object declared in method <T1#13,T2#12,T3#11,T4#10,T5#9,T6#8,T7#7,T8#6,T9#5,T10#4,T11#3,T12#2,T13#1>group(App<F,T1#13>,App<F,T2#12>,App<F,T3#11>,App<F,T4#10>,App<F,T5#9>,App<F,T6#8>,App<F,T7#7>,App<F,T8#6>,App<F,T9#5>,App<F,T10#4>,App<F,T11#3>,App<F,T12#2>,App<F,T13#1>)
      T8#6 extends Object declared in method <T1#13,T2#12,T3#11,T4#10,T5#9,T6#8,T7#7,T8#6,T9#5,T10#4,T11#3,T12#2,T13#1>group(App<F,T1#13>,App<F,T2#12>,App<F,T3#11>,App<F,T4#10>,App<F,T5#9>,App<F,T6#8>,App<F,T7#7>,App<F,T8#6>,App<F,T9#5>,App<F,T10#4>,App<F,T11#3>,App<F,T12#2>,App<F,T13#1>)
      T9#5 extends Object declared in method <T1#13,T2#12,T3#11,T4#10,T5#9,T6#8,T7#7,T8#6,T9#5,T10#4,T11#3,T12#2,T13#1>group(App<F,T1#13>,App<F,T2#12>,App<F,T3#11>,App<F,T4#10>,App<F,T5#9>,App<F,T6#8>,App<F,T7#7>,App<F,T8#6>,App<F,T9#5>,App<F,T10#4>,App<F,T11#3>,App<F,T12#2>,App<F,T13#1>)
      T10#4 extends Object declared in method <T1#13,T2#12,T3#11,T4#10,T5#9,T6#8,T7#7,T8#6,T9#5,T10#4,T11#3,T12#2,T13#1>group(App<F,T1#13>,App<F,T2#12>,App<F,T3#11>,App<F,T4#10>,App<F,T5#9>,App<F,T6#8>,App<F,T7#7>,App<F,T8#6>,App<F,T9#5>,App<F,T10#4>,App<F,T11#3>,App<F,T12#2>,App<F,T13#1>)
      T11#3 extends Object declared in method <T1#13,T2#12,T3#11,T4#10,T5#9,T6#8,T7#7,T8#6,T9#5,T10#4,T11#3,T12#2,T13#1>group(App<F,T1#13>,App<F,T2#12>,App<F,T3#11>,App<F,T4#10>,App<F,T5#9>,App<F,T6#8>,App<F,T7#7>,App<F,T8#6>,App<F,T9#5>,App<F,T10#4>,App<F,T11#3>,App<F,T12#2>,App<F,T13#1>)
      T12#2 extends Object declared in method <T1#13,T2#12,T3#11,T4#10,T5#9,T6#8,T7#7,T8#6,T9#5,T10#4,T11#3,T12#2,T13#1>group(App<F,T1#13>,App<F,T2#12>,App<F,T3#11>,App<F,T4#10>,App<F,T5#9>,App<F,T6#8>,App<F,T7#7>,App<F,T8#6>,App<F,T9#5>,App<F,T10#4>,App<F,T11#3>,App<F,T12#2>,App<F,T13#1>)
      T13#1 extends Object declared in method <T1#13,T2#12,T3#11,T4#10,T5#9,T6#8,T7#7,T8#6,T9#5,T10#4,T11#3,T12#2,T13#1>group(App<F,T1#13>,App<F,T2#12>,App<F,T3#11>,App<F,T4#10>,App<F,T5#9>,App<F,T6#8>,App<F,T7#7>,App<F,T8#6>,App<F,T9#5>,App<F,T10#4>,App<F,T11#3>,App<F,T12#2>,App<F,T13#1>)
      T1#14 extends Object declared in method <T1#14,T2#13,T3#12,T4#11,T5#10,T6#9,T7#8,T8#7,T9#6,T10#5,T11#4,T12#3,T13#2,T14#1>group(App<F,T1#14>,App<F,T2#13>,App<F,T3#12>,App<F,T4#11>,App<F,T5#10>,App<F,T6#9>,App<F,T7#8>,App<F,T8#7>,App<F,T9#6>,App<F,T10#5>,App<F,T11#4>,App<F,T12#3>,App<F,T13#2>,App<F,T14#1>)
      T2#13 extends Object declared in method <T1#14,T2#13,T3#12,T4#11,T5#10,T6#9,T7#8,T8#7,T9#6,T10#5,T11#4,T12#3,T13#2,T14#1>group(App<F,T1#14>,App<F,T2#13>,App<F,T3#12>,App<F,T4#11>,App<F,T5#10>,App<F,T6#9>,App<F,T7#8>,App<F,T8#7>,App<F,T9#6>,App<F,T10#5>,App<F,T11#4>,App<F,T12#3>,App<F,T13#2>,App<F,T14#1>)
      T3#12 extends Object declared in method <T1#14,T2#13,T3#12,T4#11,T5#10,T6#9,T7#8,T8#7,T9#6,T10#5,T11#4,T12#3,T13#2,T14#1>group(App<F,T1#14>,App<F,T2#13>,App<F,T3#12>,App<F,T4#11>,App<F,T5#10>,App<F,T6#9>,App<F,T7#8>,App<F,T8#7>,App<F,T9#6>,App<F,T10#5>,App<F,T11#4>,App<F,T12#3>,App<F,T13#2>,App<F,T14#1>)
      T4#11 extends Object declared in method <T1#14,T2#13,T3#12,T4#11,T5#10,T6#9,T7#8,T8#7,T9#6,T10#5,T11#4,T12#3,T13#2,T14#1>group(App<F,T1#14>,App<F,T2#13>,App<F,T3#12>,App<F,T4#11>,App<F,T5#10>,App<F,T6#9>,App<F,T7#8>,App<F,T8#7>,App<F,T9#6>,App<F,T10#5>,App<F,T11#4>,App<F,T12#3>,App<F,T13#2>,App<F,T14#1>)
      T5#10 extends Object declared in method <T1#14,T2#13,T3#12,T4#11,T5#10,T6#9,T7#8,T8#7,T9#6,T10#5,T11#4,T12#3,T13#2,T14#1>group(App<F,T1#14>,App<F,T2#13>,App<F,T3#12>,App<F,T4#11>,App<F,T5#10>,App<F,T6#9>,App<F,T7#8>,App<F,T8#7>,App<F,T9#6>,App<F,T10#5>,App<F,T11#4>,App<F,T12#3>,App<F,T13#2>,App<F,T14#1>)
      T6#9 extends Object declared in method <T1#14,T2#13,T3#12,T4#11,T5#10,T6#9,T7#8,T8#7,T9#6,T10#5,T11#4,T12#3,T13#2,T14#1>group(App<F,T1#14>,App<F,T2#13>,App<F,T3#12>,App<F,T4#11>,App<F,T5#10>,App<F,T6#9>,App<F,T7#8>,App<F,T8#7>,App<F,T9#6>,App<F,T10#5>,App<F,T11#4>,App<F,T12#3>,App<F,T13#2>,App<F,T14#1>)
      T7#8 extends Object declared in method <T1#14,T2#13,T3#12,T4#11,T5#10,T6#9,T7#8,T8#7,T9#6,T10#5,T11#4,T12#3,T13#2,T14#1>group(App<F,T1#14>,App<F,T2#13>,App<F,T3#12>,App<F,T4#11>,App<F,T5#10>,App<F,T6#9>,App<F,T7#8>,App<F,T8#7>,App<F,T9#6>,App<F,T10#5>,App<F,T11#4>,App<F,T12#3>,App<F,T13#2>,App<F,T14#1>)
      T8#7 extends Object declared in method <T1#14,T2#13,T3#12,T4#11,T5#10,T6#9,T7#8,T8#7,T9#6,T10#5,T11#4,T12#3,T13#2,T14#1>group(App<F,T1#14>,App<F,T2#13>,App<F,T3#12>,App<F,T4#11>,App<F,T5#10>,App<F,T6#9>,App<F,T7#8>,App<F,T8#7>,App<F,T9#6>,App<F,T10#5>,App<F,T11#4>,App<F,T12#3>,App<F,T13#2>,App<F,T14#1>)
      T9#6 extends Object declared in method <T1#14,T2#13,T3#12,T4#11,T5#10,T6#9,T7#8,T8#7,T9#6,T10#5,T11#4,T12#3,T13#2,T14#1>group(App<F,T1#14>,App<F,T2#13>,App<F,T3#12>,App<F,T4#11>,App<F,T5#10>,App<F,T6#9>,App<F,T7#8>,App<F,T8#7>,App<F,T9#6>,App<F,T10#5>,App<F,T11#4>,App<F,T12#3>,App<F,T13#2>,App<F,T14#1>)
      T10#5 extends Object declared in method <T1#14,T2#13,T3#12,T4#11,T5#10,T6#9,T7#8,T8#7,T9#6,T10#5,T11#4,T12#3,T13#2,T14#1>group(App<F,T1#14>,App<F,T2#13>,App<F,T3#12>,App<F,T4#11>,App<F,T5#10>,App<F,T6#9>,App<F,T7#8>,App<F,T8#7>,App<F,T9#6>,App<F,T10#5>,App<F,T11#4>,App<F,T12#3>,App<F,T13#2>,App<F,T14#1>)
      T11#4 extends Object declared in method <T1#14,T2#13,T3#12,T4#11,T5#10,T6#9,T7#8,T8#7,T9#6,T10#5,T11#4,T12#3,T13#2,T14#1>group(App<F,T1#14>,App<F,T2#13>,App<F,T3#12>,App<F,T4#11>,App<F,T5#10>,App<F,T6#9>,App<F,T7#8>,App<F,T8#7>,App<F,T9#6>,App<F,T10#5>,App<F,T11#4>,App<F,T12#3>,App<F,T13#2>,App<F,T14#1>)
      T12#3 extends Object declared in method <T1#14,T2#13,T3#12,T4#11,T5#10,T6#9,T7#8,T8#7,T9#6,T10#5,T11#4,T12#3,T13#2,T14#1>group(App<F,T1#14>,App<F,T2#13>,App<F,T3#12>,App<F,T4#11>,App<F,T5#10>,App<F,T6#9>,App<F,T7#8>,App<F,T8#7>,App<F,T9#6>,App<F,T10#5>,App<F,T11#4>,App<F,T12#3>,App<F,T13#2>,App<F,T14#1>)
      T13#2 extends Object declared in method <T1#14,T2#13,T3#12,T4#11,T5#10,T6#9,T7#8,T8#7,T9#6,T10#5,T11#4,T12#3,T13#2,T14#1>group(App<F,T1#14>,App<F,T2#13>,App<F,T3#12>,App<F,T4#11>,App<F,T5#10>,App<F,T6#9>,App<F,T7#8>,App<F,T8#7>,App<F,T9#6>,App<F,T10#5>,App<F,T11#4>,App<F,T12#3>,App<F,T13#2>,App<F,T14#1>)
      T14#1 extends Object declared in method <T1#14,T2#13,T3#12,T4#11,T5#10,T6#9,T7#8,T8#7,T9#6,T10#5,T11#4,T12#3,T13#2,T14#1>group(App<F,T1#14>,App<F,T2#13>,App<F,T3#12>,App<F,T4#11>,App<F,T5#10>,App<F,T6#9>,App<F,T7#8>,App<F,T8#7>,App<F,T9#6>,App<F,T10#5>,App<F,T11#4>,App<F,T12#3>,App<F,T13#2>,App<F,T14#1>)
      T1#15 extends Object declared in method <T1#15,T2#14,T3#13,T4#12,T5#11,T6#10,T7#9,T8#8,T9#7,T10#6,T11#5,T12#4,T13#3,T14#2,T15#1>group(App<F,T1#15>,App<F,T2#14>,App<F,T3#13>,App<F,T4#12>,App<F,T5#11>,App<F,T6#10>,App<F,T7#9>,App<F,T8#8>,App<F,T9#7>,App<F,T10#6>,App<F,T11#5>,App<F,T12#4>,App<F,T13#3>,App<F,T14#2>,App<F,T15#1>)
      T2#14 extends Object declared in method <T1#15,T2#14,T3#13,T4#12,T5#11,T6#10,T7#9,T8#8,T9#7,T10#6,T11#5,T12#4,T13#3,T14#2,T15#1>group(App<F,T1#15>,App<F,T2#14>,App<F,T3#13>,App<F,T4#12>,App<F,T5#11>,App<F,T6#10>,App<F,T7#9>,App<F,T8#8>,App<F,T9#7>,App<F,T10#6>,App<F,T11#5>,App<F,T12#4>,App<F,T13#3>,App<F,T14#2>,App<F,T15#1>)
      T3#13 extends Object declared in method <T1#15,T2#14,T3#13,T4#12,T5#11,T6#10,T7#9,T8#8,T9#7,T10#6,T11#5,T12#4,T13#3,T14#2,T15#1>group(App<F,T1#15>,App<F,T2#14>,App<F,T3#13>,App<F,T4#12>,App<F,T5#11>,App<F,T6#10>,App<F,T7#9>,App<F,T8#8>,App<F,T9#7>,App<F,T10#6>,App<F,T11#5>,App<F,T12#4>,App<F,T13#3>,App<F,T14#2>,App<F,T15#1>)
      T4#12 extends Object declared in method <T1#15,T2#14,T3#13,T4#12,T5#11,T6#10,T7#9,T8#8,T9#7,T10#6,T11#5,T12#4,T13#3,T14#2,T15#1>group(App<F,T1#15>,App<F,T2#14>,App<F,T3#13>,App<F,T4#12>,App<F,T5#11>,App<F,T6#10>,App<F,T7#9>,App<F,T8#8>,App<F,T9#7>,App<F,T10#6>,App<F,T11#5>,App<F,T12#4>,App<F,T13#3>,App<F,T14#2>,App<F,T15#1>)
      T5#11 extends Object declared in method <T1#15,T2#14,T3#13,T4#12,T5#11,T6#10,T7#9,T8#8,T9#7,T10#6,T11#5,T12#4,T13#3,T14#2,T15#1>group(App<F,T1#15>,App<F,T2#14>,App<F,T3#13>,App<F,T4#12>,App<F,T5#11>,App<F,T6#10>,App<F,T7#9>,App<F,T8#8>,App<F,T9#7>,App<F,T10#6>,App<F,T11#5>,App<F,T12#4>,App<F,T13#3>,App<F,T14#2>,App<F,T15#1>)
      T6#10 extends Object declared in method <T1#15,T2#14,T3#13,T4#12,T5#11,T6#10,T7#9,T8#8,T9#7,T10#6,T11#5,T12#4,T13#3,T14#2,T15#1>group(App<F,T1#15>,App<F,T2#14>,App<F,T3#13>,App<F,T4#12>,App<F,T5#11>,App<F,T6#10>,App<F,T7#9>,App<F,T8#8>,App<F,T9#7>,App<F,T10#6>,App<F,T11#5>,App<F,T12#4>,App<F,T13#3>,App<F,T14#2>,App<F,T15#1>)
      T7#9 extends Object declared in method <T1#15,T2#14,T3#13,T4#12,T5#11,T6#10,T7#9,T8#8,T9#7,T10#6,T11#5,T12#4,T13#3,T14#2,T15#1>group(App<F,T1#15>,App<F,T2#14>,App<F,T3#13>,App<F,T4#12>,App<F,T5#11>,App<F,T6#10>,App<F,T7#9>,App<F,T8#8>,App<F,T9#7>,App<F,T10#6>,App<F,T11#5>,App<F,T12#4>,App<F,T13#3>,App<F,T14#2>,App<F,T15#1>)
      T8#8 extends Object declared in method <T1#15,T2#14,T3#13,T4#12,T5#11,T6#10,T7#9,T8#8,T9#7,T10#6,T11#5,T12#4,T13#3,T14#2,T15#1>group(App<F,T1#15>,App<F,T2#14>,App<F,T3#13>,App<F,T4#12>,App<F,T5#11>,App<F,T6#10>,App<F,T7#9>,App<F,T8#8>,App<F,T9#7>,App<F,T10#6>,App<F,T11#5>,App<F,T12#4>,App<F,T13#3>,App<F,T14#2>,App<F,T15#1>)
      T9#7 extends Object declared in method <T1#15,T2#14,T3#13,T4#12,T5#11,T6#10,T7#9,T8#8,T9#7,T10#6,T11#5,T12#4,T13#3,T14#2,T15#1>group(App<F,T1#15>,App<F,T2#14>,App<F,T3#13>,App<F,T4#12>,App<F,T5#11>,App<F,T6#10>,App<F,T7#9>,App<F,T8#8>,App<F,T9#7>,App<F,T10#6>,App<F,T11#5>,App<F,T12#4>,App<F,T13#3>,App<F,T14#2>,App<F,T15#1>)
      T10#6 extends Object declared in method <T1#15,T2#14,T3#13,T4#12,T5#11,T6#10,T7#9,T8#8,T9#7,T10#6,T11#5,T12#4,T13#3,T14#2,T15#1>group(App<F,T1#15>,App<F,T2#14>,App<F,T3#13>,App<F,T4#12>,App<F,T5#11>,App<F,T6#10>,App<F,T7#9>,App<F,T8#8>,App<F,T9#7>,App<F,T10#6>,App<F,T11#5>,App<F,T12#4>,App<F,T13#3>,App<F,T14#2>,App<F,T15#1>)
      T11#5 extends Object declared in method <T1#15,T2#14,T3#13,T4#12,T5#11,T6#10,T7#9,T8#8,T9#7,T10#6,T11#5,T12#4,T13#3,T14#2,T15#1>group(App<F,T1#15>,App<F,T2#14>,App<F,T3#13>,App<F,T4#12>,App<F,T5#11>,App<F,T6#10>,App<F,T7#9>,App<F,T8#8>,App<F,T9#7>,App<F,T10#6>,App<F,T11#5>,App<F,T12#4>,App<F,T13#3>,App<F,T14#2>,App<F,T15#1>)
      T12#4 extends Object declared in method <T1#15,T2#14,T3#13,T4#12,T5#11,T6#10,T7#9,T8#8,T9#7,T10#6,T11#5,T12#4,T13#3,T14#2,T15#1>group(App<F,T1#15>,App<F,T2#14>,App<F,T3#13>,App<F,T4#12>,App<F,T5#11>,App<F,T6#10>,App<F,T7#9>,App<F,T8#8>,App<F,T9#7>,App<F,T10#6>,App<F,T11#5>,App<F,T12#4>,App<F,T13#3>,App<F,T14#2>,App<F,T15#1>)
      T13#3 extends Object declared in method <T1#15,T2#14,T3#13,T4#12,T5#11,T6#10,T7#9,T8#8,T9#7,T10#6,T11#5,T12#4,T13#3,T14#2,T15#1>group(App<F,T1#15>,App<F,T2#14>,App<F,T3#13>,App<F,T4#12>,App<F,T5#11>,App<F,T6#10>,App<F,T7#9>,App<F,T8#8>,App<F,T9#7>,App<F,T10#6>,App<F,T11#5>,App<F,T12#4>,App<F,T13#3>,App<F,T14#2>,App<F,T15#1>)
      T14#2 extends Object declared in method <T1#15,T2#14,T3#13,T4#12,T5#11,T6#10,T7#9,T8#8,T9#7,T10#6,T11#5,T12#4,T13#3,T14#2,T15#1>group(App<F,T1#15>,App<F,T2#14>,App<F,T3#13>,App<F,T4#12>,App<F,T5#11>,App<F,T6#10>,App<F,T7#9>,App<F,T8#8>,App<F,T9#7>,App<F,T10#6>,App<F,T11#5>,App<F,T12#4>,App<F,T13#3>,App<F,T14#2>,App<F,T15#1>)
      T15#1 extends Object declared in method <T1#15,T2#14,T3#13,T4#12,T5#11,T6#10,T7#9,T8#8,T9#7,T10#6,T11#5,T12#4,T13#3,T14#2,T15#1>group(App<F,T1#15>,App<F,T2#14>,App<F,T3#13>,App<F,T4#12>,App<F,T5#11>,App<F,T6#10>,App<F,T7#9>,App<F,T8#8>,App<F,T9#7>,App<F,T10#6>,App<F,T11#5>,App<F,T12#4>,App<F,T13#3>,App<F,T14#2>,App<F,T15#1>)
      T1#16 extends Object declared in method <T1#16,T2#15,T3#14,T4#13,T5#12,T6#11,T7#10,T8#9,T9#8,T10#7,T11#6,T12#5,T13#4,T14#3,T15#2,T16>group(App<F,T1#16>,App<F,T2#15>,App<F,T3#14>,App<F,T4#13>,App<F,T5#12>,App<F,T6#11>,App<F,T7#10>,App<F,T8#9>,App<F,T9#8>,App<F,T10#7>,App<F,T11#6>,App<F,T12#5>,App<F,T13#4>,App<F,T14#3>,App<F,T15#2>,App<F,T16>)
      T2#15 extends Object declared in method <T1#16,T2#15,T3#14,T4#13,T5#12,T6#11,T7#10,T8#9,T9#8,T10#7,T11#6,T12#5,T13#4,T14#3,T15#2,T16>group(App<F,T1#16>,App<F,T2#15>,App<F,T3#14>,App<F,T4#13>,App<F,T5#12>,App<F,T6#11>,App<F,T7#10>,App<F,T8#9>,App<F,T9#8>,App<F,T10#7>,App<F,T11#6>,App<F,T12#5>,App<F,T13#4>,App<F,T14#3>,App<F,T15#2>,App<F,T16>)
      T3#14 extends Object declared in method <T1#16,T2#15,T3#14,T4#13,T5#12,T6#11,T7#10,T8#9,T9#8,T10#7,T11#6,T12#5,T13#4,T14#3,T15#2,T16>group(App<F,T1#16>,App<F,T2#15>,App<F,T3#14>,App<F,T4#13>,App<F,T5#12>,App<F,T6#11>,App<F,T7#10>,App<F,T8#9>,App<F,T9#8>,App<F,T10#7>,App<F,T11#6>,App<F,T12#5>,App<F,T13#4>,App<F,T14#3>,App<F,T15#2>,App<F,T16>)
      T4#13 extends Object declared in method <T1#16,T2#15,T3#14,T4#13,T5#12,T6#11,T7#10,T8#9,T9#8,T10#7,T11#6,T12#5,T13#4,T14#3,T15#2,T16>group(App<F,T1#16>,App<F,T2#15>,App<F,T3#14>,App<F,T4#13>,App<F,T5#12>,App<F,T6#11>,App<F,T7#10>,App<F,T8#9>,App<F,T9#8>,App<F,T10#7>,App<F,T11#6>,App<F,T12#5>,App<F,T13#4>,App<F,T14#3>,App<F,T15#2>,App<F,T16>)
      T5#12 extends Object declared in method <T1#16,T2#15,T3#14,T4#13,T5#12,T6#11,T7#10,T8#9,T9#8,T10#7,T11#6,T12#5,T13#4,T14#3,T15#2,T16>group(App<F,T1#16>,App<F,T2#15>,App<F,T3#14>,App<F,T4#13>,App<F,T5#12>,App<F,T6#11>,App<F,T7#10>,App<F,T8#9>,App<F,T9#8>,App<F,T10#7>,App<F,T11#6>,App<F,T12#5>,App<F,T13#4>,App<F,T14#3>,App<F,T15#2>,App<F,T16>)
      T6#11 extends Object declared in method <T1#16,T2#15,T3#14,T4#13,T5#12,T6#11,T7#10,T8#9,T9#8,T10#7,T11#6,T12#5,T13#4,T14#3,T15#2,T16>group(App<F,T1#16>,App<F,T2#15>,App<F,T3#14>,App<F,T4#13>,App<F,T5#12>,App<F,T6#11>,App<F,T7#10>,App<F,T8#9>,App<F,T9#8>,App<F,T10#7>,App<F,T11#6>,App<F,T12#5>,App<F,T13#4>,App<F,T14#3>,App<F,T15#2>,App<F,T16>)
      T7#10 extends Object declared in method <T1#16,T2#15,T3#14,T4#13,T5#12,T6#11,T7#10,T8#9,T9#8,T10#7,T11#6,T12#5,T13#4,T14#3,T15#2,T16>group(App<F,T1#16>,App<F,T2#15>,App<F,T3#14>,App<F,T4#13>,App<F,T5#12>,App<F,T6#11>,App<F,T7#10>,App<F,T8#9>,App<F,T9#8>,App<F,T10#7>,App<F,T11#6>,App<F,T12#5>,App<F,T13#4>,App<F,T14#3>,App<F,T15#2>,App<F,T16>)
      T8#9 extends Object declared in method <T1#16,T2#15,T3#14,T4#13,T5#12,T6#11,T7#10,T8#9,T9#8,T10#7,T11#6,T12#5,T13#4,T14#3,T15#2,T16>group(App<F,T1#16>,App<F,T2#15>,App<F,T3#14>,App<F,T4#13>,App<F,T5#12>,App<F,T6#11>,App<F,T7#10>,App<F,T8#9>,App<F,T9#8>,App<F,T10#7>,App<F,T11#6>,App<F,T12#5>,App<F,T13#4>,App<F,T14#3>,App<F,T15#2>,App<F,T16>)
      T9#8 extends Object declared in method <T1#16,T2#15,T3#14,T4#13,T5#12,T6#11,T7#10,T8#9,T9#8,T10#7,T11#6,T12#5,T13#4,T14#3,T15#2,T16>group(App<F,T1#16>,App<F,T2#15>,App<F,T3#14>,App<F,T4#13>,App<F,T5#12>,App<F,T6#11>,App<F,T7#10>,App<F,T8#9>,App<F,T9#8>,App<F,T10#7>,App<F,T11#6>,App<F,T12#5>,App<F,T13#4>,App<F,T14#3>,App<F,T15#2>,App<F,T16>)
      T10#7 extends Object declared in method <T1#16,T2#15,T3#14,T4#13,T5#12,T6#11,T7#10,T8#9,T9#8,T10#7,T11#6,T12#5,T13#4,T14#3,T15#2,T16>group(App<F,T1#16>,App<F,T2#15>,App<F,T3#14>,App<F,T4#13>,App<F,T5#12>,App<F,T6#11>,App<F,T7#10>,App<F,T8#9>,App<F,T9#8>,App<F,T10#7>,App<F,T11#6>,App<F,T12#5>,App<F,T13#4>,App<F,T14#3>,App<F,T15#2>,App<F,T16>)
      T11#6 extends Object declared in method <T1#16,T2#15,T3#14,T4#13,T5#12,T6#11,T7#10,T8#9,T9#8,T10#7,T11#6,T12#5,T13#4,T14#3,T15#2,T16>group(App<F,T1#16>,App<F,T2#15>,App<F,T3#14>,App<F,T4#13>,App<F,T5#12>,App<F,T6#11>,App<F,T7#10>,App<F,T8#9>,App<F,T9#8>,App<F,T10#7>,App<F,T11#6>,App<F,T12#5>,App<F,T13#4>,App<F,T14#3>,App<F,T15#2>,App<F,T16>)
      T12#5 extends Object declared in method <T1#16,T2#15,T3#14,T4#13,T5#12,T6#11,T7#10,T8#9,T9#8,T10#7,T11#6,T12#5,T13#4,T14#3,T15#2,T16>group(App<F,T1#16>,App<F,T2#15>,App<F,T3#14>,App<F,T4#13>,App<F,T5#12>,App<F,T6#11>,App<F,T7#10>,App<F,T8#9>,App<F,T9#8>,App<F,T10#7>,App<F,T11#6>,App<F,T12#5>,App<F,T13#4>,App<F,T14#3>,App<F,T15#2>,App<F,T16>)
      T13#4 extends Object declared in method <T1#16,T2#15,T3#14,T4#13,T5#12,T6#11,T7#10,T8#9,T9#8,T10#7,T11#6,T12#5,T13#4,T14#3,T15#2,T16>group(App<F,T1#16>,App<F,T2#15>,App<F,T3#14>,App<F,T4#13>,App<F,T5#12>,App<F,T6#11>,App<F,T7#10>,App<F,T8#9>,App<F,T9#8>,App<F,T10#7>,App<F,T11#6>,App<F,T12#5>,App<F,T13#4>,App<F,T14#3>,App<F,T15#2>,App<F,T16>)
      T14#3 extends Object declared in method <T1#16,T2#15,T3#14,T4#13,T5#12,T6#11,T7#10,T8#9,T9#8,T10#7,T11#6,T12#5,T13#4,T14#3,T15#2,T16>group(App<F,T1#16>,App<F,T2#15>,App<F,T3#14>,App<F,T4#13>,App<F,T5#12>,App<F,T6#11>,App<F,T7#10>,App<F,T8#9>,App<F,T9#8>,App<F,T10#7>,App<F,T11#6>,App<F,T12#5>,App<F,T13#4>,App<F,T14#3>,App<F,T15#2>,App<F,T16>)
      T15#2 extends Object declared in method <T1#16,T2#15,T3#14,T4#13,T5#12,T6#11,T7#10,T8#9,T9#8,T10#7,T11#6,T12#5,T13#4,T14#3,T15#2,T16>group(App<F,T1#16>,App<F,T2#15>,App<F,T3#14>,App<F,T4#13>,App<F,T5#12>,App<F,T6#11>,App<F,T7#10>,App<F,T8#9>,App<F,T9#8>,App<F,T10#7>,App<F,T11#6>,App<F,T12#5>,App<F,T13#4>,App<F,T14#3>,App<F,T15#2>,App<F,T16>)
      T16 extends Object declared in method <T1#16,T2#15,T3#14,T4#13,T5#12,T6#11,T7#10,T8#9,T9#8,T10#7,T11#6,T12#5,T13#4,T14#3,T15#2,T16>group(App<F,T1#16>,App<F,T2#15>,App<F,T3#14>,App<F,T4#13>,App<F,T5#12>,App<F,T6#11>,App<F,T7#10>,App<F,T8#9>,App<F,T9#8>,App<F,T10#7>,App<F,T11#6>,App<F,T12#5>,App<F,T13#4>,App<F,T14#3>,App<F,T15#2>,App<F,T16>)
  /home/runner/work/mcJava/mcJava/android/app/src/main/java/net/minecraft/util/ExtraCodecs.java:598: error: no suitable method found for encode(CAP#1,V,DynamicOps<T#1>)
              DataResult<T> parameters = this.encode(valueCodec.apply(type), input, ops);
                                             ^
      method <anonymous net.minecraft.util.ExtraCodecs$6>.<T#1>encode(V,DynamicOps<T#1>,RecordBuilder<T#1>) is not applicable
        (cannot infer type-variable(s) T#1
          (argument mismatch; Codec<CAP#2> cannot be converted to V))
      method <anonymous net.minecraft.util.ExtraCodecs$6>.<T#2,V2>encode(Codec<V2>,V2,DynamicOps<T#2>) is not applicable
        (inference variable V2 has incompatible bounds
          equality constraints: CAP#3
          lower bounds: V)
    where V,K,T#1,T#2,V2 are type-variables:
      V extends Object declared in method <K,V>dispatchOptionalValue(String,String,Codec<K>,Function<? super V,? extends K>,Function<? super K,? extends Codec<? extends V>>)
      K extends Object declared in method <K,V>dispatchOptionalValue(String,String,Codec<K>,Function<? super V,? extends K>,Function<? super K,? extends Codec<? extends V>>)
      T#1 extends Object declared in method <T#1>encode(V,DynamicOps<T#1>,RecordBuilder<T#1>)
      T#2 extends Object declared in method <T#2,V2>encode(Codec<V2>,V2,DynamicOps<T#2>)
      V2 extends V declared in method <T#2,V2>encode(Codec<V2>,V2,DynamicOps<T#2>)
    where CAP#1,CAP#2,CAP#3 are fresh type-variables:
      CAP#1 extends Codec<? extends V> from capture of ? extends Codec<? extends V>
      CAP#2 extends V from capture of ? extends V
      CAP#3 extends V from capture of ? extends V
  /home/runner/work/mcJava/mcJava/android/app/src/main/java/net/minecraft/world/level/levelgen/synth/NormalNoise.java:358: error: no suitable method found for group(RecordCodecBuilder<Parameters,Double>,RecordCodecBuilder<Parameters,Integer>,RecordCodecBuilder<Parameters,Integer>,RecordCodecBuilder<Parameters,Normalization>,RecordCodecBuilder<Parameters,DoubleList>)
              i -> i.group(
                    ^
      method Kind1.<T1#1>group(App<Mu<Object>,T1#1>) is not applicable
        (cannot infer type-variable(s) T1#1
          (actual and formal argument lists differ in length))
      method Kind1.<T1#2,T2#1>group(App<Mu<Object>,T1#2>,App<Mu<Object>,T2#1>) is not applicable
        (cannot infer type-variable(s) T1#2,T2#1
          (actual and formal argument lists differ in length))
      method Kind1.<T1#3,T2#2,T3#1>group(App<Mu<Object>,T1#3>,App<Mu<Object>,T2#2>,App<Mu<Object>,T3#1>) is not applicable
        (cannot infer type-variable(s) T1#3,T2#2,T3#1
          (actual and formal argument lists differ in length))
      method Kind1.<T1#4,T2#3,T3#2,T4#1>group(App<Mu<Object>,T1#4>,App<Mu<Object>,T2#3>,App<Mu<Object>,T3#2>,App<Mu<Object>,T4#1>) is not applicable
        (cannot infer type-variable(s) T1#4,T2#3,T3#2,T4#1
          (actual and formal argument lists differ in length))
      method Kind1.<T1#5,T2#4,T3#3,T4#2,T5#1>group(App<Mu<Object>,T1#5>,App<Mu<Object>,T2#4>,App<Mu<Object>,T3#3>,App<Mu<Object>,T4#2>,App<Mu<Object>,T5#1>) is not applicable
        (inference variable O has incompatible equality constraints Parameters,Object)
      method Kind1.<T1#6,T2#5,T3#4,T4#3,T5#2,T6#1>group(App<Mu<Object>,T1#6>,App<Mu<Object>,T2#5>,App<Mu<Object>,T3#4>,App<Mu<Object>,T4#3>,App<Mu<Object>,T5#2>,App<Mu<Object>,T6#1>) is not applicable
        (cannot infer type-variable(s) T1#6,T2#5,T3#4,T4#3,T5#2,T6#1
          (actual and formal argument lists differ in length))
      method Kind1.<T1#7,T2#6,T3#5,T4#4,T5#3,T6#2,T7#1>group(App<Mu<Object>,T1#7>,App<Mu<Object>,T2#6>,App<Mu<Object>,T3#5>,App<Mu<Object>,T4#4>,App<Mu<Object>,T5#3>,App<Mu<Object>,T6#2>,App<Mu<Object>,T7#1>) is not applicable
        (cannot infer type-variable(s) T1#7,T2#6,T3#5,T4#4,T5#3,T6#2,T7#1
          (actual and formal argument lists differ in length))
      method Kind1.<T1#8,T2#7,T3#6,T4#5,T5#4,T6#3,T7#2,T8#1>group(App<Mu<Object>,T1#8>,App<Mu<Object>,T2#7>,App<Mu<Object>,T3#6>,App<Mu<Object>,T4#5>,App<Mu<Object>,T5#4>,App<Mu<Object>,T6#3>,App<Mu<Object>,T7#2>,App<Mu<Object>,T8#1>) is not applicable
        (cannot infer type-variable(s) T1#8,T2#7,T3#6,T4#5,T5#4,T6#3,T7#2,T8#1
          (actual and formal argument lists differ in length))
      method Kind1.<T1#9,T2#8,T3#7,T4#6,T5#5,T6#4,T7#3,T8#2,T9#1>group(App<Mu<Object>,T1#9>,App<Mu<Object>,T2#8>,App<Mu<Object>,T3#7>,App<Mu<Object>,T4#6>,App<Mu<Object>,T5#5>,App<Mu<Object>,T6#4>,App<Mu<Object>,T7#3>,App<Mu<Object>,T8#2>,App<Mu<Object>,T9#1>) is not applicable
        (cannot infer type-variable(s) T1#9,T2#8,T3#7,T4#6,T5#5,T6#4,T7#3,T8#2,T9#1
          (actual and formal argument lists differ in length))
      method Kind1.<T1#10,T2#9,T3#8,T4#7,T5#6,T6#5,T7#4,T8#3,T9#2,T10#1>group(App<Mu<Object>,T1#10>,App<Mu<Object>,T2#9>,App<Mu<Object>,T3#8>,App<Mu<Object>,T4#7>,App<Mu<Object>,T5#6>,App<Mu<Object>,T6#5>,App<Mu<Object>,T7#4>,App<Mu<Object>,T8#3>,App<Mu<Object>,T9#2>,App<Mu<Object>,T10#1>) is not applicable
        (cannot infer type-variable(s) T1#10,T2#9,T3#8,T4#7,T5#6,T6#5,T7#4,T8#3,T9#2,T10#1
          (actual and formal argument lists differ in length))
      method Kind1.<T1#11,T2#10,T3#9,T4#8,T5#7,T6#6,T7#5,T8#4,T9#3,T10#2,T11#1>group(App<Mu<Object>,T1#11>,App<Mu<Object>,T2#10>,App<Mu<Object>,T3#9>,App<Mu<Object>,T4#8>,App<Mu<Object>,T5#7>,App<Mu<Object>,T6#6>,App<Mu<Object>,T7#5>,App<Mu<Object>,T8#4>,App<Mu<Object>,T9#3>,App<Mu<Object>,T10#2>,App<Mu<Object>,T11#1>) is not applicable
        (cannot infer type-variable(s) T1#11,T2#10,T3#9,T4#8,T5#7,T6#6,T7#5,T8#4,T9#3,T10#2,T11#1
          (actual and formal argument lists differ in length))
      method Kind1.<T1#12,T2#11,T3#10,T4#9,T5#8,T6#7,T7#6,T8#5,T9#4,T10#3,T11#2,T12#1>group(App<Mu<Object>,T1#12>,App<Mu<Object>,T2#11>,App<Mu<Object>,T3#10>,App<Mu<Object>,T4#9>,App<Mu<Object>,T5#8>,App<Mu<Object>,T6#7>,App<Mu<Object>,T7#6>,App<Mu<Object>,T8#5>,App<Mu<Object>,T9#4>,App<Mu<Object>,T10#3>,App<Mu<Object>,T11#2>,App<Mu<Object>,T12#1>) is not applicable
        (cannot infer type-variable(s) T1#12,T2#11,T3#10,T4#9,T5#8,T6#7,T7#6,T8#5,T9#4,T10#3,T11#2,T12#1
          (actual and formal argument lists differ in length))
      method Kind1.<T1#13,T2#12,T3#11,T4#10,T5#9,T6#8,T7#7,T8#6,T9#5,T10#4,T11#3,T12#2,T13#1>group(App<Mu<Object>,T1#13>,App<Mu<Object>,T2#12>,App<Mu<Object>,T3#11>,App<Mu<Object>,T4#10>,App<Mu<Object>,T5#9>,App<Mu<Object>,T6#8>,App<Mu<Object>,T7#7>,App<Mu<Object>,T8#6>,App<Mu<Object>,T9#5>,App<Mu<Object>,T10#4>,App<Mu<Object>,T11#3>,App<Mu<Object>,T12#2>,App<Mu<Object>,T13#1>) is not applicable
        (cannot infer type-variable(s) T1#13,T2#12,T3#11,T4#10,T5#9,T6#8,T7#7,T8#6,T9#5,T10#4,T11#3,T12#2,T13#1
          (actual and formal argument lists differ in length))
      method Kind1.<T1#14,T2#13,T3#12,T4#11,T5#10,T6#9,T7#8,T8#7,T9#6,T10#5,T11#4,T12#3,T13#2,T14#1>group(App<Mu<Object>,T1#14>,App<Mu<Object>,T2#13>,App<Mu<Object>,T3#12>,App<Mu<Object>,T4#11>,App<Mu<Object>,T5#10>,App<Mu<Object>,T6#9>,App<Mu<Object>,T7#8>,App<Mu<Object>,T8#7>,App<Mu<Object>,T9#6>,App<Mu<Object>,T10#5>,App<Mu<Object>,T11#4>,App<Mu<Object>,T12#3>,App<Mu<Object>,T13#2>,App<Mu<Object>,T14#1>) is not applicable
        (cannot infer type-variable(s) T1#14,T2#13,T3#12,T4#11,T5#10,T6#9,T7#8,T8#7,T9#6,T10#5,T11#4,T12#3,T13#2,T14#1
          (actual and formal argument lists differ in length))
      method Kind1.<T1#15,T2#14,T3#13,T4#12,T5#11,T6#10,T7#9,T8#8,T9#7,T10#6,T11#5,T12#4,T13#3,T14#2,T15#1>group(App<Mu<Object>,T1#15>,App<Mu<Object>,T2#14>,App<Mu<Object>,T3#13>,App<Mu<Object>,T4#12>,App<Mu<Object>,T5#11>,App<Mu<Object>,T6#10>,App<Mu<Object>,T7#9>,App<Mu<Object>,T8#8>,App<Mu<Object>,T9#7>,App<Mu<Object>,T10#6>,App<Mu<Object>,T11#5>,App<Mu<Object>,T12#4>,App<Mu<Object>,T13#3>,App<Mu<Object>,T14#2>,App<Mu<Object>,T15#1>) is not applicable
        (cannot infer type-variable(s) T1#15,T2#14,T3#13,T4#12,T5#11,T6#10,T7#9,T8#8,T9#7,T10#6,T11#5,T12#4,T13#3,T14#2,T15#1
          (actual and formal argument lists differ in length))
      method Kind1.<T1#16,T2#15,T3#14,T4#13,T5#12,T6#11,T7#10,T8#9,T9#8,T10#7,T11#6,T12#5,T13#4,T14#3,T15#2,T16>group(App<Mu<Object>,T1#16>,App<Mu<Object>,T2#15>,App<Mu<Object>,T3#14>,App<Mu<Object>,T4#13>,App<Mu<Object>,T5#12>,App<Mu<Object>,T6#11>,App<Mu<Object>,T7#10>,App<Mu<Object>,T8#9>,App<Mu<Object>,T9#8>,App<Mu<Object>,T10#7>,App<Mu<Object>,T11#6>,App<Mu<Object>,T12#5>,App<Mu<Object>,T13#4>,App<Mu<Object>,T14#3>,App<Mu<Object>,T15#2>,App<Mu<Object>,T16>) is not applicable
        (cannot infer type-variable(s) T1#16,T2#15,T3#14,T4#13,T5#12,T6#11,T7#10,T8#9,T9#8,T10#7,T11#6,T12#5,T13#4,T14#3,T15#2,T16
          (actual and formal argument lists differ in length))
    where T1#1,F,T1#2,T2#1,T1#3,T2#2,T3#1,T1#4,T2#3,T3#2,T4#1,T1#5,T2#4,T3#3,T4#2,T5#1,O,A,T1#6,T2#5,T3#4,T4#3,T5#2,T6#1,T1#7,T2#6,T3#5,T4#4,T5#3,T6#2,T7#1,T1#8,T2#7,T3#6,T4#5,T5#4,T6#3,T7#2,T8#1,T1#9,T2#8,T3#7,T4#6,T5#5,T6#4,T7#3,T8#2,T9#1,T1#10,T2#9,T3#8,T4#7,T5#6,T6#5,T7#4,T8#3,T9#2,T10#1,T1#11,T2#10,T3#9,T4#8,T5#7,T6#6,T7#5,T8#4,T9#3,T10#2,T11#1,T1#12,T2#11,T3#10,T4#9,T5#8,T6#7,T7#6,T8#5,T9#4,T10#3,T11#2,T12#1,T1#13,T2#12,T3#11,T4#10,T5#9,T6#8,T7#7,T8#6,T9#5,T10#4,T11#3,T12#2,T13#1,T1#14,T2#13,T3#12,T4#11,T5#10,T6#9,T7#8,T8#7,T9#6,T10#5,T11#4,T12#3,T13#2,T14#1,T1#15,T2#14,T3#13,T4#12,T5#11,T6#10,T7#9,T8#8,T9#7,T10#6,T11#5,T12#4,T13#3,T14#2,T15#1,T1#16,T2#15,T3#14,T4#13,T5#12,T6#11,T7#10,T8#9,T9#8,T10#7,T11#6,T12#5,T13#4,T14#3,T15#2,T16 are type-variables:
      T1#1 extends Object declared in method <T1#1>group(App<F,T1#1>)
      F extends K1 declared in interface Kind1
      T1#2 extends Object declared in method <T1#2,T2#1>group(App<F,T1#2>,App<F,T2#1>)
      T2#1 extends Object declared in method <T1#2,T2#1>group(App<F,T1#2>,App<F,T2#1>)
      T1#3 extends Object declared in method <T1#3,T2#2,T3#1>group(App<F,T1#3>,App<F,T2#2>,App<F,T3#1>)
      T2#2 extends Object declared in method <T1#3,T2#2,T3#1>group(App<F,T1#3>,App<F,T2#2>,App<F,T3#1>)
      T3#1 extends Object declared in method <T1#3,T2#2,T3#1>group(App<F,T1#3>,App<F,T2#2>,App<F,T3#1>)
      T1#4 extends Object declared in method <T1#4,T2#3,T3#2,T4#1>group(App<F,T1#4>,App<F,T2#3>,App<F,T3#2>,App<F,T4#1>)
      T2#3 extends Object declared in method <T1#4,T2#3,T3#2,T4#1>group(App<F,T1#4>,App<F,T2#3>,App<F,T3#2>,App<F,T4#1>)
      T3#2 extends Object declared in method <T1#4,T2#3,T3#2,T4#1>group(App<F,T1#4>,App<F,T2#3>,App<F,T3#2>,App<F,T4#1>)
      T4#1 extends Object declared in method <T1#4,T2#3,T3#2,T4#1>group(App<F,T1#4>,App<F,T2#3>,App<F,T3#2>,App<F,T4#1>)
      T1#5 extends Object declared in method <T1#5,T2#4,T3#3,T4#2,T5#1>group(App<F,T1#5>,App<F,T2#4>,App<F,T3#3>,App<F,T4#2>,App<F,T5#1>)
      T2#4 extends Object declared in method <T1#5,T2#4,T3#3,T4#2,T5#1>group(App<F,T1#5>,App<F,T2#4>,App<F,T3#3>,App<F,T4#2>,App<F,T5#1>)
      T3#3 extends Object declared in method <T1#5,T2#4,T3#3,T4#2,T5#1>group(App<F,T1#5>,App<F,T2#4>,App<F,T3#3>,App<F,T4#2>,App<F,T5#1>)
      T4#2 extends Object declared in method <T1#5,T2#4,T3#3,T4#2,T5#1>group(App<F,T1#5>,App<F,T2#4>,App<F,T3#3>,App<F,T4#2>,App<F,T5#1>)
      T5#1 extends Object declared in method <T1#5,T2#4,T3#3,T4#2,T5#1>group(App<F,T1#5>,App<F,T2#4>,App<F,T3#3>,App<F,T4#2>,App<F,T5#1>)
      O extends Object declared in method <O>forGetter(Function<O,A>)
      A extends Object declared in class MapCodec
      T1#6 extends Object declared in method <T1#6,T2#5,T3#4,T4#3,T5#2,T6#1>group(App<F,T1#6>,App<F,T2#5>,App<F,T3#4>,App<F,T4#3>,App<F,T5#2>,App<F,T6#1>)
      T2#5 extends Object declared in method <T1#6,T2#5,T3#4,T4#3,T5#2,T6#1>group(App<F,T1#6>,App<F,T2#5>,App<F,T3#4>,App<F,T4#3>,App<F,T5#2>,App<F,T6#1>)
      T3#4 extends Object declared in method <T1#6,T2#5,T3#4,T4#3,T5#2,T6#1>group(App<F,T1#6>,App<F,T2#5>,App<F,T3#4>,App<F,T4#3>,App<F,T5#2>,App<F,T6#1>)
      T4#3 extends Object declared in method <T1#6,T2#5,T3#4,T4#3,T5#2,T6#1>group(App<F,T1#6>,App<F,T2#5>,App<F,T3#4>,App<F,T4#3>,App<F,T5#2>,App<F,T6#1>)
      T5#2 extends Object declared in method <T1#6,T2#5,T3#4,T4#3,T5#2,T6#1>group(App<F,T1#6>,App<F,T2#5>,App<F,T3#4>,App<F,T4#3>,App<F,T5#2>,App<F,T6#1>)
      T6#1 extends Object declared in method <T1#6,T2#5,T3#4,T4#3,T5#2,T6#1>group(App<F,T1#6>,App<F,T2#5>,App<F,T3#4>,App<F,T4#3>,App<F,T5#2>,App<F,T6#1>)
      T1#7 extends Object declared in method <T1#7,T2#6,T3#5,T4#4,T5#3,T6#2,T7#1>group(App<F,T1#7>,App<F,T2#6>,App<F,T3#5>,App<F,T4#4>,App<F,T5#3>,App<F,T6#2>,App<F,T7#1>)
      T2#6 extends Object declared in method <T1#7,T2#6,T3#5,T4#4,T5#3,T6#2,T7#1>group(App<F,T1#7>,App<F,T2#6>,App<F,T3#5>,App<F,T4#4>,App<F,T5#3>,App<F,T6#2>,App<F,T7#1>)
      T3#5 extends Object declared in method <T1#7,T2#6,T3#5,T4#4,T5#3,T6#2,T7#1>group(App<F,T1#7>,App<F,T2#6>,App<F,T3#5>,App<F,T4#4>,App<F,T5#3>,App<F,T6#2>,App<F,T7#1>)
      T4#4 extends Object declared in method <T1#7,T2#6,T3#5,T4#4,T5#3,T6#2,T7#1>group(App<F,T1#7>,App<F,T2#6>,App<F,T3#5>,App<F,T4#4>,App<F,T5#3>,App<F,T6#2>,App<F,T7#1>)
      T5#3 extends Object declared in method <T1#7,T2#6,T3#5,T4#4,T5#3,T6#2,T7#1>group(App<F,T1#7>,App<F,T2#6>,App<F,T3#5>,App<F,T4#4>,App<F,T5#3>,App<F,T6#2>,App<F,T7#1>)
      T6#2 extends Object declared in method <T1#7,T2#6,T3#5,T4#4,T5#3,T6#2,T7#1>group(App<F,T1#7>,App<F,T2#6>,App<F,T3#5>,App<F,T4#4>,App<F,T5#3>,App<F,T6#2>,App<F,T7#1>)
      T7#1 extends Object declared in method <T1#7,T2#6,T3#5,T4#4,T5#3,T6#2,T7#1>group(App<F,T1#7>,App<F,T2#6>,App<F,T3#5>,App<F,T4#4>,App<F,T5#3>,App<F,T6#2>,App<F,T7#1>)
      T1#8 extends Object declared in method <T1#8,T2#7,T3#6,T4#5,T5#4,T6#3,T7#2,T8#1>group(App<F,T1#8>,App<F,T2#7>,App<F,T3#6>,App<F,T4#5>,App<F,T5#4>,App<F,T6#3>,App<F,T7#2>,App<F,T8#1>)
      T2#7 extends Object declared in method <T1#8,T2#7,T3#6,T4#5,T5#4,T6#3,T7#2,T8#1>group(App<F,T1#8>,App<F,T2#7>,App<F,T3#6>,App<F,T4#5>,App<F,T5#4>,App<F,T6#3>,App<F,T7#2>,App<F,T8#1>)
      T3#6 extends Object declared in method <T1#8,T2#7,T3#6,T4#5,T5#4,T6#3,T7#2,T8#1>group(App<F,T1#8>,App<F,T2#7>,App<F,T3#6>,App<F,T4#5>,App<F,T5#4>,App<F,T6#3>,App<F,T7#2>,App<F,T8#1>)
      T4#5 extends Object declared in method <T1#8,T2#7,T3#6,T4#5,T5#4,T6#3,T7#2,T8#1>group(App<F,T1#8>,App<F,T2#7>,App<F,T3#6>,App<F,T4#5>,App<F,T5#4>,App<F,T6#3>,App<F,T7#2>,App<F,T8#1>)
      T5#4 extends Object declared in method <T1#8,T2#7,T3#6,T4#5,T5#4,T6#3,T7#2,T8#1>group(App<F,T1#8>,App<F,T2#7>,App<F,T3#6>,App<F,T4#5>,App<F,T5#4>,App<F,T6#3>,App<F,T7#2>,App<F,T8#1>)
      T6#3 extends Object declared in method <T1#8,T2#7,T3#6,T4#5,T5#4,T6#3,T7#2,T8#1>group(App<F,T1#8>,App<F,T2#7>,App<F,T3#6>,App<F,T4#5>,App<F,T5#4>,App<F,T6#3>,App<F,T7#2>,App<F,T8#1>)
      T7#2 extends Object declared in method <T1#8,T2#7,T3#6,T4#5,T5#4,T6#3,T7#2,T8#1>group(App<F,T1#8>,App<F,T2#7>,App<F,T3#6>,App<F,T4#5>,App<F,T5#4>,App<F,T6#3>,App<F,T7#2>,App<F,T8#1>)
      T8#1 extends Object declared in method <T1#8,T2#7,T3#6,T4#5,T5#4,T6#3,T7#2,T8#1>group(App<F,T1#8>,App<F,T2#7>,App<F,T3#6>,App<F,T4#5>,App<F,T5#4>,App<F,T6#3>,App<F,T7#2>,App<F,T8#1>)
      T1#9 extends Object declared in method <T1#9,T2#8,T3#7,T4#6,T5#5,T6#4,T7#3,T8#2,T9#1>group(App<F,T1#9>,App<F,T2#8>,App<F,T3#7>,App<F,T4#6>,App<F,T5#5>,App<F,T6#4>,App<F,T7#3>,App<F,T8#2>,App<F,T9#1>)
      T2#8 extends Object declared in method <T1#9,T2#8,T3#7,T4#6,T5#5,T6#4,T7#3,T8#2,T9#1>group(App<F,T1#9>,App<F,T2#8>,App<F,T3#7>,App<F,T4#6>,App<F,T5#5>,App<F,T6#4>,App<F,T7#3>,App<F,T8#2>,App<F,T9#1>)
      T3#7 extends Object declared in method <T1#9,T2#8,T3#7,T4#6,T5#5,T6#4,T7#3,T8#2,T9#1>group(App<F,T1#9>,App<F,T2#8>,App<F,T3#7>,App<F,T4#6>,App<F,T5#5>,App<F,T6#4>,App<F,T7#3>,App<F,T8#2>,App<F,T9#1>)
      T4#6 extends Object declared in method <T1#9,T2#8,T3#7,T4#6,T5#5,T6#4,T7#3,T8#2,T9#1>group(App<F,T1#9>,App<F,T2#8>,App<F,T3#7>,App<F,T4#6>,App<F,T5#5>,App<F,T6#4>,App<F,T7#3>,App<F,T8#2>,App<F,T9#1>)
      T5#5 extends Object declared in method <T1#9,T2#8,T3#7,T4#6,T5#5,T6#4,T7#3,T8#2,T9#1>group(App<F,T1#9>,App<F,T2#8>,App<F,T3#7>,App<F,T4#6>,App<F,T5#5>,App<F,T6#4>,App<F,T7#3>,App<F,T8#2>,App<F,T9#1>)
      T6#4 extends Object declared in method <T1#9,T2#8,T3#7,T4#6,T5#5,T6#4,T7#3,T8#2,T9#1>group(App<F,T1#9>,App<F,T2#8>,App<F,T3#7>,App<F,T4#6>,App<F,T5#5>,App<F,T6#4>,App<F,T7#3>,App<F,T8#2>,App<F,T9#1>)
      T7#3 extends Object declared in method <T1#9,T2#8,T3#7,T4#6,T5#5,T6#4,T7#3,T8#2,T9#1>group(App<F,T1#9>,App<F,T2#8>,App<F,T3#7>,App<F,T4#6>,App<F,T5#5>,App<F,T6#4>,App<F,T7#3>,App<F,T8#2>,App<F,T9#1>)
      T8#2 extends Object declared in method <T1#9,T2#8,T3#7,T4#6,T5#5,T6#4,T7#3,T8#2,T9#1>group(App<F,T1#9>,App<F,T2#8>,App<F,T3#7>,App<F,T4#6>,App<F,T5#5>,App<F,T6#4>,App<F,T7#3>,App<F,T8#2>,App<F,T9#1>)
      T9#1 extends Object declared in method <T1#9,T2#8,T3#7,T4#6,T5#5,T6#4,T7#3,T8#2,T9#1>group(App<F,T1#9>,App<F,T2#8>,App<F,T3#7>,App<F,T4#6>,App<F,T5#5>,App<F,T6#4>,App<F,T7#3>,App<F,T8#2>,App<F,T9#1>)
      T1#10 extends Object declared in method <T1#10,T2#9,T3#8,T4#7,T5#6,T6#5,T7#4,T8#3,T9#2,T10#1>group(App<F,T1#10>,App<F,T2#9>,App<F,T3#8>,App<F,T4#7>,App<F,T5#6>,App<F,T6#5>,App<F,T7#4>,App<F,T8#3>,App<F,T9#2>,App<F,T10#1>)
      T2#9 extends Object declared in method <T1#10,T2#9,T3#8,T4#7,T5#6,T6#5,T7#4,T8#3,T9#2,T10#1>group(App<F,T1#10>,App<F,T2#9>,App<F,T3#8>,App<F,T4#7>,App<F,T5#6>,App<F,T6#5>,App<F,T7#4>,App<F,T8#3>,App<F,T9#2>,App<F,T10#1>)
      T3#8 extends Object declared in method <T1#10,T2#9,T3#8,T4#7,T5#6,T6#5,T7#4,T8#3,T9#2,T10#1>group(App<F,T1#10>,App<F,T2#9>,App<F,T3#8>,App<F,T4#7>,App<F,T5#6>,App<F,T6#5>,App<F,T7#4>,App<F,T8#3>,App<F,T9#2>,App<F,T10#1>)
      T4#7 extends Object declared in method <T1#10,T2#9,T3#8,T4#7,T5#6,T6#5,T7#4,T8#3,T9#2,T10#1>group(App<F,T1#10>,App<F,T2#9>,App<F,T3#8>,App<F,T4#7>,App<F,T5#6>,App<F,T6#5>,App<F,T7#4>,App<F,T8#3>,App<F,T9#2>,App<F,T10#1>)
      T5#6 extends Object declared in method <T1#10,T2#9,T3#8,T4#7,T5#6,T6#5,T7#4,T8#3,T9#2,T10#1>group(App<F,T1#10>,App<F,T2#9>,App<F,T3#8>,App<F,T4#7>,App<F,T5#6>,App<F,T6#5>,App<F,T7#4>,App<F,T8#3>,App<F,T9#2>,App<F,T10#1>)
      T6#5 extends Object declared in method <T1#10,T2#9,T3#8,T4#7,T5#6,T6#5,T7#4,T8#3,T9#2,T10#1>group(App<F,T1#10>,App<F,T2#9>,App<F,T3#8>,App<F,T4#7>,App<F,T5#6>,App<F,T6#5>,App<F,T7#4>,App<F,T8#3>,App<F,T9#2>,App<F,T10#1>)
      T7#4 extends Object declared in method <T1#10,T2#9,T3#8,T4#7,T5#6,T6#5,T7#4,T8#3,T9#2,T10#1>group(App<F,T1#10>,App<F,T2#9>,App<F,T3#8>,App<F,T4#7>,App<F,T5#6>,App<F,T6#5>,App<F,T7#4>,App<F,T8#3>,App<F,T9#2>,App<F,T10#1>)
      T8#3 extends Object declared in method <T1#10,T2#9,T3#8,T4#7,T5#6,T6#5,T7#4,T8#3,T9#2,T10#1>group(App<F,T1#10>,App<F,T2#9>,App<F,T3#8>,App<F,T4#7>,App<F,T5#6>,App<F,T6#5>,App<F,T7#4>,App<F,T8#3>,App<F,T9#2>,App<F,T10#1>)
      T9#2 extends Object declared in method <T1#10,T2#9,T3#8,T4#7,T5#6,T6#5,T7#4,T8#3,T9#2,T10#1>group(App<F,T1#10>,App<F,T2#9>,App<F,T3#8>,App<F,T4#7>,App<F,T5#6>,App<F,T6#5>,App<F,T7#4>,App<F,T8#3>,App<F,T9#2>,App<F,T10#1>)
      T10#1 extends Object declared in method <T1#10,T2#9,T3#8,T4#7,T5#6,T6#5,T7#4,T8#3,T9#2,T10#1>group(App<F,T1#10>,App<F,T2#9>,App<F,T3#8>,App<F,T4#7>,App<F,T5#6>,App<F,T6#5>,App<F,T7#4>,App<F,T8#3>,App<F,T9#2>,App<F,T10#1>)
      T1#11 extends Object declared in method <T1#11,T2#10,T3#9,T4#8,T5#7,T6#6,T7#5,T8#4,T9#3,T10#2,T11#1>group(App<F,T1#11>,App<F,T2#10>,App<F,T3#9>,App<F,T4#8>,App<F,T5#7>,App<F,T6#6>,App<F,T7#5>,App<F,T8#4>,App<F,T9#3>,App<F,T10#2>,App<F,T11#1>)
      T2#10 extends Object declared in method <T1#11,T2#10,T3#9,T4#8,T5#7,T6#6,T7#5,T8#4,T9#3,T10#2,T11#1>group(App<F,T1#11>,App<F,T2#10>,App<F,T3#9>,App<F,T4#8>,App<F,T5#7>,App<F,T6#6>,App<F,T7#5>,App<F,T8#4>,App<F,T9#3>,App<F,T10#2>,App<F,T11#1>)
      T3#9 extends Object declared in method <T1#11,T2#10,T3#9,T4#8,T5#7,T6#6,T7#5,T8#4,T9#3,T10#2,T11#1>group(App<F,T1#11>,App<F,T2#10>,App<F,T3#9>,App<F,T4#8>,App<F,T5#7>,App<F,T6#6>,App<F,T7#5>,App<F,T8#4>,App<F,T9#3>,App<F,T10#2>,App<F,T11#1>)
      T4#8 extends Object declared in method <T1#11,T2#10,T3#9,T4#8,T5#7,T6#6,T7#5,T8#4,T9#3,T10#2,T11#1>group(App<F,T1#11>,App<F,T2#10>,App<F,T3#9>,App<F,T4#8>,App<F,T5#7>,App<F,T6#6>,App<F,T7#5>,App<F,T8#4>,App<F,T9#3>,App<F,T10#2>,App<F,T11#1>)
      T5#7 extends Object declared in method <T1#11,T2#10,T3#9,T4#8,T5#7,T6#6,T7#5,T8#4,T9#3,T10#2,T11#1>group(App<F,T1#11>,App<F,T2#10>,App<F,T3#9>,App<F,T4#8>,App<F,T5#7>,App<F,T6#6>,App<F,T7#5>,App<F,T8#4>,App<F,T9#3>,App<F,T10#2>,App<F,T11#1>)
      T6#6 extends Object declared in method <T1#11,T2#10,T3#9,T4#8,T5#7,T6#6,T7#5,T8#4,T9#3,T10#2,T11#1>group(App<F,T1#11>,App<F,T2#10>,App<F,T3#9>,App<F,T4#8>,App<F,T5#7>,App<F,T6#6>,App<F,T7#5>,App<F,T8#4>,App<F,T9#3>,App<F,T10#2>,App<F,T11#1>)
      T7#5 extends Object declared in method <T1#11,T2#10,T3#9,T4#8,T5#7,T6#6,T7#5,T8#4,T9#3,T10#2,T11#1>group(App<F,T1#11>,App<F,T2#10>,App<F,T3#9>,App<F,T4#8>,App<F,T5#7>,App<F,T6#6>,App<F,T7#5>,App<F,T8#4>,App<F,T9#3>,App<F,T10#2>,App<F,T11#1>)
      T8#4 extends Object declared in method <T1#11,T2#10,T3#9,T4#8,T5#7,T6#6,T7#5,T8#4,T9#3,T10#2,T11#1>group(App<F,T1#11>,App<F,T2#10>,App<F,T3#9>,App<F,T4#8>,App<F,T5#7>,App<F,T6#6>,App<F,T7#5>,App<F,T8#4>,App<F,T9#3>,App<F,T10#2>,App<F,T11#1>)
      T9#3 extends Object declared in method <T1#11,T2#10,T3#9,T4#8,T5#7,T6#6,T7#5,T8#4,T9#3,T10#2,T11#1>group(App<F,T1#11>,App<F,T2#10>,App<F,T3#9>,App<F,T4#8>,App<F,T5#7>,App<F,T6#6>,App<F,T7#5>,App<F,T8#4>,App<F,T9#3>,App<F,T10#2>,App<F,T11#1>)
      T10#2 extends Object declared in method <T1#11,T2#10,T3#9,T4#8,T5#7,T6#6,T7#5,T8#4,T9#3,T10#2,T11#1>group(App<F,T1#11>,App<F,T2#10>,App<F,T3#9>,App<F,T4#8>,App<F,T5#7>,App<F,T6#6>,App<F,T7#5>,App<F,T8#4>,App<F,T9#3>,App<F,T10#2>,App<F,T11#1>)
      T11#1 extends Object declared in method <T1#11,T2#10,T3#9,T4#8,T5#7,T6#6,T7#5,T8#4,T9#3,T10#2,T11#1>group(App<F,T1#11>,App<F,T2#10>,App<F,T3#9>,App<F,T4#8>,App<F,T5#7>,App<F,T6#6>,App<F,T7#5>,App<F,T8#4>,App<F,T9#3>,App<F,T10#2>,App<F,T11#1>)
      T1#12 extends Object declared in method <T1#12,T2#11,T3#10,T4#9,T5#8,T6#7,T7#6,T8#5,T9#4,T10#3,T11#2,T12#1>group(App<F,T1#12>,App<F,T2#11>,App<F,T3#10>,App<F,T4#9>,App<F,T5#8>,App<F,T6#7>,App<F,T7#6>,App<F,T8#5>,App<F,T9#4>,App<F,T10#3>,App<F,T11#2>,App<F,T12#1>)
      T2#11 extends Object declared in method <T1#12,T2#11,T3#10,T4#9,T5#8,T6#7,T7#6,T8#5,T9#4,T10#3,T11#2,T12#1>group(App<F,T1#12>,App<F,T2#11>,App<F,T3#10>,App<F,T4#9>,App<F,T5#8>,App<F,T6#7>,App<F,T7#6>,App<F,T8#5>,App<F,T9#4>,App<F,T10#3>,App<F,T11#2>,App<F,T12#1>)
      T3#10 extends Object declared in method <T1#12,T2#11,T3#10,T4#9,T5#8,T6#7,T7#6,T8#5,T9#4,T10#3,T11#2,T12#1>group(App<F,T1#12>,App<F,T2#11>,App<F,T3#10>,App<F,T4#9>,App<F,T5#8>,App<F,T6#7>,App<F,T7#6>,App<F,T8#5>,App<F,T9#4>,App<F,T10#3>,App<F,T11#2>,App<F,T12#1>)
      T4#9 extends Object declared in method <T1#12,T2#11,T3#10,T4#9,T5#8,T6#7,T7#6,T8#5,T9#4,T10#3,T11#2,T12#1>group(App<F,T1#12>,App<F,T2#11>,App<F,T3#10>,App<F,T4#9>,App<F,T5#8>,App<F,T6#7>,App<F,T7#6>,App<F,T8#5>,App<F,T9#4>,App<F,T10#3>,App<F,T11#2>,App<F,T12#1>)
      T5#8 extends Object declared in method <T1#12,T2#11,T3#10,T4#9,T5#8,T6#7,T7#6,T8#5,T9#4,T10#3,T11#2,T12#1>group(App<F,T1#12>,App<F,T2#11>,App<F,T3#10>,App<F,T4#9>,App<F,T5#8>,App<F,T6#7>,App<F,T7#6>,App<F,T8#5>,App<F,T9#4>,App<F,T10#3>,App<F,T11#2>,App<F,T12#1>)
      T6#7 extends Object declared in method <T1#12,T2#11,T3#10,T4#9,T5#8,T6#7,T7#6,T8#5,T9#4,T10#3,T11#2,T12#1>group(App<F,T1#12>,App<F,T2#11>,App<F,T3#10>,App<F,T4#9>,App<F,T5#8>,App<F,T6#7>,App<F,T7#6>,App<F,T8#5>,App<F,T9#4>,App<F,T10#3>,App<F,T11#2>,App<F,T12#1>)
      T7#6 extends Object declared in method <T1#12,T2#11,T3#10,T4#9,T5#8,T6#7,T7#6,T8#5,T9#4,T10#3,T11#2,T12#1>group(App<F,T1#12>,App<F,T2#11>,App<F,T3#10>,App<F,T4#9>,App<F,T5#8>,App<F,T6#7>,App<F,T7#6>,App<F,T8#5>,App<F,T9#4>,App<F,T10#3>,App<F,T11#2>,App<F,T12#1>)
      T8#5 extends Object declared in method <T1#12,T2#11,T3#10,T4#9,T5#8,T6#7,T7#6,T8#5,T9#4,T10#3,T11#2,T12#1>group(App<F,T1#12>,App<F,T2#11>,App<F,T3#10>,App<F,T4#9>,App<F,T5#8>,App<F,T6#7>,App<F,T7#6>,App<F,T8#5>,App<F,T9#4>,App<F,T10#3>,App<F,T11#2>,App<F,T12#1>)
      T9#4 extends Object declared in method <T1#12,T2#11,T3#10,T4#9,T5#8,T6#7,T7#6,T8#5,T9#4,T10#3,T11#2,T12#1>group(App<F,T1#12>,App<F,T2#11>,App<F,T3#10>,App<F,T4#9>,App<F,T5#8>,App<F,T6#7>,App<F,T7#6>,App<F,T8#5>,App<F,T9#4>,App<F,T10#3>,App<F,T11#2>,App<F,T12#1>)
      T10#3 extends Object declared in method <T1#12,T2#11,T3#10,T4#9,T5#8,T6#7,T7#6,T8#5,T9#4,T10#3,T11#2,T12#1>group(App<F,T1#12>,App<F,T2#11>,App<F,T3#10>,App<F,T4#9>,App<F,T5#8>,App<F,T6#7>,App<F,T7#6>,App<F,T8#5>,App<F,T9#4>,App<F,T10#3>,App<F,T11#2>,App<F,T12#1>)
      T11#2 extends Object declared in method <T1#12,T2#11,T3#10,T4#9,T5#8,T6#7,T7#6,T8#5,T9#4,T10#3,T11#2,T12#1>group(App<F,T1#12>,App<F,T2#11>,App<F,T3#10>,App<F,T4#9>,App<F,T5#8>,App<F,T6#7>,App<F,T7#6>,App<F,T8#5>,App<F,T9#4>,App<F,T10#3>,App<F,T11#2>,App<F,T12#1>)
      T12#1 extends Object declared in method <T1#12,T2#11,T3#10,T4#9,T5#8,T6#7,T7#6,T8#5,T9#4,T10#3,T11#2,T12#1>group(App<F,T1#12>,App<F,T2#11>,App<F,T3#10>,App<F,T4#9>,App<F,T5#8>,App<F,T6#7>,App<F,T7#6>,App<F,T8#5>,App<F,T9#4>,App<F,T10#3>,App<F,T11#2>,App<F,T12#1>)
      T1#13 extends Object declared in method <T1#13,T2#12,T3#11,T4#10,T5#9,T6#8,T7#7,T8#6,T9#5,T10#4,T11#3,T12#2,T13#1>group(App<F,T1#13>,App<F,T2#12>,App<F,T3#11>,App<F,T4#10>,App<F,T5#9>,App<F,T6#8>,App<F,T7#7>,App<F,T8#6>,App<F,T9#5>,App<F,T10#4>,App<F,T11#3>,App<F,T12#2>,App<F,T13#1>)
      T2#12 extends Object declared in method <T1#13,T2#12,T3#11,T4#10,T5#9,T6#8,T7#7,T8#6,T9#5,T10#4,T11#3,T12#2,T13#1>group(App<F,T1#13>,App<F,T2#12>,App<F,T3#11>,App<F,T4#10>,App<F,T5#9>,App<F,T6#8>,App<F,T7#7>,App<F,T8#6>,App<F,T9#5>,App<F,T10#4>,App<F,T11#3>,App<F,T12#2>,App<F,T13#1>)
      T3#11 extends Object declared in method <T1#13,T2#12,T3#11,T4#10,T5#9,T6#8,T7#7,T8#6,T9#5,T10#4,T11#3,T12#2,T13#1>group(App<F,T1#13>,App<F,T2#12>,App<F,T3#11>,App<F,T4#10>,App<F,T5#9>,App<F,T6#8>,App<F,T7#7>,App<F,T8#6>,App<F,T9#5>,App<F,T10#4>,App<F,T11#3>,App<F,T12#2>,App<F,T13#1>)
      T4#10 extends Object declared in method <T1#13,T2#12,T3#11,T4#10,T5#9,T6#8,T7#7,T8#6,T9#5,T10#4,T11#3,T12#2,T13#1>group(App<F,T1#13>,App<F,T2#12>,App<F,T3#11>,App<F,T4#10>,App<F,T5#9>,App<F,T6#8>,App<F,T7#7>,App<F,T8#6>,App<F,T9#5>,App<F,T10#4>,App<F,T11#3>,App<F,T12#2>,App<F,T13#1>)
      T5#9 extends Object declared in method <T1#13,T2#12,T3#11,T4#10,T5#9,T6#8,T7#7,T8#6,T9#5,T10#4,T11#3,T12#2,T13#1>group(App<F,T1#13>,App<F,T2#12>,App<F,T3#11>,App<F,T4#10>,App<F,T5#9>,App<F,T6#8>,App<F,T7#7>,App<F,T8#6>,App<F,T9#5>,App<F,T10#4>,App<F,T11#3>,App<F,T12#2>,App<F,T13#1>)
      T6#8 extends Object declared in method <T1#13,T2#12,T3#11,T4#10,T5#9,T6#8,T7#7,T8#6,T9#5,T10#4,T11#3,T12#2,T13#1>group(App<F,T1#13>,App<F,T2#12>,App<F,T3#11>,App<F,T4#10>,App<F,T5#9>,App<F,T6#8>,App<F,T7#7>,App<F,T8#6>,App<F,T9#5>,App<F,T10#4>,App<F,T11#3>,App<F,T12#2>,App<F,T13#1>)
      T7#7 extends Object declared in method <T1#13,T2#12,T3#11,T4#10,T5#9,T6#8,T7#7,T8#6,T9#5,T10#4,T11#3,T12#2,T13#1>group(App<F,T1#13>,App<F,T2#12>,App<F,T3#11>,App<F,T4#10>,App<F,T5#9>,App<F,T6#8>,App<F,T7#7>,App<F,T8#6>,App<F,T9#5>,App<F,T10#4>,App<F,T11#3>,App<F,T12#2>,App<F,T13#1>)
      T8#6 extends Object declared in method <T1#13,T2#12,T3#11,T4#10,T5#9,T6#8,T7#7,T8#6,T9#5,T10#4,T11#3,T12#2,T13#1>group(App<F,T1#13>,App<F,T2#12>,App<F,T3#11>,App<F,T4#10>,App<F,T5#9>,App<F,T6#8>,App<F,T7#7>,App<F,T8#6>,App<F,T9#5>,App<F,T10#4>,App<F,T11#3>,App<F,T12#2>,App<F,T13#1>)
      T9#5 extends Object declared in method <T1#13,T2#12,T3#11,T4#10,T5#9,T6#8,T7#7,T8#6,T9#5,T10#4,T11#3,T12#2,T13#1>group(App<F,T1#13>,App<F,T2#12>,App<F,T3#11>,App<F,T4#10>,App<F,T5#9>,App<F,T6#8>,App<F,T7#7>,App<F,T8#6>,App<F,T9#5>,App<F,T10#4>,App<F,T11#3>,App<F,T12#2>,App<F,T13#1>)
      T10#4 extends Object declared in method <T1#13,T2#12,T3#11,T4#10,T5#9,T6#8,T7#7,T8#6,T9#5,T10#4,T11#3,T12#2,T13#1>group(App<F,T1#13>,App<F,T2#12>,App<F,T3#11>,App<F,T4#10>,App<F,T5#9>,App<F,T6#8>,App<F,T7#7>,App<F,T8#6>,App<F,T9#5>,App<F,T10#4>,App<F,T11#3>,App<F,T12#2>,App<F,T13#1>)
      T11#3 extends Object declared in method <T1#13,T2#12,T3#11,T4#10,T5#9,T6#8,T7#7,T8#6,T9#5,T10#4,T11#3,T12#2,T13#1>group(App<F,T1#13>,App<F,T2#12>,App<F,T3#11>,App<F,T4#10>,App<F,T5#9>,App<F,T6#8>,App<F,T7#7>,App<F,T8#6>,App<F,T9#5>,App<F,T10#4>,App<F,T11#3>,App<F,T12#2>,App<F,T13#1>)
      T12#2 extends Object declared in method <T1#13,T2#12,T3#11,T4#10,T5#9,T6#8,T7#7,T8#6,T9#5,T10#4,T11#3,T12#2,T13#1>group(App<F,T1#13>,App<F,T2#12>,App<F,T3#11>,App<F,T4#10>,App<F,T5#9>,App<F,T6#8>,App<F,T7#7>,App<F,T8#6>,App<F,T9#5>,App<F,T10#4>,App<F,T11#3>,App<F,T12#2>,App<F,T13#1>)
      T13#1 extends Object declared in method <T1#13,T2#12,T3#11,T4#10,T5#9,T6#8,T7#7,T8#6,T9#5,T10#4,T11#3,T12#2,T13#1>group(App<F,T1#13>,App<F,T2#12>,App<F,T3#11>,App<F,T4#10>,App<F,T5#9>,App<F,T6#8>,App<F,T7#7>,App<F,T8#6>,App<F,T9#5>,App<F,T10#4>,App<F,T11#3>,App<F,T12#2>,App<F,T13#1>)
      T1#14 extends Object declared in method <T1#14,T2#13,T3#12,T4#11,T5#10,T6#9,T7#8,T8#7,T9#6,T10#5,T11#4,T12#3,T13#2,T14#1>group(App<F,T1#14>,App<F,T2#13>,App<F,T3#12>,App<F,T4#11>,App<F,T5#10>,App<F,T6#9>,App<F,T7#8>,App<F,T8#7>,App<F,T9#6>,App<F,T10#5>,App<F,T11#4>,App<F,T12#3>,App<F,T13#2>,App<F,T14#1>)
      T2#13 extends Object declared in method <T1#14,T2#13,T3#12,T4#11,T5#10,T6#9,T7#8,T8#7,T9#6,T10#5,T11#4,T12#3,T13#2,T14#1>group(App<F,T1#14>,App<F,T2#13>,App<F,T3#12>,App<F,T4#11>,App<F,T5#10>,App<F,T6#9>,App<F,T7#8>,App<F,T8#7>,App<F,T9#6>,App<F,T10#5>,App<F,T11#4>,App<F,T12#3>,App<F,T13#2>,App<F,T14#1>)
      T3#12 extends Object declared in method <T1#14,T2#13,T3#12,T4#11,T5#10,T6#9,T7#8,T8#7,T9#6,T10#5,T11#4,T12#3,T13#2,T14#1>group(App<F,T1#14>,App<F,T2#13>,App<F,T3#12>,App<F,T4#11>,App<F,T5#10>,App<F,T6#9>,App<F,T7#8>,App<F,T8#7>,App<F,T9#6>,App<F,T10#5>,App<F,T11#4>,App<F,T12#3>,App<F,T13#2>,App<F,T14#1>)
      T4#11 extends Object declared in method <T1#14,T2#13,T3#12,T4#11,T5#10,T6#9,T7#8,T8#7,T9#6,T10#5,T11#4,T12#3,T13#2,T14#1>group(App<F,T1#14>,App<F,T2#13>,App<F,T3#12>,App<F,T4#11>,App<F,T5#10>,App<F,T6#9>,App<F,T7#8>,App<F,T8#7>,App<F,T9#6>,App<F,T10#5>,App<F,T11#4>,App<F,T12#3>,App<F,T13#2>,App<F,T14#1>)
      T5#10 extends Object declared in method <T1#14,T2#13,T3#12,T4#11,T5#10,T6#9,T7#8,T8#7,T9#6,T10#5,T11#4,T12#3,T13#2,T14#1>group(App<F,T1#14>,App<F,T2#13>,App<F,T3#12>,App<F,T4#11>,App<F,T5#10>,App<F,T6#9>,App<F,T7#8>,App<F,T8#7>,App<F,T9#6>,App<F,T10#5>,App<F,T11#4>,App<F,T12#3>,App<F,T13#2>,App<F,T14#1>)
      T6#9 extends Object declared in method <T1#14,T2#13,T3#12,T4#11,T5#10,T6#9,T7#8,T8#7,T9#6,T10#5,T11#4,T12#3,T13#2,T14#1>group(App<F,T1#14>,App<F,T2#13>,App<F,T3#12>,App<F,T4#11>,App<F,T5#10>,App<F,T6#9>,App<F,T7#8>,App<F,T8#7>,App<F,T9#6>,App<F,T10#5>,App<F,T11#4>,App<F,T12#3>,App<F,T13#2>,App<F,T14#1>)
      T7#8 extends Object declared in method <T1#14,T2#13,T3#12,T4#11,T5#10,T6#9,T7#8,T8#7,T9#6,T10#5,T11#4,T12#3,T13#2,T14#1>group(App<F,T1#14>,App<F,T2#13>,App<F,T3#12>,App<F,T4#11>,App<F,T5#10>,App<F,T6#9>,App<F,T7#8>,App<F,T8#7>,App<F,T9#6>,App<F,T10#5>,App<F,T11#4>,App<F,T12#3>,App<F,T13#2>,App<F,T14#1>)
      T8#7 extends Object declared in method <T1#14,T2#13,T3#12,T4#11,T5#10,T6#9,T7#8,T8#7,T9#6,T10#5,T11#4,T12#3,T13#2,T14#1>group(App<F,T1#14>,App<F,T2#13>,App<F,T3#12>,App<F,T4#11>,App<F,T5#10>,App<F,T6#9>,App<F,T7#8>,App<F,T8#7>,App<F,T9#6>,App<F,T10#5>,App<F,T11#4>,App<F,T12#3>,App<F,T13#2>,App<F,T14#1>)
      T9#6 extends Object declared in method <T1#14,T2#13,T3#12,T4#11,T5#10,T6#9,T7#8,T8#7,T9#6,T10#5,T11#4,T12#3,T13#2,T14#1>group(App<F,T1#14>,App<F,T2#13>,App<F,T3#12>,App<F,T4#11>,App<F,T5#10>,App<F,T6#9>,App<F,T7#8>,App<F,T8#7>,App<F,T9#6>,App<F,T10#5>,App<F,T11#4>,App<F,T12#3>,App<F,T13#2>,App<F,T14#1>)
      T10#5 extends Object declared in method <T1#14,T2#13,T3#12,T4#11,T5#10,T6#9,T7#8,T8#7,T9#6,T10#5,T11#4,T12#3,T13#2,T14#1>group(App<F,T1#14>,App<F,T2#13>,App<F,T3#12>,App<F,T4#11>,App<F,T5#10>,App<F,T6#9>,App<F,T7#8>,App<F,T8#7>,App<F,T9#6>,App<F,T10#5>,App<F,T11#4>,App<F,T12#3>,App<F,T13#2>,App<F,T14#1>)
      T11#4 extends Object declared in method <T1#14,T2#13,T3#12,T4#11,T5#10,T6#9,T7#8,T8#7,T9#6,T10#5,T11#4,T12#3,T13#2,T14#1>group(App<F,T1#14>,App<F,T2#13>,App<F,T3#12>,App<F,T4#11>,App<F,T5#10>,App<F,T6#9>,App<F,T7#8>,App<F,T8#7>,App<F,T9#6>,App<F,T10#5>,App<F,T11#4>,App<F,T12#3>,App<F,T13#2>,App<F,T14#1>)
      T12#3 extends Object declared in method <T1#14,T2#13,T3#12,T4#11,T5#10,T6#9,T7#8,T8#7,T9#6,T10#5,T11#4,T12#3,T13#2,T14#1>group(App<F,T1#14>,App<F,T2#13>,App<F,T3#12>,App<F,T4#11>,App<F,T5#10>,App<F,T6#9>,App<F,T7#8>,App<F,T8#7>,App<F,T9#6>,App<F,T10#5>,App<F,T11#4>,App<F,T12#3>,App<F,T13#2>,App<F,T14#1>)
      T13#2 extends Object declared in method <T1#14,T2#13,T3#12,T4#11,T5#10,T6#9,T7#8,T8#7,T9#6,T10#5,T11#4,T12#3,T13#2,T14#1>group(App<F,T1#14>,App<F,T2#13>,App<F,T3#12>,App<F,T4#11>,App<F,T5#10>,App<F,T6#9>,App<F,T7#8>,App<F,T8#7>,App<F,T9#6>,App<F,T10#5>,App<F,T11#4>,App<F,T12#3>,App<F,T13#2>,App<F,T14#1>)
      T14#1 extends Object declared in method <T1#14,T2#13,T3#12,T4#11,T5#10,T6#9,T7#8,T8#7,T9#6,T10#5,T11#4,T12#3,T13#2,T14#1>group(App<F,T1#14>,App<F,T2#13>,App<F,T3#12>,App<F,T4#11>,App<F,T5#10>,App<F,T6#9>,App<F,T7#8>,App<F,T8#7>,App<F,T9#6>,App<F,T10#5>,App<F,T11#4>,App<F,T12#3>,App<F,T13#2>,App<F,T14#1>)
      T1#15 extends Object declared in method <T1#15,T2#14,T3#13,T4#12,T5#11,T6#10,T7#9,T8#8,T9#7,T10#6,T11#5,T12#4,T13#3,T14#2,T15#1>group(App<F,T1#15>,App<F,T2#14>,App<F,T3#13>,App<F,T4#12>,App<F,T5#11>,App<F,T6#10>,App<F,T7#9>,App<F,T8#8>,App<F,T9#7>,App<F,T10#6>,App<F,T11#5>,App<F,T12#4>,App<F,T13#3>,App<F,T14#2>,App<F,T15#1>)
      T2#14 extends Object declared in method <T1#15,T2#14,T3#13,T4#12,T5#11,T6#10,T7#9,T8#8,T9#7,T10#6,T11#5,T12#4,T13#3,T14#2,T15#1>group(App<F,T1#15>,App<F,T2#14>,App<F,T3#13>,App<F,T4#12>,App<F,T5#11>,App<F,T6#10>,App<F,T7#9>,App<F,T8#8>,App<F,T9#7>,App<F,T10#6>,App<F,T11#5>,App<F,T12#4>,App<F,T13#3>,App<F,T14#2>,App<F,T15#1>)
      T3#13 extends Object declared in method <T1#15,T2#14,T3#13,T4#12,T5#11,T6#10,T7#9,T8#8,T9#7,T10#6,T11#5,T12#4,T13#3,T14#2,T15#1>group(App<F,T1#15>,App<F,T2#14>,App<F,T3#13>,App<F,T4#12>,App<F,T5#11>,App<F,T6#10>,App<F,T7#9>,App<F,T8#8>,App<F,T9#7>,App<F,T10#6>,App<F,T11#5>,App<F,T12#4>,App<F,T13#3>,App<F,T14#2>,App<F,T15#1>)
      T4#12 extends Object declared in method <T1#15,T2#14,T3#13,T4#12,T5#11,T6#10,T7#9,T8#8,T9#7,T10#6,T11#5,T12#4,T13#3,T14#2,T15#1>group(App<F,T1#15>,App<F,T2#14>,App<F,T3#13>,App<F,T4#12>,App<F,T5#11>,App<F,T6#10>,App<F,T7#9>,App<F,T8#8>,App<F,T9#7>,App<F,T10#6>,App<F,T11#5>,App<F,T12#4>,App<F,T13#3>,App<F,T14#2>,App<F,T15#1>)
      T5#11 extends Object declared in method <T1#15,T2#14,T3#13,T4#12,T5#11,T6#10,T7#9,T8#8,T9#7,T10#6,T11#5,T12#4,T13#3,T14#2,T15#1>group(App<F,T1#15>,App<F,T2#14>,App<F,T3#13>,App<F,T4#12>,App<F,T5#11>,App<F,T6#10>,App<F,T7#9>,App<F,T8#8>,App<F,T9#7>,App<F,T10#6>,App<F,T11#5>,App<F,T12#4>,App<F,T13#3>,App<F,T14#2>,App<F,T15#1>)
      T6#10 extends Object declared in method <T1#15,T2#14,T3#13,T4#12,T5#11,T6#10,T7#9,T8#8,T9#7,T10#6,T11#5,T12#4,T13#3,T14#2,T15#1>group(App<F,T1#15>,App<F,T2#14>,App<F,T3#13>,App<F,T4#12>,App<F,T5#11>,App<F,T6#10>,App<F,T7#9>,App<F,T8#8>,App<F,T9#7>,App<F,T10#6>,App<F,T11#5>,App<F,T12#4>,App<F,T13#3>,App<F,T14#2>,App<F,T15#1>)
      T7#9 extends Object declared in method <T1#15,T2#14,T3#13,T4#12,T5#11,T6#10,T7#9,T8#8,T9#7,T10#6,T11#5,T12#4,T13#3,T14#2,T15#1>group(App<F,T1#15>,App<F,T2#14>,App<F,T3#13>,App<F,T4#12>,App<F,T5#11>,App<F,T6#10>,App<F,T7#9>,App<F,T8#8>,App<F,T9#7>,App<F,T10#6>,App<F,T11#5>,App<F,T12#4>,App<F,T13#3>,App<F,T14#2>,App<F,T15#1>)
      T8#8 extends Object declared in method <T1#15,T2#14,T3#13,T4#12,T5#11,T6#10,T7#9,T8#8,T9#7,T10#6,T11#5,T12#4,T13#3,T14#2,T15#1>group(App<F,T1#15>,App<F,T2#14>,App<F,T3#13>,App<F,T4#12>,App<F,T5#11>,App<F,T6#10>,App<F,T7#9>,App<F,T8#8>,App<F,T9#7>,App<F,T10#6>,App<F,T11#5>,App<F,T12#4>,App<F,T13#3>,App<F,T14#2>,App<F,T15#1>)
      T9#7 extends Object declared in method <T1#15,T2#14,T3#13,T4#12,T5#11,T6#10,T7#9,T8#8,T9#7,T10#6,T11#5,T12#4,T13#3,T14#2,T15#1>group(App<F,T1#15>,App<F,T2#14>,App<F,T3#13>,App<F,T4#12>,App<F,T5#11>,App<F,T6#10>,App<F,T7#9>,App<F,T8#8>,App<F,T9#7>,App<F,T10#6>,App<F,T11#5>,App<F,T12#4>,App<F,T13#3>,App<F,T14#2>,App<F,T15#1>)
      T10#6 extends Object declared in method <T1#15,T2#14,T3#13,T4#12,T5#11,T6#10,T7#9,T8#8,T9#7,T10#6,T11#5,T12#4,T13#3,T14#2,T15#1>group(App<F,T1#15>,App<F,T2#14>,App<F,T3#13>,App<F,T4#12>,App<F,T5#11>,App<F,T6#10>,App<F,T7#9>,App<F,T8#8>,App<F,T9#7>,App<F,T10#6>,App<F,T11#5>,App<F,T12#4>,App<F,T13#3>,App<F,T14#2>,App<F,T15#1>)
      T11#5 extends Object declared in method <T1#15,T2#14,T3#13,T4#12,T5#11,T6#10,T7#9,T8#8,T9#7,T10#6,T11#5,T12#4,T13#3,T14#2,T15#1>group(App<F,T1#15>,App<F,T2#14>,App<F,T3#13>,App<F,T4#12>,App<F,T5#11>,App<F,T6#10>,App<F,T7#9>,App<F,T8#8>,App<F,T9#7>,App<F,T10#6>,App<F,T11#5>,App<F,T12#4>,App<F,T13#3>,App<F,T14#2>,App<F,T15#1>)
      T12#4 extends Object declared in method <T1#15,T2#14,T3#13,T4#12,T5#11,T6#10,T7#9,T8#8,T9#7,T10#6,T11#5,T12#4,T13#3,T14#2,T15#1>group(App<F,T1#15>,App<F,T2#14>,App<F,T3#13>,App<F,T4#12>,App<F,T5#11>,App<F,T6#10>,App<F,T7#9>,App<F,T8#8>,App<F,T9#7>,App<F,T10#6>,App<F,T11#5>,App<F,T12#4>,App<F,T13#3>,App<F,T14#2>,App<F,T15#1>)
      T13#3 extends Object declared in method <T1#15,T2#14,T3#13,T4#12,T5#11,T6#10,T7#9,T8#8,T9#7,T10#6,T11#5,T12#4,T13#3,T14#2,T15#1>group(App<F,T1#15>,App<F,T2#14>,App<F,T3#13>,App<F,T4#12>,App<F,T5#11>,App<F,T6#10>,App<F,T7#9>,App<F,T8#8>,App<F,T9#7>,App<F,T10#6>,App<F,T11#5>,App<F,T12#4>,App<F,T13#3>,App<F,T14#2>,App<F,T15#1>)
      T14#2 extends Object declared in method <T1#15,T2#14,T3#13,T4#12,T5#11,T6#10,T7#9,T8#8,T9#7,T10#6,T11#5,T12#4,T13#3,T14#2,T15#1>group(App<F,T1#15>,App<F,T2#14>,App<F,T3#13>,App<F,T4#12>,App<F,T5#11>,App<F,T6#10>,App<F,T7#9>,App<F,T8#8>,App<F,T9#7>,App<F,T10#6>,App<F,T11#5>,App<F,T12#4>,App<F,T13#3>,App<F,T14#2>,App<F,T15#1>)
      T15#1 extends Object declared in method <T1#15,T2#14,T3#13,T4#12,T5#11,T6#10,T7#9,T8#8,T9#7,T10#6,T11#5,T12#4,T13#3,T14#2,T15#1>group(App<F,T1#15>,App<F,T2#14>,App<F,T3#13>,App<F,T4#12>,App<F,T5#11>,App<F,T6#10>,App<F,T7#9>,App<F,T8#8>,App<F,T9#7>,App<F,T10#6>,App<F,T11#5>,App<F,T12#4>,App<F,T13#3>,App<F,T14#2>,App<F,T15#1>)
      T1#16 extends Object declared in method <T1#16,T2#15,T3#14,T4#13,T5#12,T6#11,T7#10,T8#9,T9#8,T10#7,T11#6,T12#5,T13#4,T14#3,T15#2,T16>group(App<F,T1#16>,App<F,T2#15>,App<F,T3#14>,App<F,T4#13>,App<F,T5#12>,App<F,T6#11>,App<F,T7#10>,App<F,T8#9>,App<F,T9#8>,App<F,T10#7>,App<F,T11#6>,App<F,T12#5>,App<F,T13#4>,App<F,T14#3>,App<F,T15#2>,App<F,T16>)
      T2#15 extends Object declared in method <T1#16,T2#15,T3#14,T4#13,T5#12,T6#11,T7#10,T8#9,T9#8,T10#7,T11#6,T12#5,T13#4,T14#3,T15#2,T16>group(App<F,T1#16>,App<F,T2#15>,App<F,T3#14>,App<F,T4#13>,App<F,T5#12>,App<F,T6#11>,App<F,T7#10>,App<F,T8#9>,App<F,T9#8>,App<F,T10#7>,App<F,T11#6>,App<F,T12#5>,App<F,T13#4>,App<F,T14#3>,App<F,T15#2>,App<F,T16>)
      T3#14 extends Object declared in method <T1#16,T2#15,T3#14,T4#13,T5#12,T6#11,T7#10,T8#9,T9#8,T10#7,T11#6,T12#5,T13#4,T14#3,T15#2,T16>group(App<F,T1#16>,App<F,T2#15>,App<F,T3#14>,App<F,T4#13>,App<F,T5#12>,App<F,T6#11>,App<F,T7#10>,App<F,T8#9>,App<F,T9#8>,App<F,T10#7>,App<F,T11#6>,App<F,T12#5>,App<F,T13#4>,App<F,T14#3>,App<F,T15#2>,App<F,T16>)
      T4#13 extends Object declared in method <T1#16,T2#15,T3#14,T4#13,T5#12,T6#11,T7#10,T8#9,T9#8,T10#7,T11#6,T12#5,T13#4,T14#3,T15#2,T16>group(App<F,T1#16>,App<F,T2#15>,App<F,T3#14>,App<F,T4#13>,App<F,T5#12>,App<F,T6#11>,App<F,T7#10>,App<F,T8#9>,App<F,T9#8>,App<F,T10#7>,App<F,T11#6>,App<F,T12#5>,App<F,T13#4>,App<F,T14#3>,App<F,T15#2>,App<F,T16>)
      T5#12 extends Object declared in method <T1#16,T2#15,T3#14,T4#13,T5#12,T6#11,T7#10,T8#9,T9#8,T10#7,T11#6,T12#5,T13#4,T14#3,T15#2,T16>group(App<F,T1#16>,App<F,T2#15>,App<F,T3#14>,App<F,T4#13>,App<F,T5#12>,App<F,T6#11>,App<F,T7#10>,App<F,T8#9>,App<F,T9#8>,App<F,T10#7>,App<F,T11#6>,App<F,T12#5>,App<F,T13#4>,App<F,T14#3>,App<F,T15#2>,App<F,T16>)
      T6#11 extends Object declared in method <T1#16,T2#15,T3#14,T4#13,T5#12,T6#11,T7#10,T8#9,T9#8,T10#7,T11#6,T12#5,T13#4,T14#3,T15#2,T16>group(App<F,T1#16>,App<F,T2#15>,App<F,T3#14>,App<F,T4#13>,App<F,T5#12>,App<F,T6#11>,App<F,T7#10>,App<F,T8#9>,App<F,T9#8>,App<F,T10#7>,App<F,T11#6>,App<F,T12#5>,App<F,T13#4>,App<F,T14#3>,App<F,T15#2>,App<F,T16>)
      T7#10 extends Object declared in method <T1#16,T2#15,T3#14,T4#13,T5#12,T6#11,T7#10,T8#9,T9#8,T10#7,T11#6,T12#5,T13#4,T14#3,T15#2,T16>group(App<F,T1#16>,App<F,T2#15>,App<F,T3#14>,App<F,T4#13>,App<F,T5#12>,App<F,T6#11>,App<F,T7#10>,App<F,T8#9>,App<F,T9#8>,App<F,T10#7>,App<F,T11#6>,App<F,T12#5>,App<F,T13#4>,App<F,T14#3>,App<F,T15#2>,App<F,T16>)
      T8#9 extends Object declared in method <T1#16,T2#15,T3#14,T4#13,T5#12,T6#11,T7#10,T8#9,T9#8,T10#7,T11#6,T12#5,T13#4,T14#3,T15#2,T16>group(App<F,T1#16>,App<F,T2#15>,App<F,T3#14>,App<F,T4#13>,App<F,T5#12>,App<F,T6#11>,App<F,T7#10>,App<F,T8#9>,App<F,T9#8>,App<F,T10#7>,App<F,T11#6>,App<F,T12#5>,App<F,T13#4>,App<F,T14#3>,App<F,T15#2>,App<F,T16>)
      T9#8 extends Object declared in method <T1#16,T2#15,T3#14,T4#13,T5#12,T6#11,T7#10,T8#9,T9#8,T10#7,T11#6,T12#5,T13#4,T14#3,T15#2,T16>group(App<F,T1#16>,App<F,T2#15>,App<F,T3#14>,App<F,T4#13>,App<F,T5#12>,App<F,T6#11>,App<F,T7#10>,App<F,T8#9>,App<F,T9#8>,App<F,T10#7>,App<F,T11#6>,App<F,T12#5>,App<F,T13#4>,App<F,T14#3>,App<F,T15#2>,App<F,T16>)
      T10#7 extends Object declared in method <T1#16,T2#15,T3#14,T4#13,T5#12,T6#11,T7#10,T8#9,T9#8,T10#7,T11#6,T12#5,T13#4,T14#3,T15#2,T16>group(App<F,T1#16>,App<F,T2#15>,App<F,T3#14>,App<F,T4#13>,App<F,T5#12>,App<F,T6#11>,App<F,T7#10>,App<F,T8#9>,App<F,T9#8>,App<F,T10#7>,App<F,T11#6>,App<F,T12#5>,App<F,T13#4>,App<F,T14#3>,App<F,T15#2>,App<F,T16>)
      T11#6 extends Object declared in method <T1#16,T2#15,T3#14,T4#13,T5#12,T6#11,T7#10,T8#9,T9#8,T10#7,T11#6,T12#5,T13#4,T14#3,T15#2,T16>group(App<F,T1#16>,App<F,T2#15>,App<F,T3#14>,App<F,T4#13>,App<F,T5#12>,App<F,T6#11>,App<F,T7#10>,App<F,T8#9>,App<F,T9#8>,App<F,T10#7>,App<F,T11#6>,App<F,T12#5>,App<F,T13#4>,App<F,T14#3>,App<F,T15#2>,App<F,T16>)
      T12#5 extends Object declared in method <T1#16,T2#15,T3#14,T4#13,T5#12,T6#11,T7#10,T8#9,T9#8,T10#7,T11#6,T12#5,T13#4,T14#3,T15#2,T16>group(App<F,T1#16>,App<F,T2#15>,App<F,T3#14>,App<F,T4#13>,App<F,T5#12>,App<F,T6#11>,App<F,T7#10>,App<F,T8#9>,App<F,T9#8>,App<F,T10#7>,App<F,T11#6>,App<F,T12#5>,App<F,T13#4>,App<F,T14#3>,App<F,T15#2>,App<F,T16>)
      T13#4 extends Object declared in method <T1#16,T2#15,T3#14,T4#13,T5#12,T6#11,T7#10,T8#9,T9#8,T10#7,T11#6,T12#5,T13#4,T14#3,T15#2,T16>group(App<F,T1#16>,App<F,T2#15>,App<F,T3#14>,App<F,T4#13>,App<F,T5#12>,App<F,T6#11>,App<F,T7#10>,App<F,T8#9>,App<F,T9#8>,App<F,T10#7>,App<F,T11#6>,App<F,T12#5>,App<F,T13#4>,App<F,T14#3>,App<F,T15#2>,App<F,T16>)
      T14#3 extends Object declared in method <T1#16,T2#15,T3#14,T4#13,T5#12,T6#11,T7#10,T8#9,T9#8,T10#7,T11#6,T12#5,T13#4,T14#3,T15#2,T16>group(App<F,T1#16>,App<F,T2#15>,App<F,T3#14>,App<F,T4#13>,App<F,T5#12>,App<F,T6#11>,App<F,T7#10>,App<F,T8#9>,App<F,T9#8>,App<F,T10#7>,App<F,T11#6>,App<F,T12#5>,App<F,T13#4>,App<F,T14#3>,App<F,T15#2>,App<F,T16>)
      T15#2 extends Object declared in method <T1#16,T2#15,T3#14,T4#13,T5#12,T6#11,T7#10,T8#9,T9#8,T10#7,T11#6,T12#5,T13#4,T14#3,T15#2,T16>group(App<F,T1#16>,App<F,T2#15>,App<F,T3#14>,App<F,T4#13>,App<F,T5#12>,App<F,T6#11>,App<F,T7#10>,App<F,T8#9>,App<F,T9#8>,App<F,T10#7>,App<F,T11#6>,App<F,T12#5>,App<F,T13#4>,App<F,T14#3>,App<F,T15#2>,App<F,T16>)
      T16 extends Object declared in method <T1#16,T2#15,T3#14,T4#13,T5#12,T6#11,T7#10,T8#9,T9#8,T10#7,T11#6,T12#5,T13#4,T14#3,T15#2,T16>group(App<F,T1#16>,App<F,T2#15>,App<F,T3#14>,App<F,T4#13>,App<F,T5#12>,App<F,T6#11>,App<F,T7#10>,App<F,T8#9>,App<F,T9#8>,App<F,T10#7>,App<F,T11#6>,App<F,T12#5>,App<F,T13#4>,App<F,T14#3>,App<F,T15#2>,App<F,T16>)
  /home/runner/work/mcJava/mcJava/android/app/src/main/java/net/minecraft/world/level/levelgen/NoiseSettings.java:12: error: no suitable method found for group(RecordCodecBuilder<NoiseSettings,Integer>,RecordCodecBuilder<NoiseSettings,Integer>)
           i -> i.group(
                 ^
      method Kind1.<T1#1>group(App<Mu<Object>,T1#1>) is not applicable
        (cannot infer type-variable(s) T1#1
          (actual and formal argument lists differ in length))
      method Kind1.<T1#2,T2#1>group(App<Mu<Object>,T1#2>,App<Mu<Object>,T2#1>) is not applicable
        (inference variable O has incompatible equality constraints NoiseSettings,Object)
      method Kind1.<T1#3,T2#2,T3#1>group(App<Mu<Object>,T1#3>,App<Mu<Object>,T2#2>,App<Mu<Object>,T3#1>) is not applicable
        (cannot infer type-variable(s) T1#3,T2#2,T3#1
          (actual and formal argument lists differ in length))
      method Kind1.<T1#4,T2#3,T3#2,T4#1>group(App<Mu<Object>,T1#4>,App<Mu<Object>,T2#3>,App<Mu<Object>,T3#2>,App<Mu<Object>,T4#1>) is not applicable
        (cannot infer type-variable(s) T1#4,T2#3,T3#2,T4#1
          (actual and formal argument lists differ in length))
      method Kind1.<T1#5,T2#4,T3#3,T4#2,T5#1>group(App<Mu<Object>,T1#5>,App<Mu<Object>,T2#4>,App<Mu<Object>,T3#3>,App<Mu<Object>,T4#2>,App<Mu<Object>,T5#1>) is not applicable
        (cannot infer type-variable(s) T1#5,T2#4,T3#3,T4#2,T5#1
          (actual and formal argument lists differ in length))
      method Kind1.<T1#6,T2#5,T3#4,T4#3,T5#2,T6#1>group(App<Mu<Object>,T1#6>,App<Mu<Object>,T2#5>,App<Mu<Object>,T3#4>,App<Mu<Object>,T4#3>,App<Mu<Object>,T5#2>,App<Mu<Object>,T6#1>) is not applicable
        (cannot infer type-variable(s) T1#6,T2#5,T3#4,T4#3,T5#2,T6#1
          (actual and formal argument lists differ in length))
      method Kind1.<T1#7,T2#6,T3#5,T4#4,T5#3,T6#2,T7#1>group(App<Mu<Object>,T1#7>,App<Mu<Object>,T2#6>,App<Mu<Object>,T3#5>,App<Mu<Object>,T4#4>,App<Mu<Object>,T5#3>,App<Mu<Object>,T6#2>,App<Mu<Object>,T7#1>) is not applicable
        (cannot infer type-variable(s) T1#7,T2#6,T3#5,T4#4,T5#3,T6#2,T7#1
          (actual and formal argument lists differ in length))
      method Kind1.<T1#8,T2#7,T3#6,T4#5,T5#4,T6#3,T7#2,T8#1>group(App<Mu<Object>,T1#8>,App<Mu<Object>,T2#7>,App<Mu<Object>,T3#6>,App<Mu<Object>,T4#5>,App<Mu<Object>,T5#4>,App<Mu<Object>,T6#3>,App<Mu<Object>,T7#2>,App<Mu<Object>,T8#1>) is not applicable
        (cannot infer type-variable(s) T1#8,T2#7,T3#6,T4#5,T5#4,T6#3,T7#2,T8#1
          (actual and formal argument lists differ in length))
      method Kind1.<T1#9,T2#8,T3#7,T4#6,T5#5,T6#4,T7#3,T8#2,T9#1>group(App<Mu<Object>,T1#9>,App<Mu<Object>,T2#8>,App<Mu<Object>,T3#7>,App<Mu<Object>,T4#6>,App<Mu<Object>,T5#5>,App<Mu<Object>,T6#4>,App<Mu<Object>,T7#3>,App<Mu<Object>,T8#2>,App<Mu<Object>,T9#1>) is not applicable
        (cannot infer type-variable(s) T1#9,T2#8,T3#7,T4#6,T5#5,T6#4,T7#3,T8#2,T9#1
          (actual and formal argument lists differ in length))
      method Kind1.<T1#10,T2#9,T3#8,T4#7,T5#6,T6#5,T7#4,T8#3,T9#2,T10#1>group(App<Mu<Object>,T1#10>,App<Mu<Object>,T2#9>,App<Mu<Object>,T3#8>,App<Mu<Object>,T4#7>,App<Mu<Object>,T5#6>,App<Mu<Object>,T6#5>,App<Mu<Object>,T7#4>,App<Mu<Object>,T8#3>,App<Mu<Object>,T9#2>,App<Mu<Object>,T10#1>) is not applicable
        (cannot infer type-variable(s) T1#10,T2#9,T3#8,T4#7,T5#6,T6#5,T7#4,T8#3,T9#2,T10#1
          (actual and formal argument lists differ in length))
      method Kind1.<T1#11,T2#10,T3#9,T4#8,T5#7,T6#6,T7#5,T8#4,T9#3,T10#2,T11#1>group(App<Mu<Object>,T1#11>,App<Mu<Object>,T2#10>,App<Mu<Object>,T3#9>,App<Mu<Object>,T4#8>,App<Mu<Object>,T5#7>,App<Mu<Object>,T6#6>,App<Mu<Object>,T7#5>,App<Mu<Object>,T8#4>,App<Mu<Object>,T9#3>,App<Mu<Object>,T10#2>,App<Mu<Object>,T11#1>) is not applicable
        (cannot infer type-variable(s) T1#11,T2#10,T3#9,T4#8,T5#7,T6#6,T7#5,T8#4,T9#3,T10#2,T11#1
          (actual and formal argument lists differ in length))
      method Kind1.<T1#12,T2#11,T3#10,T4#9,T5#8,T6#7,T7#6,T8#5,T9#4,T10#3,T11#2,T12#1>group(App<Mu<Object>,T1#12>,App<Mu<Object>,T2#11>,App<Mu<Object>,T3#10>,App<Mu<Object>,T4#9>,App<Mu<Object>,T5#8>,App<Mu<Object>,T6#7>,App<Mu<Object>,T7#6>,App<Mu<Object>,T8#5>,App<Mu<Object>,T9#4>,App<Mu<Object>,T10#3>,App<Mu<Object>,T11#2>,App<Mu<Object>,T12#1>) is not applicable
        (cannot infer type-variable(s) T1#12,T2#11,T3#10,T4#9,T5#8,T6#7,T7#6,T8#5,T9#4,T10#3,T11#2,T12#1
          (actual and formal argument lists differ in length))
      method Kind1.<T1#13,T2#12,T3#11,T4#10,T5#9,T6#8,T7#7,T8#6,T9#5,T10#4,T11#3,T12#2,T13#1>group(App<Mu<Object>,T1#13>,App<Mu<Object>,T2#12>,App<Mu<Object>,T3#11>,App<Mu<Object>,T4#10>,App<Mu<Object>,T5#9>,App<Mu<Object>,T6#8>,App<Mu<Object>,T7#7>,App<Mu<Object>,T8#6>,App<Mu<Object>,T9#5>,App<Mu<Object>,T10#4>,App<Mu<Object>,T11#3>,App<Mu<Object>,T12#2>,App<Mu<Object>,T13#1>) is not applicable
        (cannot infer type-variable(s) T1#13,T2#12,T3#11,T4#10,T5#9,T6#8,T7#7,T8#6,T9#5,T10#4,T11#3,T12#2,T13#1
          (actual and formal argument lists differ in length))
      method Kind1.<T1#14,T2#13,T3#12,T4#11,T5#10,T6#9,T7#8,T8#7,T9#6,T10#5,T11#4,T12#3,T13#2,T14#1>group(App<Mu<Object>,T1#14>,App<Mu<Object>,T2#13>,App<Mu<Object>,T3#12>,App<Mu<Object>,T4#11>,App<Mu<Object>,T5#10>,App<Mu<Object>,T6#9>,App<Mu<Object>,T7#8>,App<Mu<Object>,T8#7>,App<Mu<Object>,T9#6>,App<Mu<Object>,T10#5>,App<Mu<Object>,T11#4>,App<Mu<Object>,T12#3>,App<Mu<Object>,T13#2>,App<Mu<Object>,T14#1>) is not applicable
        (cannot infer type-variable(s) T1#14,T2#13,T3#12,T4#11,T5#10,T6#9,T7#8,T8#7,T9#6,T10#5,T11#4,T12#3,T13#2,T14#1
          (actual and formal argument lists differ in length))
      method Kind1.<T1#15,T2#14,T3#13,T4#12,T5#11,T6#10,T7#9,T8#8,T9#7,T10#6,T11#5,T12#4,T13#3,T14#2,T15#1>group(App<Mu<Object>,T1#15>,App<Mu<Object>,T2#14>,App<Mu<Object>,T3#13>,App<Mu<Object>,T4#12>,App<Mu<Object>,T5#11>,App<Mu<Object>,T6#10>,App<Mu<Object>,T7#9>,App<Mu<Object>,T8#8>,App<Mu<Object>,T9#7>,App<Mu<Object>,T10#6>,App<Mu<Object>,T11#5>,App<Mu<Object>,T12#4>,App<Mu<Object>,T13#3>,App<Mu<Object>,T14#2>,App<Mu<Object>,T15#1>) is not applicable
        (cannot infer type-variable(s) T1#15,T2#14,T3#13,T4#12,T5#11,T6#10,T7#9,T8#8,T9#7,T10#6,T11#5,T12#4,T13#3,T14#2,T15#1
          (actual and formal argument lists differ in length))
      method Kind1.<T1#16,T2#15,T3#14,T4#13,T5#12,T6#11,T7#10,T8#9,T9#8,T10#7,T11#6,T12#5,T13#4,T14#3,T15#2,T16>group(App<Mu<Object>,T1#16>,App<Mu<Object>,T2#15>,App<Mu<Object>,T3#14>,App<Mu<Object>,T4#13>,App<Mu<Object>,T5#12>,App<Mu<Object>,T6#11>,App<Mu<Object>,T7#10>,App<Mu<Object>,T8#9>,App<Mu<Object>,T9#8>,App<Mu<Object>,T10#7>,App<Mu<Object>,T11#6>,App<Mu<Object>,T12#5>,App<Mu<Object>,T13#4>,App<Mu<Object>,T14#3>,App<Mu<Object>,T15#2>,App<Mu<Object>,T16>) is not applicable
        (cannot infer type-variable(s) T1#16,T2#15,T3#14,T4#13,T5#12,T6#11,T7#10,T8#9,T9#8,T10#7,T11#6,T12#5,T13#4,T14#3,T15#2,T16
          (actual and formal argument lists differ in length))
    where T1#1,F,T1#2,T2#1,O,A,T1#3,T2#2,T3#1,T1#4,T2#3,T3#2,T4#1,T1#5,T2#4,T3#3,T4#2,T5#1,T1#6,T2#5,T3#4,T4#3,T5#2,T6#1,T1#7,T2#6,T3#5,T4#4,T5#3,T6#2,T7#1,T1#8,T2#7,T3#6,T4#5,T5#4,T6#3,T7#2,T8#1,T1#9,T2#8,T3#7,T4#6,T5#5,T6#4,T7#3,T8#2,T9#1,T1#10,T2#9,T3#8,T4#7,T5#6,T6#5,T7#4,T8#3,T9#2,T10#1,T1#11,T2#10,T3#9,T4#8,T5#7,T6#6,T7#5,T8#4,T9#3,T10#2,T11#1,T1#12,T2#11,T3#10,T4#9,T5#8,T6#7,T7#6,T8#5,T9#4,T10#3,T11#2,T12#1,T1#13,T2#12,T3#11,T4#10,T5#9,T6#8,T7#7,T8#6,T9#5,T10#4,T11#3,T12#2,T13#1,T1#14,T2#13,T3#12,T4#11,T5#10,T6#9,T7#8,T8#7,T9#6,T10#5,T11#4,T12#3,T13#2,T14#1,T1#15,T2#14,T3#13,T4#12,T5#11,T6#10,T7#9,T8#8,T9#7,T10#6,T11#5,T12#4,T13#3,T14#2,T15#1,T1#16,T2#15,T3#14,T4#13,T5#12,T6#11,T7#10,T8#9,T9#8,T10#7,T11#6,T12#5,T13#4,T14#3,T15#2,T16 are type-variables:
      T1#1 extends Object declared in method <T1#1>group(App<F,T1#1>)
      F extends K1 declared in interface Kind1
      T1#2 extends Object declared in method <T1#2,T2#1>group(App<F,T1#2>,App<F,T2#1>)
      T2#1 extends Object declared in method <T1#2,T2#1>group(App<F,T1#2>,App<F,T2#1>)
      O extends Object declared in method <O>forGetter(Function<O,A>)
      A extends Object declared in class MapCodec
      T1#3 extends Object declared in method <T1#3,T2#2,T3#1>group(App<F,T1#3>,App<F,T2#2>,App<F,T3#1>)
      T2#2 extends Object declared in method <T1#3,T2#2,T3#1>group(App<F,T1#3>,App<F,T2#2>,App<F,T3#1>)
      T3#1 extends Object declared in method <T1#3,T2#2,T3#1>group(App<F,T1#3>,App<F,T2#2>,App<F,T3#1>)
      T1#4 extends Object declared in method <T1#4,T2#3,T3#2,T4#1>group(App<F,T1#4>,App<F,T2#3>,App<F,T3#2>,App<F,T4#1>)
      T2#3 extends Object declared in method <T1#4,T2#3,T3#2,T4#1>group(App<F,T1#4>,App<F,T2#3>,App<F,T3#2>,App<F,T4#1>)
      T3#2 extends Object declared in method <T1#4,T2#3,T3#2,T4#1>group(App<F,T1#4>,App<F,T2#3>,App<F,T3#2>,App<F,T4#1>)
      T4#1 extends Object declared in method <T1#4,T2#3,T3#2,T4#1>group(App<F,T1#4>,App<F,T2#3>,App<F,T3#2>,App<F,T4#1>)
      T1#5 extends Object declared in method <T1#5,T2#4,T3#3,T4#2,T5#1>group(App<F,T1#5>,App<F,T2#4>,App<F,T3#3>,App<F,T4#2>,App<F,T5#1>)
      T2#4 extends Object declared in method <T1#5,T2#4,T3#3,T4#2,T5#1>group(App<F,T1#5>,App<F,T2#4>,App<F,T3#3>,App<F,T4#2>,App<F,T5#1>)
      T3#3 extends Object declared in method <T1#5,T2#4,T3#3,T4#2,T5#1>group(App<F,T1#5>,App<F,T2#4>,App<F,T3#3>,App<F,T4#2>,App<F,T5#1>)
      T4#2 extends Object declared in method <T1#5,T2#4,T3#3,T4#2,T5#1>group(App<F,T1#5>,App<F,T2#4>,App<F,T3#3>,App<F,T4#2>,App<F,T5#1>)
      T5#1 extends Object declared in method <T1#5,T2#4,T3#3,T4#2,T5#1>group(App<F,T1#5>,App<F,T2#4>,App<F,T3#3>,App<F,T4#2>,App<F,T5#1>)
      T1#6 extends Object declared in method <T1#6,T2#5,T3#4,T4#3,T5#2,T6#1>group(App<F,T1#6>,App<F,T2#5>,App<F,T3#4>,App<F,T4#3>,App<F,T5#2>,App<F,T6#1>)
      T2#5 extends Object declared in method <T1#6,T2#5,T3#4,T4#3,T5#2,T6#1>group(App<F,T1#6>,App<F,T2#5>,App<F,T3#4>,App<F,T4#3>,App<F,T5#2>,App<F,T6#1>)
      T3#4 extends Object declared in method <T1#6,T2#5,T3#4,T4#3,T5#2,T6#1>group(App<F,T1#6>,App<F,T2#5>,App<F,T3#4>,App<F,T4#3>,App<F,T5#2>,App<F,T6#1>)
      T4#3 extends Object declared in method <T1#6,T2#5,T3#4,T4#3,T5#2,T6#1>group(App<F,T1#6>,App<F,T2#5>,App<F,T3#4>,App<F,T4#3>,App<F,T5#2>,App<F,T6#1>)
      T5#2 extends Object declared in method <T1#6,T2#5,T3#4,T4#3,T5#2,T6#1>group(App<F,T1#6>,App<F,T2#5>,App<F,T3#4>,App<F,T4#3>,App<F,T5#2>,App<F,T6#1>)
      T6#1 extends Object declared in method <T1#6,T2#5,T3#4,T4#3,T5#2,T6#1>group(App<F,T1#6>,App<F,T2#5>,App<F,T3#4>,App<F,T4#3>,App<F,T5#2>,App<F,T6#1>)
      T1#7 extends Object declared in method <T1#7,T2#6,T3#5,T4#4,T5#3,T6#2,T7#1>group(App<F,T1#7>,App<F,T2#6>,App<F,T3#5>,App<F,T4#4>,App<F,T5#3>,App<F,T6#2>,App<F,T7#1>)
      T2#6 extends Object declared in method <T1#7,T2#6,T3#5,T4#4,T5#3,T6#2,T7#1>group(App<F,T1#7>,App<F,T2#6>,App<F,T3#5>,App<F,T4#4>,App<F,T5#3>,App<F,T6#2>,App<F,T7#1>)
      T3#5 extends Object declared in method <T1#7,T2#6,T3#5,T4#4,T5#3,T6#2,T7#1>group(App<F,T1#7>,App<F,T2#6>,App<F,T3#5>,App<F,T4#4>,App<F,T5#3>,App<F,T6#2>,App<F,T7#1>)
      T4#4 extends Object declared in method <T1#7,T2#6,T3#5,T4#4,T5#3,T6#2,T7#1>group(App<F,T1#7>,App<F,T2#6>,App<F,T3#5>,App<F,T4#4>,App<F,T5#3>,App<F,T6#2>,App<F,T7#1>)
      T5#3 extends Object declared in method <T1#7,T2#6,T3#5,T4#4,T5#3,T6#2,T7#1>group(App<F,T1#7>,App<F,T2#6>,App<F,T3#5>,App<F,T4#4>,App<F,T5#3>,App<F,T6#2>,App<F,T7#1>)
      T6#2 extends Object declared in method <T1#7,T2#6,T3#5,T4#4,T5#3,T6#2,T7#1>group(App<F,T1#7>,App<F,T2#6>,App<F,T3#5>,App<F,T4#4>,App<F,T5#3>,App<F,T6#2>,App<F,T7#1>)
      T7#1 extends Object declared in method <T1#7,T2#6,T3#5,T4#4,T5#3,T6#2,T7#1>group(App<F,T1#7>,App<F,T2#6>,App<F,T3#5>,App<F,T4#4>,App<F,T5#3>,App<F,T6#2>,App<F,T7#1>)
      T1#8 extends Object declared in method <T1#8,T2#7,T3#6,T4#5,T5#4,T6#3,T7#2,T8#1>group(App<F,T1#8>,App<F,T2#7>,App<F,T3#6>,App<F,T4#5>,App<F,T5#4>,App<F,T6#3>,App<F,T7#2>,App<F,T8#1>)
      T2#7 extends Object declared in method <T1#8,T2#7,T3#6,T4#5,T5#4,T6#3,T7#2,T8#1>group(App<F,T1#8>,App<F,T2#7>,App<F,T3#6>,App<F,T4#5>,App<F,T5#4>,App<F,T6#3>,App<F,T7#2>,App<F,T8#1>)
      T3#6 extends Object declared in method <T1#8,T2#7,T3#6,T4#5,T5#4,T6#3,T7#2,T8#1>group(App<F,T1#8>,App<F,T2#7>,App<F,T3#6>,App<F,T4#5>,App<F,T5#4>,App<F,T6#3>,App<F,T7#2>,App<F,T8#1>)
      T4#5 extends Object declared in method <T1#8,T2#7,T3#6,T4#5,T5#4,T6#3,T7#2,T8#1>group(App<F,T1#8>,App<F,T2#7>,App<F,T3#6>,App<F,T4#5>,App<F,T5#4>,App<F,T6#3>,App<F,T7#2>,App<F,T8#1>)
      T5#4 extends Object declared in method <T1#8,T2#7,T3#6,T4#5,T5#4,T6#3,T7#2,T8#1>group(App<F,T1#8>,App<F,T2#7>,App<F,T3#6>,App<F,T4#5>,App<F,T5#4>,App<F,T6#3>,App<F,T7#2>,App<F,T8#1>)
      T6#3 extends Object declared in method <T1#8,T2#7,T3#6,T4#5,T5#4,T6#3,T7#2,T8#1>group(App<F,T1#8>,App<F,T2#7>,App<F,T3#6>,App<F,T4#5>,App<F,T5#4>,App<F,T6#3>,App<F,T7#2>,App<F,T8#1>)
      T7#2 extends Object declared in method <T1#8,T2#7,T3#6,T4#5,T5#4,T6#3,T7#2,T8#1>group(App<F,T1#8>,App<F,T2#7>,App<F,T3#6>,App<F,T4#5>,App<F,T5#4>,App<F,T6#3>,App<F,T7#2>,App<F,T8#1>)
      T8#1 extends Object declared in method <T1#8,T2#7,T3#6,T4#5,T5#4,T6#3,T7#2,T8#1>group(App<F,T1#8>,App<F,T2#7>,App<F,T3#6>,App<F,T4#5>,App<F,T5#4>,App<F,T6#3>,App<F,T7#2>,App<F,T8#1>)
      T1#9 extends Object declared in method <T1#9,T2#8,T3#7,T4#6,T5#5,T6#4,T7#3,T8#2,T9#1>group(App<F,T1#9>,App<F,T2#8>,App<F,T3#7>,App<F,T4#6>,App<F,T5#5>,App<F,T6#4>,App<F,T7#3>,App<F,T8#2>,App<F,T9#1>)
      T2#8 extends Object declared in method <T1#9,T2#8,T3#7,T4#6,T5#5,T6#4,T7#3,T8#2,T9#1>group(App<F,T1#9>,App<F,T2#8>,App<F,T3#7>,App<F,T4#6>,App<F,T5#5>,App<F,T6#4>,App<F,T7#3>,App<F,T8#2>,App<F,T9#1>)
      T3#7 extends Object declared in method <T1#9,T2#8,T3#7,T4#6,T5#5,T6#4,T7#3,T8#2,T9#1>group(App<F,T1#9>,App<F,T2#8>,App<F,T3#7>,App<F,T4#6>,App<F,T5#5>,App<F,T6#4>,App<F,T7#3>,App<F,T8#2>,App<F,T9#1>)
      T4#6 extends Object declared in method <T1#9,T2#8,T3#7,T4#6,T5#5,T6#4,T7#3,T8#2,T9#1>group(App<F,T1#9>,App<F,T2#8>,App<F,T3#7>,App<F,T4#6>,App<F,T5#5>,App<F,T6#4>,App<F,T7#3>,App<F,T8#2>,App<F,T9#1>)
      T5#5 extends Object declared in method <T1#9,T2#8,T3#7,T4#6,T5#5,T6#4,T7#3,T8#2,T9#1>group(App<F,T1#9>,App<F,T2#8>,App<F,T3#7>,App<F,T4#6>,App<F,T5#5>,App<F,T6#4>,App<F,T7#3>,App<F,T8#2>,App<F,T9#1>)
      T6#4 extends Object declared in method <T1#9,T2#8,T3#7,T4#6,T5#5,T6#4,T7#3,T8#2,T9#1>group(App<F,T1#9>,App<F,T2#8>,App<F,T3#7>,App<F,T4#6>,App<F,T5#5>,App<F,T6#4>,App<F,T7#3>,App<F,T8#2>,App<F,T9#1>)
      T7#3 extends Object declared in method <T1#9,T2#8,T3#7,T4#6,T5#5,T6#4,T7#3,T8#2,T9#1>group(App<F,T1#9>,App<F,T2#8>,App<F,T3#7>,App<F,T4#6>,App<F,T5#5>,App<F,T6#4>,App<F,T7#3>,App<F,T8#2>,App<F,T9#1>)
      T8#2 extends Object declared in method <T1#9,T2#8,T3#7,T4#6,T5#5,T6#4,T7#3,T8#2,T9#1>group(App<F,T1#9>,App<F,T2#8>,App<F,T3#7>,App<F,T4#6>,App<F,T5#5>,App<F,T6#4>,App<F,T7#3>,App<F,T8#2>,App<F,T9#1>)
      T9#1 extends Object declared in method <T1#9,T2#8,T3#7,T4#6,T5#5,T6#4,T7#3,T8#2,T9#1>group(App<F,T1#9>,App<F,T2#8>,App<F,T3#7>,App<F,T4#6>,App<F,T5#5>,App<F,T6#4>,App<F,T7#3>,App<F,T8#2>,App<F,T9#1>)
      T1#10 extends Object declared in method <T1#10,T2#9,T3#8,T4#7,T5#6,T6#5,T7#4,T8#3,T9#2,T10#1>group(App<F,T1#10>,App<F,T2#9>,App<F,T3#8>,App<F,T4#7>,App<F,T5#6>,App<F,T6#5>,App<F,T7#4>,App<F,T8#3>,App<F,T9#2>,App<F,T10#1>)
      T2#9 extends Object declared in method <T1#10,T2#9,T3#8,T4#7,T5#6,T6#5,T7#4,T8#3,T9#2,T10#1>group(App<F,T1#10>,App<F,T2#9>,App<F,T3#8>,App<F,T4#7>,App<F,T5#6>,App<F,T6#5>,App<F,T7#4>,App<F,T8#3>,App<F,T9#2>,App<F,T10#1>)
      T3#8 extends Object declared in method <T1#10,T2#9,T3#8,T4#7,T5#6,T6#5,T7#4,T8#3,T9#2,T10#1>group(App<F,T1#10>,App<F,T2#9>,App<F,T3#8>,App<F,T4#7>,App<F,T5#6>,App<F,T6#5>,App<F,T7#4>,App<F,T8#3>,App<F,T9#2>,App<F,T10#1>)
      T4#7 extends Object declared in method <T1#10,T2#9,T3#8,T4#7,T5#6,T6#5,T7#4,T8#3,T9#2,T10#1>group(App<F,T1#10>,App<F,T2#9>,App<F,T3#8>,App<F,T4#7>,App<F,T5#6>,App<F,T6#5>,App<F,T7#4>,App<F,T8#3>,App<F,T9#2>,App<F,T10#1>)
      T5#6 extends Object declared in method <T1#10,T2#9,T3#8,T4#7,T5#6,T6#5,T7#4,T8#3,T9#2,T10#1>group(App<F,T1#10>,App<F,T2#9>,App<F,T3#8>,App<F,T4#7>,App<F,T5#6>,App<F,T6#5>,App<F,T7#4>,App<F,T8#3>,App<F,T9#2>,App<F,T10#1>)
      T6#5 extends Object declared in method <T1#10,T2#9,T3#8,T4#7,T5#6,T6#5,T7#4,T8#3,T9#2,T10#1>group(App<F,T1#10>,App<F,T2#9>,App<F,T3#8>,App<F,T4#7>,App<F,T5#6>,App<F,T6#5>,App<F,T7#4>,App<F,T8#3>,App<F,T9#2>,App<F,T10#1>)
      T7#4 extends Object declared in method <T1#10,T2#9,T3#8,T4#7,T5#6,T6#5,T7#4,T8#3,T9#2,T10#1>group(App<F,T1#10>,App<F,T2#9>,App<F,T3#8>,App<F,T4#7>,App<F,T5#6>,App<F,T6#5>,App<F,T7#4>,App<F,T8#3>,App<F,T9#2>,App<F,T10#1>)
      T8#3 extends Object declared in method <T1#10,T2#9,T3#8,T4#7,T5#6,T6#5,T7#4,T8#3,T9#2,T10#1>group(App<F,T1#10>,App<F,T2#9>,App<F,T3#8>,App<F,T4#7>,App<F,T5#6>,App<F,T6#5>,App<F,T7#4>,App<F,T8#3>,App<F,T9#2>,App<F,T10#1>)
      T9#2 extends Object declared in method <T1#10,T2#9,T3#8,T4#7,T5#6,T6#5,T7#4,T8#3,T9#2,T10#1>group(App<F,T1#10>,App<F,T2#9>,App<F,T3#8>,App<F,T4#7>,App<F,T5#6>,App<F,T6#5>,App<F,T7#4>,App<F,T8#3>,App<F,T9#2>,App<F,T10#1>)
      T10#1 extends Object declared in method <T1#10,T2#9,T3#8,T4#7,T5#6,T6#5,T7#4,T8#3,T9#2,T10#1>group(App<F,T1#10>,App<F,T2#9>,App<F,T3#8>,App<F,T4#7>,App<F,T5#6>,App<F,T6#5>,App<F,T7#4>,App<F,T8#3>,App<F,T9#2>,App<F,T10#1>)
      T1#11 extends Object declared in method <T1#11,T2#10,T3#9,T4#8,T5#7,T6#6,T7#5,T8#4,T9#3,T10#2,T11#1>group(App<F,T1#11>,App<F,T2#10>,App<F,T3#9>,App<F,T4#8>,App<F,T5#7>,App<F,T6#6>,App<F,T7#5>,App<F,T8#4>,App<F,T9#3>,App<F,T10#2>,App<F,T11#1>)
      T2#10 extends Object declared in method <T1#11,T2#10,T3#9,T4#8,T5#7,T6#6,T7#5,T8#4,T9#3,T10#2,T11#1>group(App<F,T1#11>,App<F,T2#10>,App<F,T3#9>,App<F,T4#8>,App<F,T5#7>,App<F,T6#6>,App<F,T7#5>,App<F,T8#4>,App<F,T9#3>,App<F,T10#2>,App<F,T11#1>)
      T3#9 extends Object declared in method <T1#11,T2#10,T3#9,T4#8,T5#7,T6#6,T7#5,T8#4,T9#3,T10#2,T11#1>group(App<F,T1#11>,App<F,T2#10>,App<F,T3#9>,App<F,T4#8>,App<F,T5#7>,App<F,T6#6>,App<F,T7#5>,App<F,T8#4>,App<F,T9#3>,App<F,T10#2>,App<F,T11#1>)
      T4#8 extends Object declared in method <T1#11,T2#10,T3#9,T4#8,T5#7,T6#6,T7#5,T8#4,T9#3,T10#2,T11#1>group(App<F,T1#11>,App<F,T2#10>,App<F,T3#9>,App<F,T4#8>,App<F,T5#7>,App<F,T6#6>,App<F,T7#5>,App<F,T8#4>,App<F,T9#3>,App<F,T10#2>,App<F,T11#1>)
      T5#7 extends Object declared in method <T1#11,T2#10,T3#9,T4#8,T5#7,T6#6,T7#5,T8#4,T9#3,T10#2,T11#1>group(App<F,T1#11>,App<F,T2#10>,App<F,T3#9>,App<F,T4#8>,App<F,T5#7>,App<F,T6#6>,App<F,T7#5>,App<F,T8#4>,App<F,T9#3>,App<F,T10#2>,App<F,T11#1>)
      T6#6 extends Object declared in method <T1#11,T2#10,T3#9,T4#8,T5#7,T6#6,T7#5,T8#4,T9#3,T10#2,T11#1>group(App<F,T1#11>,App<F,T2#10>,App<F,T3#9>,App<F,T4#8>,App<F,T5#7>,App<F,T6#6>,App<F,T7#5>,App<F,T8#4>,App<F,T9#3>,App<F,T10#2>,App<F,T11#1>)
      T7#5 extends Object declared in method <T1#11,T2#10,T3#9,T4#8,T5#7,T6#6,T7#5,T8#4,T9#3,T10#2,T11#1>group(App<F,T1#11>,App<F,T2#10>,App<F,T3#9>,App<F,T4#8>,App<F,T5#7>,App<F,T6#6>,App<F,T7#5>,App<F,T8#4>,App<F,T9#3>,App<F,T10#2>,App<F,T11#1>)
      T8#4 extends Object declared in method <T1#11,T2#10,T3#9,T4#8,T5#7,T6#6,T7#5,T8#4,T9#3,T10#2,T11#1>group(App<F,T1#11>,App<F,T2#10>,App<F,T3#9>,App<F,T4#8>,App<F,T5#7>,App<F,T6#6>,App<F,T7#5>,App<F,T8#4>,App<F,T9#3>,App<F,T10#2>,App<F,T11#1>)
      T9#3 extends Object declared in method <T1#11,T2#10,T3#9,T4#8,T5#7,T6#6,T7#5,T8#4,T9#3,T10#2,T11#1>group(App<F,T1#11>,App<F,T2#10>,App<F,T3#9>,App<F,T4#8>,App<F,T5#7>,App<F,T6#6>,App<F,T7#5>,App<F,T8#4>,App<F,T9#3>,App<F,T10#2>,App<F,T11#1>)
      T10#2 extends Object declared in method <T1#11,T2#10,T3#9,T4#8,T5#7,T6#6,T7#5,T8#4,T9#3,T10#2,T11#1>group(App<F,T1#11>,App<F,T2#10>,App<F,T3#9>,App<F,T4#8>,App<F,T5#7>,App<F,T6#6>,App<F,T7#5>,App<F,T8#4>,App<F,T9#3>,App<F,T10#2>,App<F,T11#1>)
      T11#1 extends Object declared in method <T1#11,T2#10,T3#9,T4#8,T5#7,T6#6,T7#5,T8#4,T9#3,T10#2,T11#1>group(App<F,T1#11>,App<F,T2#10>,App<F,T3#9>,App<F,T4#8>,App<F,T5#7>,App<F,T6#6>,App<F,T7#5>,App<F,T8#4>,App<F,T9#3>,App<F,T10#2>,App<F,T11#1>)
      T1#12 extends Object declared in method <T1#12,T2#11,T3#10,T4#9,T5#8,T6#7,T7#6,T8#5,T9#4,T10#3,T11#2,T12#1>group(App<F,T1#12>,App<F,T2#11>,App<F,T3#10>,App<F,T4#9>,App<F,T5#8>,App<F,T6#7>,App<F,T7#6>,App<F,T8#5>,App<F,T9#4>,App<F,T10#3>,App<F,T11#2>,App<F,T12#1>)
      T2#11 extends Object declared in method <T1#12,T2#11,T3#10,T4#9,T5#8,T6#7,T7#6,T8#5,T9#4,T10#3,T11#2,T12#1>group(App<F,T1#12>,App<F,T2#11>,App<F,T3#10>,App<F,T4#9>,App<F,T5#8>,App<F,T6#7>,App<F,T7#6>,App<F,T8#5>,App<F,T9#4>,App<F,T10#3>,App<F,T11#2>,App<F,T12#1>)
      T3#10 extends Object declared in method <T1#12,T2#11,T3#10,T4#9,T5#8,T6#7,T7#6,T8#5,T9#4,T10#3,T11#2,T12#1>group(App<F,T1#12>,App<F,T2#11>,App<F,T3#10>,App<F,T4#9>,App<F,T5#8>,App<F,T6#7>,App<F,T7#6>,App<F,T8#5>,App<F,T9#4>,App<F,T10#3>,App<F,T11#2>,App<F,T12#1>)
      T4#9 extends Object declared in method <T1#12,T2#11,T3#10,T4#9,T5#8,T6#7,T7#6,T8#5,T9#4,T10#3,T11#2,T12#1>group(App<F,T1#12>,App<F,T2#11>,App<F,T3#10>,App<F,T4#9>,App<F,T5#8>,App<F,T6#7>,App<F,T7#6>,App<F,T8#5>,App<F,T9#4>,App<F,T10#3>,App<F,T11#2>,App<F,T12#1>)
      T5#8 extends Object declared in method <T1#12,T2#11,T3#10,T4#9,T5#8,T6#7,T7#6,T8#5,T9#4,T10#3,T11#2,T12#1>group(App<F,T1#12>,App<F,T2#11>,App<F,T3#10>,App<F,T4#9>,App<F,T5#8>,App<F,T6#7>,App<F,T7#6>,App<F,T8#5>,App<F,T9#4>,App<F,T10#3>,App<F,T11#2>,App<F,T12#1>)
      T6#7 extends Object declared in method <T1#12,T2#11,T3#10,T4#9,T5#8,T6#7,T7#6,T8#5,T9#4,T10#3,T11#2,T12#1>group(App<F,T1#12>,App<F,T2#11>,App<F,T3#10>,App<F,T4#9>,App<F,T5#8>,App<F,T6#7>,App<F,T7#6>,App<F,T8#5>,App<F,T9#4>,App<F,T10#3>,App<F,T11#2>,App<F,T12#1>)
      T7#6 extends Object declared in method <T1#12,T2#11,T3#10,T4#9,T5#8,T6#7,T7#6,T8#5,T9#4,T10#3,T11#2,T12#1>group(App<F,T1#12>,App<F,T2#11>,App<F,T3#10>,App<F,T4#9>,App<F,T5#8>,App<F,T6#7>,App<F,T7#6>,App<F,T8#5>,App<F,T9#4>,App<F,T10#3>,App<F,T11#2>,App<F,T12#1>)
      T8#5 extends Object declared in method <T1#12,T2#11,T3#10,T4#9,T5#8,T6#7,T7#6,T8#5,T9#4,T10#3,T11#2,T12#1>group(App<F,T1#12>,App<F,T2#11>,App<F,T3#10>,App<F,T4#9>,App<F,T5#8>,App<F,T6#7>,App<F,T7#6>,App<F,T8#5>,App<F,T9#4>,App<F,T10#3>,App<F,T11#2>,App<F,T12#1>)
      T9#4 extends Object declared in method <T1#12,T2#11,T3#10,T4#9,T5#8,T6#7,T7#6,T8#5,T9#4,T10#3,T11#2,T12#1>group(App<F,T1#12>,App<F,T2#11>,App<F,T3#10>,App<F,T4#9>,App<F,T5#8>,App<F,T6#7>,App<F,T7#6>,App<F,T8#5>,App<F,T9#4>,App<F,T10#3>,App<F,T11#2>,App<F,T12#1>)
      T10#3 extends Object declared in method <T1#12,T2#11,T3#10,T4#9,T5#8,T6#7,T7#6,T8#5,T9#4,T10#3,T11#2,T12#1>group(App<F,T1#12>,App<F,T2#11>,App<F,T3#10>,App<F,T4#9>,App<F,T5#8>,App<F,T6#7>,App<F,T7#6>,App<F,T8#5>,App<F,T9#4>,App<F,T10#3>,App<F,T11#2>,App<F,T12#1>)
      T11#2 extends Object declared in method <T1#12,T2#11,T3#10,T4#9,T5#8,T6#7,T7#6,T8#5,T9#4,T10#3,T11#2,T12#1>group(App<F,T1#12>,App<F,T2#11>,App<F,T3#10>,App<F,T4#9>,App<F,T5#8>,App<F,T6#7>,App<F,T7#6>,App<F,T8#5>,App<F,T9#4>,App<F,T10#3>,App<F,T11#2>,App<F,T12#1>)
      T12#1 extends Object declared in method <T1#12,T2#11,T3#10,T4#9,T5#8,T6#7,T7#6,T8#5,T9#4,T10#3,T11#2,T12#1>group(App<F,T1#12>,App<F,T2#11>,App<F,T3#10>,App<F,T4#9>,App<F,T5#8>,App<F,T6#7>,App<F,T7#6>,App<F,T8#5>,App<F,T9#4>,App<F,T10#3>,App<F,T11#2>,App<F,T12#1>)
      T1#13 extends Object declared in method <T1#13,T2#12,T3#11,T4#10,T5#9,T6#8,T7#7,T8#6,T9#5,T10#4,T11#3,T12#2,T13#1>group(App<F,T1#13>,App<F,T2#12>,App<F,T3#11>,App<F,T4#10>,App<F,T5#9>,App<F,T6#8>,App<F,T7#7>,App<F,T8#6>,App<F,T9#5>,App<F,T10#4>,App<F,T11#3>,App<F,T12#2>,App<F,T13#1>)
      T2#12 extends Object declared in method <T1#13,T2#12,T3#11,T4#10,T5#9,T6#8,T7#7,T8#6,T9#5,T10#4,T11#3,T12#2,T13#1>group(App<F,T1#13>,App<F,T2#12>,App<F,T3#11>,App<F,T4#10>,App<F,T5#9>,App<F,T6#8>,App<F,T7#7>,App<F,T8#6>,App<F,T9#5>,App<F,T10#4>,App<F,T11#3>,App<F,T12#2>,App<F,T13#1>)
      T3#11 extends Object declared in method <T1#13,T2#12,T3#11,T4#10,T5#9,T6#8,T7#7,T8#6,T9#5,T10#4,T11#3,T12#2,T13#1>group(App<F,T1#13>,App<F,T2#12>,App<F,T3#11>,App<F,T4#10>,App<F,T5#9>,App<F,T6#8>,App<F,T7#7>,App<F,T8#6>,App<F,T9#5>,App<F,T10#4>,App<F,T11#3>,App<F,T12#2>,App<F,T13#1>)
      T4#10 extends Object declared in method <T1#13,T2#12,T3#11,T4#10,T5#9,T6#8,T7#7,T8#6,T9#5,T10#4,T11#3,T12#2,T13#1>group(App<F,T1#13>,App<F,T2#12>,App<F,T3#11>,App<F,T4#10>,App<F,T5#9>,App<F,T6#8>,App<F,T7#7>,App<F,T8#6>,App<F,T9#5>,App<F,T10#4>,App<F,T11#3>,App<F,T12#2>,App<F,T13#1>)
      T5#9 extends Object declared in method <T1#13,T2#12,T3#11,T4#10,T5#9,T6#8,T7#7,T8#6,T9#5,T10#4,T11#3,T12#2,T13#1>group(App<F,T1#13>,App<F,T2#12>,App<F,T3#11>,App<F,T4#10>,App<F,T5#9>,App<F,T6#8>,App<F,T7#7>,App<F,T8#6>,App<F,T9#5>,App<F,T10#4>,App<F,T11#3>,App<F,T12#2>,App<F,T13#1>)
      T6#8 extends Object declared in method <T1#13,T2#12,T3#11,T4#10,T5#9,T6#8,T7#7,T8#6,T9#5,T10#4,T11#3,T12#2,T13#1>group(App<F,T1#13>,App<F,T2#12>,App<F,T3#11>,App<F,T4#10>,App<F,T5#9>,App<F,T6#8>,App<F,T7#7>,App<F,T8#6>,App<F,T9#5>,App<F,T10#4>,App<F,T11#3>,App<F,T12#2>,App<F,T13#1>)
      T7#7 extends Object declared in method <T1#13,T2#12,T3#11,T4#10,T5#9,T6#8,T7#7,T8#6,T9#5,T10#4,T11#3,T12#2,T13#1>group(App<F,T1#13>,App<F,T2#12>,App<F,T3#11>,App<F,T4#10>,App<F,T5#9>,App<F,T6#8>,App<F,T7#7>,App<F,T8#6>,App<F,T9#5>,App<F,T10#4>,App<F,T11#3>,App<F,T12#2>,App<F,T13#1>)
      T8#6 extends Object declared in method <T1#13,T2#12,T3#11,T4#10,T5#9,T6#8,T7#7,T8#6,T9#5,T10#4,T11#3,T12#2,T13#1>group(App<F,T1#13>,App<F,T2#12>,App<F,T3#11>,App<F,T4#10>,App<F,T5#9>,App<F,T6#8>,App<F,T7#7>,App<F,T8#6>,App<F,T9#5>,App<F,T10#4>,App<F,T11#3>,App<F,T12#2>,App<F,T13#1>)
      T9#5 extends Object declared in method <T1#13,T2#12,T3#11,T4#10,T5#9,T6#8,T7#7,T8#6,T9#5,T10#4,T11#3,T12#2,T13#1>group(App<F,T1#13>,App<F,T2#12>,App<F,T3#11>,App<F,T4#10>,App<F,T5#9>,App<F,T6#8>,App<F,T7#7>,App<F,T8#6>,App<F,T9#5>,App<F,T10#4>,App<F,T11#3>,App<F,T12#2>,App<F,T13#1>)
      T10#4 extends Object declared in method <T1#13,T2#12,T3#11,T4#10,T5#9,T6#8,T7#7,T8#6,T9#5,T10#4,T11#3,T12#2,T13#1>group(App<F,T1#13>,App<F,T2#12>,App<F,T3#11>,App<F,T4#10>,App<F,T5#9>,App<F,T6#8>,App<F,T7#7>,App<F,T8#6>,App<F,T9#5>,App<F,T10#4>,App<F,T11#3>,App<F,T12#2>,App<F,T13#1>)
      T11#3 extends Object declared in method <T1#13,T2#12,T3#11,T4#10,T5#9,T6#8,T7#7,T8#6,T9#5,T10#4,T11#3,T12#2,T13#1>group(App<F,T1#13>,App<F,T2#12>,App<F,T3#11>,App<F,T4#10>,App<F,T5#9>,App<F,T6#8>,App<F,T7#7>,App<F,T8#6>,App<F,T9#5>,App<F,T10#4>,App<F,T11#3>,App<F,T12#2>,App<F,T13#1>)
      T12#2 extends Object declared in method <T1#13,T2#12,T3#11,T4#10,T5#9,T6#8,T7#7,T8#6,T9#5,T10#4,T11#3,T12#2,T13#1>group(App<F,T1#13>,App<F,T2#12>,App<F,T3#11>,App<F,T4#10>,App<F,T5#9>,App<F,T6#8>,App<F,T7#7>,App<F,T8#6>,App<F,T9#5>,App<F,T10#4>,App<F,T11#3>,App<F,T12#2>,App<F,T13#1>)
      T13#1 extends Object declared in method <T1#13,T2#12,T3#11,T4#10,T5#9,T6#8,T7#7,T8#6,T9#5,T10#4,T11#3,T12#2,T13#1>group(App<F,T1#13>,App<F,T2#12>,App<F,T3#11>,App<F,T4#10>,App<F,T5#9>,App<F,T6#8>,App<F,T7#7>,App<F,T8#6>,App<F,T9#5>,App<F,T10#4>,App<F,T11#3>,App<F,T12#2>,App<F,T13#1>)
      T1#14 extends Object declared in method <T1#14,T2#13,T3#12,T4#11,T5#10,T6#9,T7#8,T8#7,T9#6,T10#5,T11#4,T12#3,T13#2,T14#1>group(App<F,T1#14>,App<F,T2#13>,App<F,T3#12>,App<F,T4#11>,App<F,T5#10>,App<F,T6#9>,App<F,T7#8>,App<F,T8#7>,App<F,T9#6>,App<F,T10#5>,App<F,T11#4>,App<F,T12#3>,App<F,T13#2>,App<F,T14#1>)
      T2#13 extends Object declared in method <T1#14,T2#13,T3#12,T4#11,T5#10,T6#9,T7#8,T8#7,T9#6,T10#5,T11#4,T12#3,T13#2,T14#1>group(App<F,T1#14>,App<F,T2#13>,App<F,T3#12>,App<F,T4#11>,App<F,T5#10>,App<F,T6#9>,App<F,T7#8>,App<F,T8#7>,App<F,T9#6>,App<F,T10#5>,App<F,T11#4>,App<F,T12#3>,App<F,T13#2>,App<F,T14#1>)
      T3#12 extends Object declared in method <T1#14,T2#13,T3#12,T4#11,T5#10,T6#9,T7#8,T8#7,T9#6,T10#5,T11#4,T12#3,T13#2,T14#1>group(App<F,T1#14>,App<F,T2#13>,App<F,T3#12>,App<F,T4#11>,App<F,T5#10>,App<F,T6#9>,App<F,T7#8>,App<F,T8#7>,App<F,T9#6>,App<F,T10#5>,App<F,T11#4>,App<F,T12#3>,App<F,T13#2>,App<F,T14#1>)
      T4#11 extends Object declared in method <T1#14,T2#13,T3#12,T4#11,T5#10,T6#9,T7#8,T8#7,T9#6,T10#5,T11#4,T12#3,T13#2,T14#1>group(App<F,T1#14>,App<F,T2#13>,App<F,T3#12>,App<F,T4#11>,App<F,T5#10>,App<F,T6#9>,App<F,T7#8>,App<F,T8#7>,App<F,T9#6>,App<F,T10#5>,App<F,T11#4>,App<F,T12#3>,App<F,T13#2>,App<F,T14#1>)
      T5#10 extends Object declared in method <T1#14,T2#13,T3#12,T4#11,T5#10,T6#9,T7#8,T8#7,T9#6,T10#5,T11#4,T12#3,T13#2,T14#1>group(App<F,T1#14>,App<F,T2#13>,App<F,T3#12>,App<F,T4#11>,App<F,T5#10>,App<F,T6#9>,App<F,T7#8>,App<F,T8#7>,App<F,T9#6>,App<F,T10#5>,App<F,T11#4>,App<F,T12#3>,App<F,T13#2>,App<F,T14#1>)
      T6#9 extends Object declared in method <T1#14,T2#13,T3#12,T4#11,T5#10,T6#9,T7#8,T8#7,T9#6,T10#5,T11#4,T12#3,T13#2,T14#1>group(App<F,T1#14>,App<F,T2#13>,App<F,T3#12>,App<F,T4#11>,App<F,T5#10>,App<F,T6#9>,App<F,T7#8>,App<F,T8#7>,App<F,T9#6>,App<F,T10#5>,App<F,T11#4>,App<F,T12#3>,App<F,T13#2>,App<F,T14#1>)
      T7#8 extends Object declared in method <T1#14,T2#13,T3#12,T4#11,T5#10,T6#9,T7#8,T8#7,T9#6,T10#5,T11#4,T12#3,T13#2,T14#1>group(App<F,T1#14>,App<F,T2#13>,App<F,T3#12>,App<F,T4#11>,App<F,T5#10>,App<F,T6#9>,App<F,T7#8>,App<F,T8#7>,App<F,T9#6>,App<F,T10#5>,App<F,T11#4>,App<F,T12#3>,App<F,T13#2>,App<F,T14#1>)
      T8#7 extends Object declared in method <T1#14,T2#13,T3#12,T4#11,T5#10,T6#9,T7#8,T8#7,T9#6,T10#5,T11#4,T12#3,T13#2,T14#1>group(App<F,T1#14>,App<F,T2#13>,App<F,T3#12>,App<F,T4#11>,App<F,T5#10>,App<F,T6#9>,App<F,T7#8>,App<F,T8#7>,App<F,T9#6>,App<F,T10#5>,App<F,T11#4>,App<F,T12#3>,App<F,T13#2>,App<F,T14#1>)
      T9#6 extends Object declared in method <T1#14,T2#13,T3#12,T4#11,T5#10,T6#9,T7#8,T8#7,T9#6,T10#5,T11#4,T12#3,T13#2,T14#1>group(App<F,T1#14>,App<F,T2#13>,App<F,T3#12>,App<F,T4#11>,App<F,T5#10>,App<F,T6#9>,App<F,T7#8>,App<F,T8#7>,App<F,T9#6>,App<F,T10#5>,App<F,T11#4>,App<F,T12#3>,App<F,T13#2>,App<F,T14#1>)
      T10#5 extends Object declared in method <T1#14,T2#13,T3#12,T4#11,T5#10,T6#9,T7#8,T8#7,T9#6,T10#5,T11#4,T12#3,T13#2,T14#1>group(App<F,T1#14>,App<F,T2#13>,App<F,T3#12>,App<F,T4#11>,App<F,T5#10>,App<F,T6#9>,App<F,T7#8>,App<F,T8#7>,App<F,T9#6>,App<F,T10#5>,App<F,T11#4>,App<F,T12#3>,App<F,T13#2>,App<F,T14#1>)
      T11#4 extends Object declared in method <T1#14,T2#13,T3#12,T4#11,T5#10,T6#9,T7#8,T8#7,T9#6,T10#5,T11#4,T12#3,T13#2,T14#1>group(App<F,T1#14>,App<F,T2#13>,App<F,T3#12>,App<F,T4#11>,App<F,T5#10>,App<F,T6#9>,App<F,T7#8>,App<F,T8#7>,App<F,T9#6>,App<F,T10#5>,App<F,T11#4>,App<F,T12#3>,App<F,T13#2>,App<F,T14#1>)
      T12#3 extends Object declared in method <T1#14,T2#13,T3#12,T4#11,T5#10,T6#9,T7#8,T8#7,T9#6,T10#5,T11#4,T12#3,T13#2,T14#1>group(App<F,T1#14>,App<F,T2#13>,App<F,T3#12>,App<F,T4#11>,App<F,T5#10>,App<F,T6#9>,App<F,T7#8>,App<F,T8#7>,App<F,T9#6>,App<F,T10#5>,App<F,T11#4>,App<F,T12#3>,App<F,T13#2>,App<F,T14#1>)
      T13#2 extends Object declared in method <T1#14,T2#13,T3#12,T4#11,T5#10,T6#9,T7#8,T8#7,T9#6,T10#5,T11#4,T12#3,T13#2,T14#1>group(App<F,T1#14>,App<F,T2#13>,App<F,T3#12>,App<F,T4#11>,App<F,T5#10>,App<F,T6#9>,App<F,T7#8>,App<F,T8#7>,App<F,T9#6>,App<F,T10#5>,App<F,T11#4>,App<F,T12#3>,App<F,T13#2>,App<F,T14#1>)
      T14#1 extends Object declared in method <T1#14,T2#13,T3#12,T4#11,T5#10,T6#9,T7#8,T8#7,T9#6,T10#5,T11#4,T12#3,T13#2,T14#1>group(App<F,T1#14>,App<F,T2#13>,App<F,T3#12>,App<F,T4#11>,App<F,T5#10>,App<F,T6#9>,App<F,T7#8>,App<F,T8#7>,App<F,T9#6>,App<F,T10#5>,App<F,T11#4>,App<F,T12#3>,App<F,T13#2>,App<F,T14#1>)
      T1#15 extends Object declared in method <T1#15,T2#14,T3#13,T4#12,T5#11,T6#10,T7#9,T8#8,T9#7,T10#6,T11#5,T12#4,T13#3,T14#2,T15#1>group(App<F,T1#15>,App<F,T2#14>,App<F,T3#13>,App<F,T4#12>,App<F,T5#11>,App<F,T6#10>,App<F,T7#9>,App<F,T8#8>,App<F,T9#7>,App<F,T10#6>,App<F,T11#5>,App<F,T12#4>,App<F,T13#3>,App<F,T14#2>,App<F,T15#1>)
      T2#14 extends Object declared in method <T1#15,T2#14,T3#13,T4#12,T5#11,T6#10,T7#9,T8#8,T9#7,T10#6,T11#5,T12#4,T13#3,T14#2,T15#1>group(App<F,T1#15>,App<F,T2#14>,App<F,T3#13>,App<F,T4#12>,App<F,T5#11>,App<F,T6#10>,App<F,T7#9>,App<F,T8#8>,App<F,T9#7>,App<F,T10#6>,App<F,T11#5>,App<F,T12#4>,App<F,T13#3>,App<F,T14#2>,App<F,T15#1>)
      T3#13 extends Object declared in method <T1#15,T2#14,T3#13,T4#12,T5#11,T6#10,T7#9,T8#8,T9#7,T10#6,T11#5,T12#4,T13#3,T14#2,T15#1>group(App<F,T1#15>,App<F,T2#14>,App<F,T3#13>,App<F,T4#12>,App<F,T5#11>,App<F,T6#10>,App<F,T7#9>,App<F,T8#8>,App<F,T9#7>,App<F,T10#6>,App<F,T11#5>,App<F,T12#4>,App<F,T13#3>,App<F,T14#2>,App<F,T15#1>)
      T4#12 extends Object declared in method <T1#15,T2#14,T3#13,T4#12,T5#11,T6#10,T7#9,T8#8,T9#7,T10#6,T11#5,T12#4,T13#3,T14#2,T15#1>group(App<F,T1#15>,App<F,T2#14>,App<F,T3#13>,App<F,T4#12>,App<F,T5#11>,App<F,T6#10>,App<F,T7#9>,App<F,T8#8>,App<F,T9#7>,App<F,T10#6>,App<F,T11#5>,App<F,T12#4>,App<F,T13#3>,App<F,T14#2>,App<F,T15#1>)
      T5#11 extends Object declared in method <T1#15,T2#14,T3#13,T4#12,T5#11,T6#10,T7#9,T8#8,T9#7,T10#6,T11#5,T12#4,T13#3,T14#2,T15#1>group(App<F,T1#15>,App<F,T2#14>,App<F,T3#13>,App<F,T4#12>,App<F,T5#11>,App<F,T6#10>,App<F,T7#9>,App<F,T8#8>,App<F,T9#7>,App<F,T10#6>,App<F,T11#5>,App<F,T12#4>,App<F,T13#3>,App<F,T14#2>,App<F,T15#1>)
      T6#10 extends Object declared in method <T1#15,T2#14,T3#13,T4#12,T5#11,T6#10,T7#9,T8#8,T9#7,T10#6,T11#5,T12#4,T13#3,T14#2,T15#1>group(App<F,T1#15>,App<F,T2#14>,App<F,T3#13>,App<F,T4#12>,App<F,T5#11>,App<F,T6#10>,App<F,T7#9>,App<F,T8#8>,App<F,T9#7>,App<F,T10#6>,App<F,T11#5>,App<F,T12#4>,App<F,T13#3>,App<F,T14#2>,App<F,T15#1>)
      T7#9 extends Object declared in method <T1#15,T2#14,T3#13,T4#12,T5#11,T6#10,T7#9,T8#8,T9#7,T10#6,T11#5,T12#4,T13#3,T14#2,T15#1>group(App<F,T1#15>,App<F,T2#14>,App<F,T3#13>,App<F,T4#12>,App<F,T5#11>,App<F,T6#10>,App<F,T7#9>,App<F,T8#8>,App<F,T9#7>,App<F,T10#6>,App<F,T11#5>,App<F,T12#4>,App<F,T13#3>,App<F,T14#2>,App<F,T15#1>)
      T8#8 extends Object declared in method <T1#15,T2#14,T3#13,T4#12,T5#11,T6#10,T7#9,T8#8,T9#7,T10#6,T11#5,T12#4,T13#3,T14#2,T15#1>group(App<F,T1#15>,App<F,T2#14>,App<F,T3#13>,App<F,T4#12>,App<F,T5#11>,App<F,T6#10>,App<F,T7#9>,App<F,T8#8>,App<F,T9#7>,App<F,T10#6>,App<F,T11#5>,App<F,T12#4>,App<F,T13#3>,App<F,T14#2>,App<F,T15#1>)
      T9#7 extends Object declared in method <T1#15,T2#14,T3#13,T4#12,T5#11,T6#10,T7#9,T8#8,T9#7,T10#6,T11#5,T12#4,T13#3,T14#2,T15#1>group(App<F,T1#15>,App<F,T2#14>,App<F,T3#13>,App<F,T4#12>,App<F,T5#11>,App<F,T6#10>,App<F,T7#9>,App<F,T8#8>,App<F,T9#7>,App<F,T10#6>,App<F,T11#5>,App<F,T12#4>,App<F,T13#3>,App<F,T14#2>,App<F,T15#1>)
      T10#6 extends Object declared in method <T1#15,T2#14,T3#13,T4#12,T5#11,T6#10,T7#9,T8#8,T9#7,T10#6,T11#5,T12#4,T13#3,T14#2,T15#1>group(App<F,T1#15>,App<F,T2#14>,App<F,T3#13>,App<F,T4#12>,App<F,T5#11>,App<F,T6#10>,App<F,T7#9>,App<F,T8#8>,App<F,T9#7>,App<F,T10#6>,App<F,T11#5>,App<F,T12#4>,App<F,T13#3>,App<F,T14#2>,App<F,T15#1>)
      T11#5 extends Object declared in method <T1#15,T2#14,T3#13,T4#12,T5#11,T6#10,T7#9,T8#8,T9#7,T10#6,T11#5,T12#4,T13#3,T14#2,T15#1>group(App<F,T1#15>,App<F,T2#14>,App<F,T3#13>,App<F,T4#12>,App<F,T5#11>,App<F,T6#10>,App<F,T7#9>,App<F,T8#8>,App<F,T9#7>,App<F,T10#6>,App<F,T11#5>,App<F,T12#4>,App<F,T13#3>,App<F,T14#2>,App<F,T15#1>)
      T12#4 extends Object declared in method <T1#15,T2#14,T3#13,T4#12,T5#11,T6#10,T7#9,T8#8,T9#7,T10#6,T11#5,T12#4,T13#3,T14#2,T15#1>group(App<F,T1#15>,App<F,T2#14>,App<F,T3#13>,App<F,T4#12>,App<F,T5#11>,App<F,T6#10>,App<F,T7#9>,App<F,T8#8>,App<F,T9#7>,App<F,T10#6>,App<F,T11#5>,App<F,T12#4>,App<F,T13#3>,App<F,T14#2>,App<F,T15#1>)
      T13#3 extends Object declared in method <T1#15,T2#14,T3#13,T4#12,T5#11,T6#10,T7#9,T8#8,T9#7,T10#6,T11#5,T12#4,T13#3,T14#2,T15#1>group(App<F,T1#15>,App<F,T2#14>,App<F,T3#13>,App<F,T4#12>,App<F,T5#11>,App<F,T6#10>,App<F,T7#9>,App<F,T8#8>,App<F,T9#7>,App<F,T10#6>,App<F,T11#5>,App<F,T12#4>,App<F,T13#3>,App<F,T14#2>,App<F,T15#1>)
      T14#2 extends Object declared in method <T1#15,T2#14,T3#13,T4#12,T5#11,T6#10,T7#9,T8#8,T9#7,T10#6,T11#5,T12#4,T13#3,T14#2,T15#1>group(App<F,T1#15>,App<F,T2#14>,App<F,T3#13>,App<F,T4#12>,App<F,T5#11>,App<F,T6#10>,App<F,T7#9>,App<F,T8#8>,App<F,T9#7>,App<F,T10#6>,App<F,T11#5>,App<F,T12#4>,App<F,T13#3>,App<F,T14#2>,App<F,T15#1>)
      T15#1 extends Object declared in method <T1#15,T2#14,T3#13,T4#12,T5#11,T6#10,T7#9,T8#8,T9#7,T10#6,T11#5,T12#4,T13#3,T14#2,T15#1>group(App<F,T1#15>,App<F,T2#14>,App<F,T3#13>,App<F,T4#12>,App<F,T5#11>,App<F,T6#10>,App<F,T7#9>,App<F,T8#8>,App<F,T9#7>,App<F,T10#6>,App<F,T11#5>,App<F,T12#4>,App<F,T13#3>,App<F,T14#2>,App<F,T15#1>)
      T1#16 extends Object declared in method <T1#16,T2#15,T3#14,T4#13,T5#12,T6#11,T7#10,T8#9,T9#8,T10#7,T11#6,T12#5,T13#4,T14#3,T15#2,T16>group(App<F,T1#16>,App<F,T2#15>,App<F,T3#14>,App<F,T4#13>,App<F,T5#12>,App<F,T6#11>,App<F,T7#10>,App<F,T8#9>,App<F,T9#8>,App<F,T10#7>,App<F,T11#6>,App<F,T12#5>,App<F,T13#4>,App<F,T14#3>,App<F,T15#2>,App<F,T16>)
      T2#15 extends Object declared in method <T1#16,T2#15,T3#14,T4#13,T5#12,T6#11,T7#10,T8#9,T9#8,T10#7,T11#6,T12#5,T13#4,T14#3,T15#2,T16>group(App<F,T1#16>,App<F,T2#15>,App<F,T3#14>,App<F,T4#13>,App<F,T5#12>,App<F,T6#11>,App<F,T7#10>,App<F,T8#9>,App<F,T9#8>,App<F,T10#7>,App<F,T11#6>,App<F,T12#5>,App<F,T13#4>,App<F,T14#3>,App<F,T15#2>,App<F,T16>)
      T3#14 extends Object declared in method <T1#16,T2#15,T3#14,T4#13,T5#12,T6#11,T7#10,T8#9,T9#8,T10#7,T11#6,T12#5,T13#4,T14#3,T15#2,T16>group(App<F,T1#16>,App<F,T2#15>,App<F,T3#14>,App<F,T4#13>,App<F,T5#12>,App<F,T6#11>,App<F,T7#10>,App<F,T8#9>,App<F,T9#8>,App<F,T10#7>,App<F,T11#6>,App<F,T12#5>,App<F,T13#4>,App<F,T14#3>,App<F,T15#2>,App<F,T16>)
      T4#13 extends Object declared in method <T1#16,T2#15,T3#14,T4#13,T5#12,T6#11,T7#10,T8#9,T9#8,T10#7,T11#6,T12#5,T13#4,T14#3,T15#2,T16>group(App<F,T1#16>,App<F,T2#15>,App<F,T3#14>,App<F,T4#13>,App<F,T5#12>,App<F,T6#11>,App<F,T7#10>,App<F,T8#9>,App<F,T9#8>,App<F,T10#7>,App<F,T11#6>,App<F,T12#5>,App<F,T13#4>,App<F,T14#3>,App<F,T15#2>,App<F,T16>)
      T5#12 extends Object declared in method <T1#16,T2#15,T3#14,T4#13,T5#12,T6#11,T7#10,T8#9,T9#8,T10#7,T11#6,T12#5,T13#4,T14#3,T15#2,T16>group(App<F,T1#16>,App<F,T2#15>,App<F,T3#14>,App<F,T4#13>,App<F,T5#12>,App<F,T6#11>,App<F,T7#10>,App<F,T8#9>,App<F,T9#8>,App<F,T10#7>,App<F,T11#6>,App<F,T12#5>,App<F,T13#4>,App<F,T14#3>,App<F,T15#2>,App<F,T16>)
      T6#11 extends Object declared in method <T1#16,T2#15,T3#14,T4#13,T5#12,T6#11,T7#10,T8#9,T9#8,T10#7,T11#6,T12#5,T13#4,T14#3,T15#2,T16>group(App<F,T1#16>,App<F,T2#15>,App<F,T3#14>,App<F,T4#13>,App<F,T5#12>,App<F,T6#11>,App<F,T7#10>,App<F,T8#9>,App<F,T9#8>,App<F,T10#7>,App<F,T11#6>,App<F,T12#5>,App<F,T13#4>,App<F,T14#3>,App<F,T15#2>,App<F,T16>)
      T7#10 extends Object declared in method <T1#16,T2#15,T3#14,T4#13,T5#12,T6#11,T7#10,T8#9,T9#8,T10#7,T11#6,T12#5,T13#4,T14#3,T15#2,T16>group(App<F,T1#16>,App<F,T2#15>,App<F,T3#14>,App<F,T4#13>,App<F,T5#12>,App<F,T6#11>,App<F,T7#10>,App<F,T8#9>,App<F,T9#8>,App<F,T10#7>,App<F,T11#6>,App<F,T12#5>,App<F,T13#4>,App<F,T14#3>,App<F,T15#2>,App<F,T16>)
      T8#9 extends Object declared in method <T1#16,T2#15,T3#14,T4#13,T5#12,T6#11,T7#10,T8#9,T9#8,T10#7,T11#6,T12#5,T13#4,T14#3,T15#2,T16>group(App<F,T1#16>,App<F,T2#15>,App<F,T3#14>,App<F,T4#13>,App<F,T5#12>,App<F,T6#11>,App<F,T7#10>,App<F,T8#9>,App<F,T9#8>,App<F,T10#7>,App<F,T11#6>,App<F,T12#5>,App<F,T13#4>,App<F,T14#3>,App<F,T15#2>,App<F,T16>)
      T9#8 extends Object declared in method <T1#16,T2#15,T3#14,T4#13,T5#12,T6#11,T7#10,T8#9,T9#8,T10#7,T11#6,T12#5,T13#4,T14#3,T15#2,T16>group(App<F,T1#16>,App<F,T2#15>,App<F,T3#14>,App<F,T4#13>,App<F,T5#12>,App<F,T6#11>,App<F,T7#10>,App<F,T8#9>,App<F,T9#8>,App<F,T10#7>,App<F,T11#6>,App<F,T12#5>,App<F,T13#4>,App<F,T14#3>,App<F,T15#2>,App<F,T16>)
      T10#7 extends Object declared in method <T1#16,T2#15,T3#14,T4#13,T5#12,T6#11,T7#10,T8#9,T9#8,T10#7,T11#6,T12#5,T13#4,T14#3,T15#2,T16>group(App<F,T1#16>,App<F,T2#15>,App<F,T3#14>,App<F,T4#13>,App<F,T5#12>,App<F,T6#11>,App<F,T7#10>,App<F,T8#9>,App<F,T9#8>,App<F,T10#7>,App<F,T11#6>,App<F,T12#5>,App<F,T13#4>,App<F,T14#3>,App<F,T15#2>,App<F,T16>)
      T11#6 extends Object declared in method <T1#16,T2#15,T3#14,T4#13,T5#12,T6#11,T7#10,T8#9,T9#8,T10#7,T11#6,T12#5,T13#4,T14#3,T15#2,T16>group(App<F,T1#16>,App<F,T2#15>,App<F,T3#14>,App<F,T4#13>,App<F,T5#12>,App<F,T6#11>,App<F,T7#10>,App<F,T8#9>,App<F,T9#8>,App<F,T10#7>,App<F,T11#6>,App<F,T12#5>,App<F,T13#4>,App<F,T14#3>,App<F,T15#2>,App<F,T16>)
      T12#5 extends Object declared in method <T1#16,T2#15,T3#14,T4#13,T5#12,T6#11,T7#10,T8#9,T9#8,T10#7,T11#6,T12#5,T13#4,T14#3,T15#2,T16>group(App<F,T1#16>,App<F,T2#15>,App<F,T3#14>,App<F,T4#13>,App<F,T5#12>,App<F,T6#11>,App<F,T7#10>,App<F,T8#9>,App<F,T9#8>,App<F,T10#7>,App<F,T11#6>,App<F,T12#5>,App<F,T13#4>,App<F,T14#3>,App<F,T15#2>,App<F,T16>)
      T13#4 extends Object declared in method <T1#16,T2#15,T3#14,T4#13,T5#12,T6#11,T7#10,T8#9,T9#8,T10#7,T11#6,T12#5,T13#4,T14#3,T15#2,T16>group(App<F,T1#16>,App<F,T2#15>,App<F,T3#14>,App<F,T4#13>,App<F,T5#12>,App<F,T6#11>,App<F,T7#10>,App<F,T8#9>,App<F,T9#8>,App<F,T10#7>,App<F,T11#6>,App<F,T12#5>,App<F,T13#4>,App<F,T14#3>,App<F,T15#2>,App<F,T16>)
      T14#3 extends Object declared in method <T1#16,T2#15,T3#14,T4#13,T5#12,T6#11,T7#10,T8#9,T9#8,T10#7,T11#6,T12#5,T13#4,T14#3,T15#2,T16>group(App<F,T1#16>,App<F,T2#15>,App<F,T3#14>,App<F,T4#13>,App<F,T5#12>,App<F,T6#11>,App<F,T7#10>,App<F,T8#9>,App<F,T9#8>,App<F,T10#7>,App<F,T11#6>,App<F,T12#5>,App<F,T13#4>,App<F,T14#3>,App<F,T15#2>,App<F,T16>)
      T15#2 extends Object declared in method <T1#16,T2#15,T3#14,T4#13,T5#12,T6#11,T7#10,T8#9,T9#8,T10#7,T11#6,T12#5,T13#4,T14#3,T15#2,T16>group(App<F,T1#16>,App<F,T2#15>,App<F,T3#14>,App<F,T4#13>,App<F,T5#12>,App<F,T6#11>,App<F,T7#10>,App<F,T8#9>,App<F,T9#8>,App<F,T10#7>,App<F,T11#6>,App<F,T12#5>,App<F,T13#4>,App<F,T14#3>,App<F,T15#2>,App<F,T16>)
      T16 extends Object declared in method <T1#16,T2#15,T3#14,T4#13,T5#12,T6#11,T7#10,T8#9,T9#8,T10#7,T11#6,T12#5,T13#4,T14#3,T15#2,T16>group(App<F,T1#16>,App<F,T2#15>,App<F,T3#14>,App<F,T4#13>,App<F,T5#12>,App<F,T6#11>,App<F,T7#10>,App<F,T8#9>,App<F,T9#8>,App<F,T10#7>,App<F,T11#6>,App<F,T12#5>,App<F,T13#4>,App<F,T14#3>,App<F,T15#2>,App<F,T16>)
  /home/runner/work/mcJava/mcJava/android/app/src/main/java/net/minecraft/world/level/levelgen/blending/BlendingData.java:410: error: no suitable method found for group(RecordCodecBuilder<Packed,Integer>,RecordCodecBuilder<Packed,Integer>,RecordCodecBuilder<Packed,Optional<float[]>>)
              i -> i.group(
                    ^
      method Kind1.<T1#1>group(App<Mu<Object>,T1#1>) is not applicable
        (cannot infer type-variable(s) T1#1
          (actual and formal argument lists differ in length))
      method Kind1.<T1#2,T2#1>group(App<Mu<Object>,T1#2>,App<Mu<Object>,T2#1>) is not applicable
        (cannot infer type-variable(s) T1#2,T2#1
          (actual and formal argument lists differ in length))
      method Kind1.<T1#3,T2#2,T3#1>group(App<Mu<Object>,T1#3>,App<Mu<Object>,T2#2>,App<Mu<Object>,T3#1>) is not applicable
        (inference variable O has incompatible equality constraints Packed,Object)
      method Kind1.<T1#4,T2#3,T3#2,T4#1>group(App<Mu<Object>,T1#4>,App<Mu<Object>,T2#3>,App<Mu<Object>,T3#2>,App<Mu<Object>,T4#1>) is not applicable
        (cannot infer type-variable(s) T1#4,T2#3,T3#2,T4#1
          (actual and formal argument lists differ in length))
      method Kind1.<T1#5,T2#4,T3#3,T4#2,T5#1>group(App<Mu<Object>,T1#5>,App<Mu<Object>,T2#4>,App<Mu<Object>,T3#3>,App<Mu<Object>,T4#2>,App<Mu<Object>,T5#1>) is not applicable
        (cannot infer type-variable(s) T1#5,T2#4,T3#3,T4#2,T5#1
          (actual and formal argument lists differ in length))
      method Kind1.<T1#6,T2#5,T3#4,T4#3,T5#2,T6#1>group(App<Mu<Object>,T1#6>,App<Mu<Object>,T2#5>,App<Mu<Object>,T3#4>,App<Mu<Object>,T4#3>,App<Mu<Object>,T5#2>,App<Mu<Object>,T6#1>) is not applicable
        (cannot infer type-variable(s) T1#6,T2#5,T3#4,T4#3,T5#2,T6#1
          (actual and formal argument lists differ in length))
      method Kind1.<T1#7,T2#6,T3#5,T4#4,T5#3,T6#2,T7#1>group(App<Mu<Object>,T1#7>,App<Mu<Object>,T2#6>,App<Mu<Object>,T3#5>,App<Mu<Object>,T4#4>,App<Mu<Object>,T5#3>,App<Mu<Object>,T6#2>,App<Mu<Object>,T7#1>) is not applicable
        (cannot infer type-variable(s) T1#7,T2#6,T3#5,T4#4,T5#3,T6#2,T7#1
          (actual and formal argument lists differ in length))
      method Kind1.<T1#8,T2#7,T3#6,T4#5,T5#4,T6#3,T7#2,T8#1>group(App<Mu<Object>,T1#8>,App<Mu<Object>,T2#7>,App<Mu<Object>,T3#6>,App<Mu<Object>,T4#5>,App<Mu<Object>,T5#4>,App<Mu<Object>,T6#3>,App<Mu<Object>,T7#2>,App<Mu<Object>,T8#1>) is not applicable
        (cannot infer type-variable(s) T1#8,T2#7,T3#6,T4#5,T5#4,T6#3,T7#2,T8#1
          (actual and formal argument lists differ in length))
      method Kind1.<T1#9,T2#8,T3#7,T4#6,T5#5,T6#4,T7#3,T8#2,T9#1>group(App<Mu<Object>,T1#9>,App<Mu<Object>,T2#8>,App<Mu<Object>,T3#7>,App<Mu<Object>,T4#6>,App<Mu<Object>,T5#5>,App<Mu<Object>,T6#4>,App<Mu<Object>,T7#3>,App<Mu<Object>,T8#2>,App<Mu<Object>,T9#1>) is not applicable
        (cannot infer type-variable(s) T1#9,T2#8,T3#7,T4#6,T5#5,T6#4,T7#3,T8#2,T9#1
          (actual and formal argument lists differ in length))
      method Kind1.<T1#10,T2#9,T3#8,T4#7,T5#6,T6#5,T7#4,T8#3,T9#2,T10#1>group(App<Mu<Object>,T1#10>,App<Mu<Object>,T2#9>,App<Mu<Object>,T3#8>,App<Mu<Object>,T4#7>,App<Mu<Object>,T5#6>,App<Mu<Object>,T6#5>,App<Mu<Object>,T7#4>,App<Mu<Object>,T8#3>,App<Mu<Object>,T9#2>,App<Mu<Object>,T10#1>) is not applicable
        (cannot infer type-variable(s) T1#10,T2#9,T3#8,T4#7,T5#6,T6#5,T7#4,T8#3,T9#2,T10#1
          (actual and formal argument lists differ in length))
      method Kind1.<T1#11,T2#10,T3#9,T4#8,T5#7,T6#6,T7#5,T8#4,T9#3,T10#2,T11#1>group(App<Mu<Object>,T1#11>,App<Mu<Object>,T2#10>,App<Mu<Object>,T3#9>,App<Mu<Object>,T4#8>,App<Mu<Object>,T5#7>,App<Mu<Object>,T6#6>,App<Mu<Object>,T7#5>,App<Mu<Object>,T8#4>,App<Mu<Object>,T9#3>,App<Mu<Object>,T10#2>,App<Mu<Object>,T11#1>) is not applicable
        (cannot infer type-variable(s) T1#11,T2#10,T3#9,T4#8,T5#7,T6#6,T7#5,T8#4,T9#3,T10#2,T11#1
          (actual and formal argument lists differ in length))
      method Kind1.<T1#12,T2#11,T3#10,T4#9,T5#8,T6#7,T7#6,T8#5,T9#4,T10#3,T11#2,T12#1>group(App<Mu<Object>,T1#12>,App<Mu<Object>,T2#11>,App<Mu<Object>,T3#10>,App<Mu<Object>,T4#9>,App<Mu<Object>,T5#8>,App<Mu<Object>,T6#7>,App<Mu<Object>,T7#6>,App<Mu<Object>,T8#5>,App<Mu<Object>,T9#4>,App<Mu<Object>,T10#3>,App<Mu<Object>,T11#2>,App<Mu<Object>,T12#1>) is not applicable
        (cannot infer type-variable(s) T1#12,T2#11,T3#10,T4#9,T5#8,T6#7,T7#6,T8#5,T9#4,T10#3,T11#2,T12#1
          (actual and formal argument lists differ in length))
      method Kind1.<T1#13,T2#12,T3#11,T4#10,T5#9,T6#8,T7#7,T8#6,T9#5,T10#4,T11#3,T12#2,T13#1>group(App<Mu<Object>,T1#13>,App<Mu<Object>,T2#12>,App<Mu<Object>,T3#11>,App<Mu<Object>,T4#10>,App<Mu<Object>,T5#9>,App<Mu<Object>,T6#8>,App<Mu<Object>,T7#7>,App<Mu<Object>,T8#6>,App<Mu<Object>,T9#5>,App<Mu<Object>,T10#4>,App<Mu<Object>,T11#3>,App<Mu<Object>,T12#2>,App<Mu<Object>,T13#1>) is not applicable
        (cannot infer type-variable(s) T1#13,T2#12,T3#11,T4#10,T5#9,T6#8,T7#7,T8#6,T9#5,T10#4,T11#3,T12#2,T13#1
          (actual and formal argument lists differ in length))
      method Kind1.<T1#14,T2#13,T3#12,T4#11,T5#10,T6#9,T7#8,T8#7,T9#6,T10#5,T11#4,T12#3,T13#2,T14#1>group(App<Mu<Object>,T1#14>,App<Mu<Object>,T2#13>,App<Mu<Object>,T3#12>,App<Mu<Object>,T4#11>,App<Mu<Object>,T5#10>,App<Mu<Object>,T6#9>,App<Mu<Object>,T7#8>,App<Mu<Object>,T8#7>,App<Mu<Object>,T9#6>,App<Mu<Object>,T10#5>,App<Mu<Object>,T11#4>,App<Mu<Object>,T12#3>,App<Mu<Object>,T13#2>,App<Mu<Object>,T14#1>) is not applicable
        (cannot infer type-variable(s) T1#14,T2#13,T3#12,T4#11,T5#10,T6#9,T7#8,T8#7,T9#6,T10#5,T11#4,T12#3,T13#2,T14#1
          (actual and formal argument lists differ in length))
      method Kind1.<T1#15,T2#14,T3#13,T4#12,T5#11,T6#10,T7#9,T8#8,T9#7,T10#6,T11#5,T12#4,T13#3,T14#2,T15#1>group(App<Mu<Object>,T1#15>,App<Mu<Object>,T2#14>,App<Mu<Object>,T3#13>,App<Mu<Object>,T4#12>,App<Mu<Object>,T5#11>,App<Mu<Object>,T6#10>,App<Mu<Object>,T7#9>,App<Mu<Object>,T8#8>,App<Mu<Object>,T9#7>,App<Mu<Object>,T10#6>,App<Mu<Object>,T11#5>,App<Mu<Object>,T12#4>,App<Mu<Object>,T13#3>,App<Mu<Object>,T14#2>,App<Mu<Object>,T15#1>) is not applicable
        (cannot infer type-variable(s) T1#15,T2#14,T3#13,T4#12,T5#11,T6#10,T7#9,T8#8,T9#7,T10#6,T11#5,T12#4,T13#3,T14#2,T15#1
          (actual and formal argument lists differ in length))
      method Kind1.<T1#16,T2#15,T3#14,T4#13,T5#12,T6#11,T7#10,T8#9,T9#8,T10#7,T11#6,T12#5,T13#4,T14#3,T15#2,T16>group(App<Mu<Object>,T1#16>,App<Mu<Object>,T2#15>,App<Mu<Object>,T3#14>,App<Mu<Object>,T4#13>,App<Mu<Object>,T5#12>,App<Mu<Object>,T6#11>,App<Mu<Object>,T7#10>,App<Mu<Object>,T8#9>,App<Mu<Object>,T9#8>,App<Mu<Object>,T10#7>,App<Mu<Object>,T11#6>,App<Mu<Object>,T12#5>,App<Mu<Object>,T13#4>,App<Mu<Object>,T14#3>,App<Mu<Object>,T15#2>,App<Mu<Object>,T16>) is not applicable
        (cannot infer type-variable(s) T1#16,T2#15,T3#14,T4#13,T5#12,T6#11,T7#10,T8#9,T9#8,T10#7,T11#6,T12#5,T13#4,T14#3,T15#2,T16
          (actual and formal argument lists differ in length))
    where T1#1,F,T1#2,T2#1,T1#3,T2#2,T3#1,O,A,T1#4,T2#3,T3#2,T4#1,T1#5,T2#4,T3#3,T4#2,T5#1,T1#6,T2#5,T3#4,T4#3,T5#2,T6#1,T1#7,T2#6,T3#5,T4#4,T5#3,T6#2,T7#1,T1#8,T2#7,T3#6,T4#5,T5#4,T6#3,T7#2,T8#1,T1#9,T2#8,T3#7,T4#6,T5#5,T6#4,T7#3,T8#2,T9#1,T1#10,T2#9,T3#8,T4#7,T5#6,T6#5,T7#4,T8#3,T9#2,T10#1,T1#11,T2#10,T3#9,T4#8,T5#7,T6#6,T7#5,T8#4,T9#3,T10#2,T11#1,T1#12,T2#11,T3#10,T4#9,T5#8,T6#7,T7#6,T8#5,T9#4,T10#3,T11#2,T12#1,T1#13,T2#12,T3#11,T4#10,T5#9,T6#8,T7#7,T8#6,T9#5,T10#4,T11#3,T12#2,T13#1,T1#14,T2#13,T3#12,T4#11,T5#10,T6#9,T7#8,T8#7,T9#6,T10#5,T11#4,T12#3,T13#2,T14#1,T1#15,T2#14,T3#13,T4#12,T5#11,T6#10,T7#9,T8#8,T9#7,T10#6,T11#5,T12#4,T13#3,T14#2,T15#1,T1#16,T2#15,T3#14,T4#13,T5#12,T6#11,T7#10,T8#9,T9#8,T10#7,T11#6,T12#5,T13#4,T14#3,T15#2,T16 are type-variables:
      T1#1 extends Object declared in method <T1#1>group(App<F,T1#1>)
      F extends K1 declared in interface Kind1
      T1#2 extends Object declared in method <T1#2,T2#1>group(App<F,T1#2>,App<F,T2#1>)
      T2#1 extends Object declared in method <T1#2,T2#1>group(App<F,T1#2>,App<F,T2#1>)
      T1#3 extends Object declared in method <T1#3,T2#2,T3#1>group(App<F,T1#3>,App<F,T2#2>,App<F,T3#1>)
      T2#2 extends Object declared in method <T1#3,T2#2,T3#1>group(App<F,T1#3>,App<F,T2#2>,App<F,T3#1>)
      T3#1 extends Object declared in method <T1#3,T2#2,T3#1>group(App<F,T1#3>,App<F,T2#2>,App<F,T3#1>)
      O extends Object declared in method <O>forGetter(Function<O,A>)
      A extends Object declared in class MapCodec
      T1#4 extends Object declared in method <T1#4,T2#3,T3#2,T4#1>group(App<F,T1#4>,App<F,T2#3>,App<F,T3#2>,App<F,T4#1>)
      T2#3 extends Object declared in method <T1#4,T2#3,T3#2,T4#1>group(App<F,T1#4>,App<F,T2#3>,App<F,T3#2>,App<F,T4#1>)
      T3#2 extends Object declared in method <T1#4,T2#3,T3#2,T4#1>group(App<F,T1#4>,App<F,T2#3>,App<F,T3#2>,App<F,T4#1>)
      T4#1 extends Object declared in method <T1#4,T2#3,T3#2,T4#1>group(App<F,T1#4>,App<F,T2#3>,App<F,T3#2>,App<F,T4#1>)
      T1#5 extends Object declared in method <T1#5,T2#4,T3#3,T4#2,T5#1>group(App<F,T1#5>,App<F,T2#4>,App<F,T3#3>,App<F,T4#2>,App<F,T5#1>)
      T2#4 extends Object declared in method <T1#5,T2#4,T3#3,T4#2,T5#1>group(App<F,T1#5>,App<F,T2#4>,App<F,T3#3>,App<F,T4#2>,App<F,T5#1>)
      T3#3 extends Object declared in method <T1#5,T2#4,T3#3,T4#2,T5#1>group(App<F,T1#5>,App<F,T2#4>,App<F,T3#3>,App<F,T4#2>,App<F,T5#1>)
      T4#2 extends Object declared in method <T1#5,T2#4,T3#3,T4#2,T5#1>group(App<F,T1#5>,App<F,T2#4>,App<F,T3#3>,App<F,T4#2>,App<F,T5#1>)
      T5#1 extends Object declared in method <T1#5,T2#4,T3#3,T4#2,T5#1>group(App<F,T1#5>,App<F,T2#4>,App<F,T3#3>,App<F,T4#2>,App<F,T5#1>)
      T1#6 extends Object declared in method <T1#6,T2#5,T3#4,T4#3,T5#2,T6#1>group(App<F,T1#6>,App<F,T2#5>,App<F,T3#4>,App<F,T4#3>,App<F,T5#2>,App<F,T6#1>)
      T2#5 extends Object declared in method <T1#6,T2#5,T3#4,T4#3,T5#2,T6#1>group(App<F,T1#6>,App<F,T2#5>,App<F,T3#4>,App<F,T4#3>,App<F,T5#2>,App<F,T6#1>)
      T3#4 extends Object declared in method <T1#6,T2#5,T3#4,T4#3,T5#2,T6#1>group(App<F,T1#6>,App<F,T2#5>,App<F,T3#4>,App<F,T4#3>,App<F,T5#2>,App<F,T6#1>)
      T4#3 extends Object declared in method <T1#6,T2#5,T3#4,T4#3,T5#2,T6#1>group(App<F,T1#6>,App<F,T2#5>,App<F,T3#4>,App<F,T4#3>,App<F,T5#2>,App<F,T6#1>)
      T5#2 extends Object declared in method <T1#6,T2#5,T3#4,T4#3,T5#2,T6#1>group(App<F,T1#6>,App<F,T2#5>,App<F,T3#4>,App<F,T4#3>,App<F,T5#2>,App<F,T6#1>)
      T6#1 extends Object declared in method <T1#6,T2#5,T3#4,T4#3,T5#2,T6#1>group(App<F,T1#6>,App<F,T2#5>,App<F,T3#4>,App<F,T4#3>,App<F,T5#2>,App<F,T6#1>)
      T1#7 extends Object declared in method <T1#7,T2#6,T3#5,T4#4,T5#3,T6#2,T7#1>group(App<F,T1#7>,App<F,T2#6>,App<F,T3#5>,App<F,T4#4>,App<F,T5#3>,App<F,T6#2>,App<F,T7#1>)
      T2#6 extends Object declared in method <T1#7,T2#6,T3#5,T4#4,T5#3,T6#2,T7#1>group(App<F,T1#7>,App<F,T2#6>,App<F,T3#5>,App<F,T4#4>,App<F,T5#3>,App<F,T6#2>,App<F,T7#1>)
      T3#5 extends Object declared in method <T1#7,T2#6,T3#5,T4#4,T5#3,T6#2,T7#1>group(App<F,T1#7>,App<F,T2#6>,App<F,T3#5>,App<F,T4#4>,App<F,T5#3>,App<F,T6#2>,App<F,T7#1>)
      T4#4 extends Object declared in method <T1#7,T2#6,T3#5,T4#4,T5#3,T6#2,T7#1>group(App<F,T1#7>,App<F,T2#6>,App<F,T3#5>,App<F,T4#4>,App<F,T5#3>,App<F,T6#2>,App<F,T7#1>)
      T5#3 extends Object declared in method <T1#7,T2#6,T3#5,T4#4,T5#3,T6#2,T7#1>group(App<F,T1#7>,App<F,T2#6>,App<F,T3#5>,App<F,T4#4>,App<F,T5#3>,App<F,T6#2>,App<F,T7#1>)
      T6#2 extends Object declared in method <T1#7,T2#6,T3#5,T4#4,T5#3,T6#2,T7#1>group(App<F,T1#7>,App<F,T2#6>,App<F,T3#5>,App<F,T4#4>,App<F,T5#3>,App<F,T6#2>,App<F,T7#1>)
      T7#1 extends Object declared in method <T1#7,T2#6,T3#5,T4#4,T5#3,T6#2,T7#1>group(App<F,T1#7>,App<F,T2#6>,App<F,T3#5>,App<F,T4#4>,App<F,T5#3>,App<F,T6#2>,App<F,T7#1>)
      T1#8 extends Object declared in method <T1#8,T2#7,T3#6,T4#5,T5#4,T6#3,T7#2,T8#1>group(App<F,T1#8>,App<F,T2#7>,App<F,T3#6>,App<F,T4#5>,App<F,T5#4>,App<F,T6#3>,App<F,T7#2>,App<F,T8#1>)
      T2#7 extends Object declared in method <T1#8,T2#7,T3#6,T4#5,T5#4,T6#3,T7#2,T8#1>group(App<F,T1#8>,App<F,T2#7>,App<F,T3#6>,App<F,T4#5>,App<F,T5#4>,App<F,T6#3>,App<F,T7#2>,App<F,T8#1>)
      T3#6 extends Object declared in method <T1#8,T2#7,T3#6,T4#5,T5#4,T6#3,T7#2,T8#1>group(App<F,T1#8>,App<F,T2#7>,App<F,T3#6>,App<F,T4#5>,App<F,T5#4>,App<F,T6#3>,App<F,T7#2>,App<F,T8#1>)
      T4#5 extends Object declared in method <T1#8,T2#7,T3#6,T4#5,T5#4,T6#3,T7#2,T8#1>group(App<F,T1#8>,App<F,T2#7>,App<F,T3#6>,App<F,T4#5>,App<F,T5#4>,App<F,T6#3>,App<F,T7#2>,App<F,T8#1>)
      T5#4 extends Object declared in method <T1#8,T2#7,T3#6,T4#5,T5#4,T6#3,T7#2,T8#1>group(App<F,T1#8>,App<F,T2#7>,App<F,T3#6>,App<F,T4#5>,App<F,T5#4>,App<F,T6#3>,App<F,T7#2>,App<F,T8#1>)
      T6#3 extends Object declared in method <T1#8,T2#7,T3#6,T4#5,T5#4,T6#3,T7#2,T8#1>group(App<F,T1#8>,App<F,T2#7>,App<F,T3#6>,App<F,T4#5>,App<F,T5#4>,App<F,T6#3>,App<F,T7#2>,App<F,T8#1>)
      T7#2 extends Object declared in method <T1#8,T2#7,T3#6,T4#5,T5#4,T6#3,T7#2,T8#1>group(App<F,T1#8>,App<F,T2#7>,App<F,T3#6>,App<F,T4#5>,App<F,T5#4>,App<F,T6#3>,App<F,T7#2>,App<F,T8#1>)
      T8#1 extends Object declared in method <T1#8,T2#7,T3#6,T4#5,T5#4,T6#3,T7#2,T8#1>group(App<F,T1#8>,App<F,T2#7>,App<F,T3#6>,App<F,T4#5>,App<F,T5#4>,App<F,T6#3>,App<F,T7#2>,App<F,T8#1>)
      T1#9 extends Object declared in method <T1#9,T2#8,T3#7,T4#6,T5#5,T6#4,T7#3,T8#2,T9#1>group(App<F,T1#9>,App<F,T2#8>,App<F,T3#7>,App<F,T4#6>,App<F,T5#5>,App<F,T6#4>,App<F,T7#3>,App<F,T8#2>,App<F,T9#1>)
      T2#8 extends Object declared in method <T1#9,T2#8,T3#7,T4#6,T5#5,T6#4,T7#3,T8#2,T9#1>group(App<F,T1#9>,App<F,T2#8>,App<F,T3#7>,App<F,T4#6>,App<F,T5#5>,App<F,T6#4>,App<F,T7#3>,App<F,T8#2>,App<F,T9#1>)
      T3#7 extends Object declared in method <T1#9,T2#8,T3#7,T4#6,T5#5,T6#4,T7#3,T8#2,T9#1>group(App<F,T1#9>,App<F,T2#8>,App<F,T3#7>,App<F,T4#6>,App<F,T5#5>,App<F,T6#4>,App<F,T7#3>,App<F,T8#2>,App<F,T9#1>)
      T4#6 extends Object declared in method <T1#9,T2#8,T3#7,T4#6,T5#5,T6#4,T7#3,T8#2,T9#1>group(App<F,T1#9>,App<F,T2#8>,App<F,T3#7>,App<F,T4#6>,App<F,T5#5>,App<F,T6#4>,App<F,T7#3>,App<F,T8#2>,App<F,T9#1>)
      T5#5 extends Object declared in method <T1#9,T2#8,T3#7,T4#6,T5#5,T6#4,T7#3,T8#2,T9#1>group(App<F,T1#9>,App<F,T2#8>,App<F,T3#7>,App<F,T4#6>,App<F,T5#5>,App<F,T6#4>,App<F,T7#3>,App<F,T8#2>,App<F,T9#1>)
      T6#4 extends Object declared in method <T1#9,T2#8,T3#7,T4#6,T5#5,T6#4,T7#3,T8#2,T9#1>group(App<F,T1#9>,App<F,T2#8>,App<F,T3#7>,App<F,T4#6>,App<F,T5#5>,App<F,T6#4>,App<F,T7#3>,App<F,T8#2>,App<F,T9#1>)
      T7#3 extends Object declared in method <T1#9,T2#8,T3#7,T4#6,T5#5,T6#4,T7#3,T8#2,T9#1>group(App<F,T1#9>,App<F,T2#8>,App<F,T3#7>,App<F,T4#6>,App<F,T5#5>,App<F,T6#4>,App<F,T7#3>,App<F,T8#2>,App<F,T9#1>)
      T8#2 extends Object declared in method <T1#9,T2#8,T3#7,T4#6,T5#5,T6#4,T7#3,T8#2,T9#1>group(App<F,T1#9>,App<F,T2#8>,App<F,T3#7>,App<F,T4#6>,App<F,T5#5>,App<F,T6#4>,App<F,T7#3>,App<F,T8#2>,App<F,T9#1>)
      T9#1 extends Object declared in method <T1#9,T2#8,T3#7,T4#6,T5#5,T6#4,T7#3,T8#2,T9#1>group(App<F,T1#9>,App<F,T2#8>,App<F,T3#7>,App<F,T4#6>,App<F,T5#5>,App<F,T6#4>,App<F,T7#3>,App<F,T8#2>,App<F,T9#1>)
      T1#10 extends Object declared in method <T1#10,T2#9,T3#8,T4#7,T5#6,T6#5,T7#4,T8#3,T9#2,T10#1>group(App<F,T1#10>,App<F,T2#9>,App<F,T3#8>,App<F,T4#7>,App<F,T5#6>,App<F,T6#5>,App<F,T7#4>,App<F,T8#3>,App<F,T9#2>,App<F,T10#1>)
      T2#9 extends Object declared in method <T1#10,T2#9,T3#8,T4#7,T5#6,T6#5,T7#4,T8#3,T9#2,T10#1>group(App<F,T1#10>,App<F,T2#9>,App<F,T3#8>,App<F,T4#7>,App<F,T5#6>,App<F,T6#5>,App<F,T7#4>,App<F,T8#3>,App<F,T9#2>,App<F,T10#1>)
      T3#8 extends Object declared in method <T1#10,T2#9,T3#8,T4#7,T5#6,T6#5,T7#4,T8#3,T9#2,T10#1>group(App<F,T1#10>,App<F,T2#9>,App<F,T3#8>,App<F,T4#7>,App<F,T5#6>,App<F,T6#5>,App<F,T7#4>,App<F,T8#3>,App<F,T9#2>,App<F,T10#1>)
      T4#7 extends Object declared in method <T1#10,T2#9,T3#8,T4#7,T5#6,T6#5,T7#4,T8#3,T9#2,T10#1>group(App<F,T1#10>,App<F,T2#9>,App<F,T3#8>,App<F,T4#7>,App<F,T5#6>,App<F,T6#5>,App<F,T7#4>,App<F,T8#3>,App<F,T9#2>,App<F,T10#1>)
      T5#6 extends Object declared in method <T1#10,T2#9,T3#8,T4#7,T5#6,T6#5,T7#4,T8#3,T9#2,T10#1>group(App<F,T1#10>,App<F,T2#9>,App<F,T3#8>,App<F,T4#7>,App<F,T5#6>,App<F,T6#5>,App<F,T7#4>,App<F,T8#3>,App<F,T9#2>,App<F,T10#1>)
      T6#5 extends Object declared in method <T1#10,T2#9,T3#8,T4#7,T5#6,T6#5,T7#4,T8#3,T9#2,T10#1>group(App<F,T1#10>,App<F,T2#9>,App<F,T3#8>,App<F,T4#7>,App<F,T5#6>,App<F,T6#5>,App<F,T7#4>,App<F,T8#3>,App<F,T9#2>,App<F,T10#1>)
      T7#4 extends Object declared in method <T1#10,T2#9,T3#8,T4#7,T5#6,T6#5,T7#4,T8#3,T9#2,T10#1>group(App<F,T1#10>,App<F,T2#9>,App<F,T3#8>,App<F,T4#7>,App<F,T5#6>,App<F,T6#5>,App<F,T7#4>,App<F,T8#3>,App<F,T9#2>,App<F,T10#1>)
      T8#3 extends Object declared in method <T1#10,T2#9,T3#8,T4#7,T5#6,T6#5,T7#4,T8#3,T9#2,T10#1>group(App<F,T1#10>,App<F,T2#9>,App<F,T3#8>,App<F,T4#7>,App<F,T5#6>,App<F,T6#5>,App<F,T7#4>,App<F,T8#3>,App<F,T9#2>,App<F,T10#1>)
      T9#2 extends Object declared in method <T1#10,T2#9,T3#8,T4#7,T5#6,T6#5,T7#4,T8#3,T9#2,T10#1>group(App<F,T1#10>,App<F,T2#9>,App<F,T3#8>,App<F,T4#7>,App<F,T5#6>,App<F,T6#5>,App<F,T7#4>,App<F,T8#3>,App<F,T9#2>,App<F,T10#1>)
      T10#1 extends Object declared in method <T1#10,T2#9,T3#8,T4#7,T5#6,T6#5,T7#4,T8#3,T9#2,T10#1>group(App<F,T1#10>,App<F,T2#9>,App<F,T3#8>,App<F,T4#7>,App<F,T5#6>,App<F,T6#5>,App<F,T7#4>,App<F,T8#3>,App<F,T9#2>,App<F,T10#1>)
      T1#11 extends Object declared in method <T1#11,T2#10,T3#9,T4#8,T5#7,T6#6,T7#5,T8#4,T9#3,T10#2,T11#1>group(App<F,T1#11>,App<F,T2#10>,App<F,T3#9>,App<F,T4#8>,App<F,T5#7>,App<F,T6#6>,App<F,T7#5>,App<F,T8#4>,App<F,T9#3>,App<F,T10#2>,App<F,T11#1>)
      T2#10 extends Object declared in method <T1#11,T2#10,T3#9,T4#8,T5#7,T6#6,T7#5,T8#4,T9#3,T10#2,T11#1>group(App<F,T1#11>,App<F,T2#10>,App<F,T3#9>,App<F,T4#8>,App<F,T5#7>,App<F,T6#6>,App<F,T7#5>,App<F,T8#4>,App<F,T9#3>,App<F,T10#2>,App<F,T11#1>)
      T3#9 extends Object declared in method <T1#11,T2#10,T3#9,T4#8,T5#7,T6#6,T7#5,T8#4,T9#3,T10#2,T11#1>group(App<F,T1#11>,App<F,T2#10>,App<F,T3#9>,App<F,T4#8>,App<F,T5#7>,App<F,T6#6>,App<F,T7#5>,App<F,T8#4>,App<F,T9#3>,App<F,T10#2>,App<F,T11#1>)
      T4#8 extends Object declared in method <T1#11,T2#10,T3#9,T4#8,T5#7,T6#6,T7#5,T8#4,T9#3,T10#2,T11#1>group(App<F,T1#11>,App<F,T2#10>,App<F,T3#9>,App<F,T4#8>,App<F,T5#7>,App<F,T6#6>,App<F,T7#5>,App<F,T8#4>,App<F,T9#3>,App<F,T10#2>,App<F,T11#1>)
      T5#7 extends Object declared in method <T1#11,T2#10,T3#9,T4#8,T5#7,T6#6,T7#5,T8#4,T9#3,T10#2,T11#1>group(App<F,T1#11>,App<F,T2#10>,App<F,T3#9>,App<F,T4#8>,App<F,T5#7>,App<F,T6#6>,App<F,T7#5>,App<F,T8#4>,App<F,T9#3>,App<F,T10#2>,App<F,T11#1>)
      T6#6 extends Object declared in method <T1#11,T2#10,T3#9,T4#8,T5#7,T6#6,T7#5,T8#4,T9#3,T10#2,T11#1>group(App<F,T1#11>,App<F,T2#10>,App<F,T3#9>,App<F,T4#8>,App<F,T5#7>,App<F,T6#6>,App<F,T7#5>,App<F,T8#4>,App<F,T9#3>,App<F,T10#2>,App<F,T11#1>)
      T7#5 extends Object declared in method <T1#11,T2#10,T3#9,T4#8,T5#7,T6#6,T7#5,T8#4,T9#3,T10#2,T11#1>group(App<F,T1#11>,App<F,T2#10>,App<F,T3#9>,App<F,T4#8>,App<F,T5#7>,App<F,T6#6>,App<F,T7#5>,App<F,T8#4>,App<F,T9#3>,App<F,T10#2>,App<F,T11#1>)
      T8#4 extends Object declared in method <T1#11,T2#10,T3#9,T4#8,T5#7,T6#6,T7#5,T8#4,T9#3,T10#2,T11#1>group(App<F,T1#11>,App<F,T2#10>,App<F,T3#9>,App<F,T4#8>,App<F,T5#7>,App<F,T6#6>,App<F,T7#5>,App<F,T8#4>,App<F,T9#3>,App<F,T10#2>,App<F,T11#1>)
      T9#3 extends Object declared in method <T1#11,T2#10,T3#9,T4#8,T5#7,T6#6,T7#5,T8#4,T9#3,T10#2,T11#1>group(App<F,T1#11>,App<F,T2#10>,App<F,T3#9>,App<F,T4#8>,App<F,T5#7>,App<F,T6#6>,App<F,T7#5>,App<F,T8#4>,App<F,T9#3>,App<F,T10#2>,App<F,T11#1>)
      T10#2 extends Object declared in method <T1#11,T2#10,T3#9,T4#8,T5#7,T6#6,T7#5,T8#4,T9#3,T10#2,T11#1>group(App<F,T1#11>,App<F,T2#10>,App<F,T3#9>,App<F,T4#8>,App<F,T5#7>,App<F,T6#6>,App<F,T7#5>,App<F,T8#4>,App<F,T9#3>,App<F,T10#2>,App<F,T11#1>)
      T11#1 extends Object declared in method <T1#11,T2#10,T3#9,T4#8,T5#7,T6#6,T7#5,T8#4,T9#3,T10#2,T11#1>group(App<F,T1#11>,App<F,T2#10>,App<F,T3#9>,App<F,T4#8>,App<F,T5#7>,App<F,T6#6>,App<F,T7#5>,App<F,T8#4>,App<F,T9#3>,App<F,T10#2>,App<F,T11#1>)
      T1#12 extends Object declared in method <T1#12,T2#11,T3#10,T4#9,T5#8,T6#7,T7#6,T8#5,T9#4,T10#3,T11#2,T12#1>group(App<F,T1#12>,App<F,T2#11>,App<F,T3#10>,App<F,T4#9>,App<F,T5#8>,App<F,T6#7>,App<F,T7#6>,App<F,T8#5>,App<F,T9#4>,App<F,T10#3>,App<F,T11#2>,App<F,T12#1>)
      T2#11 extends Object declared in method <T1#12,T2#11,T3#10,T4#9,T5#8,T6#7,T7#6,T8#5,T9#4,T10#3,T11#2,T12#1>group(App<F,T1#12>,App<F,T2#11>,App<F,T3#10>,App<F,T4#9>,App<F,T5#8>,App<F,T6#7>,App<F,T7#6>,App<F,T8#5>,App<F,T9#4>,App<F,T10#3>,App<F,T11#2>,App<F,T12#1>)
      T3#10 extends Object declared in method <T1#12,T2#11,T3#10,T4#9,T5#8,T6#7,T7#6,T8#5,T9#4,T10#3,T11#2,T12#1>group(App<F,T1#12>,App<F,T2#11>,App<F,T3#10>,App<F,T4#9>,App<F,T5#8>,App<F,T6#7>,App<F,T7#6>,App<F,T8#5>,App<F,T9#4>,App<F,T10#3>,App<F,T11#2>,App<F,T12#1>)
      T4#9 extends Object declared in method <T1#12,T2#11,T3#10,T4#9,T5#8,T6#7,T7#6,T8#5,T9#4,T10#3,T11#2,T12#1>group(App<F,T1#12>,App<F,T2#11>,App<F,T3#10>,App<F,T4#9>,App<F,T5#8>,App<F,T6#7>,App<F,T7#6>,App<F,T8#5>,App<F,T9#4>,App<F,T10#3>,App<F,T11#2>,App<F,T12#1>)
      T5#8 extends Object declared in method <T1#12,T2#11,T3#10,T4#9,T5#8,T6#7,T7#6,T8#5,T9#4,T10#3,T11#2,T12#1>group(App<F,T1#12>,App<F,T2#11>,App<F,T3#10>,App<F,T4#9>,App<F,T5#8>,App<F,T6#7>,App<F,T7#6>,App<F,T8#5>,App<F,T9#4>,App<F,T10#3>,App<F,T11#2>,App<F,T12#1>)
      T6#7 extends Object declared in method <T1#12,T2#11,T3#10,T4#9,T5#8,T6#7,T7#6,T8#5,T9#4,T10#3,T11#2,T12#1>group(App<F,T1#12>,App<F,T2#11>,App<F,T3#10>,App<F,T4#9>,App<F,T5#8>,App<F,T6#7>,App<F,T7#6>,App<F,T8#5>,App<F,T9#4>,App<F,T10#3>,App<F,T11#2>,App<F,T12#1>)
      T7#6 extends Object declared in method <T1#12,T2#11,T3#10,T4#9,T5#8,T6#7,T7#6,T8#5,T9#4,T10#3,T11#2,T12#1>group(App<F,T1#12>,App<F,T2#11>,App<F,T3#10>,App<F,T4#9>,App<F,T5#8>,App<F,T6#7>,App<F,T7#6>,App<F,T8#5>,App<F,T9#4>,App<F,T10#3>,App<F,T11#2>,App<F,T12#1>)
      T8#5 extends Object declared in method <T1#12,T2#11,T3#10,T4#9,T5#8,T6#7,T7#6,T8#5,T9#4,T10#3,T11#2,T12#1>group(App<F,T1#12>,App<F,T2#11>,App<F,T3#10>,App<F,T4#9>,App<F,T5#8>,App<F,T6#7>,App<F,T7#6>,App<F,T8#5>,App<F,T9#4>,App<F,T10#3>,App<F,T11#2>,App<F,T12#1>)
      T9#4 extends Object declared in method <T1#12,T2#11,T3#10,T4#9,T5#8,T6#7,T7#6,T8#5,T9#4,T10#3,T11#2,T12#1>group(App<F,T1#12>,App<F,T2#11>,App<F,T3#10>,App<F,T4#9>,App<F,T5#8>,App<F,T6#7>,App<F,T7#6>,App<F,T8#5>,App<F,T9#4>,App<F,T10#3>,App<F,T11#2>,App<F,T12#1>)
      T10#3 extends Object declared in method <T1#12,T2#11,T3#10,T4#9,T5#8,T6#7,T7#6,T8#5,T9#4,T10#3,T11#2,T12#1>group(App<F,T1#12>,App<F,T2#11>,App<F,T3#10>,App<F,T4#9>,App<F,T5#8>,App<F,T6#7>,App<F,T7#6>,App<F,T8#5>,App<F,T9#4>,App<F,T10#3>,App<F,T11#2>,App<F,T12#1>)
      T11#2 extends Object declared in method <T1#12,T2#11,T3#10,T4#9,T5#8,T6#7,T7#6,T8#5,T9#4,T10#3,T11#2,T12#1>group(App<F,T1#12>,App<F,T2#11>,App<F,T3#10>,App<F,T4#9>,App<F,T5#8>,App<F,T6#7>,App<F,T7#6>,App<F,T8#5>,App<F,T9#4>,App<F,T10#3>,App<F,T11#2>,App<F,T12#1>)
      T12#1 extends Object declared in method <T1#12,T2#11,T3#10,T4#9,T5#8,T6#7,T7#6,T8#5,T9#4,T10#3,T11#2,T12#1>group(App<F,T1#12>,App<F,T2#11>,App<F,T3#10>,App<F,T4#9>,App<F,T5#8>,App<F,T6#7>,App<F,T7#6>,App<F,T8#5>,App<F,T9#4>,App<F,T10#3>,App<F,T11#2>,App<F,T12#1>)
      T1#13 extends Object declared in method <T1#13,T2#12,T3#11,T4#10,T5#9,T6#8,T7#7,T8#6,T9#5,T10#4,T11#3,T12#2,T13#1>group(App<F,T1#13>,App<F,T2#12>,App<F,T3#11>,App<F,T4#10>,App<F,T5#9>,App<F,T6#8>,App<F,T7#7>,App<F,T8#6>,App<F,T9#5>,App<F,T10#4>,App<F,T11#3>,App<F,T12#2>,App<F,T13#1>)
      T2#12 extends Object declared in method <T1#13,T2#12,T3#11,T4#10,T5#9,T6#8,T7#7,T8#6,T9#5,T10#4,T11#3,T12#2,T13#1>group(App<F,T1#13>,App<F,T2#12>,App<F,T3#11>,App<F,T4#10>,App<F,T5#9>,App<F,T6#8>,App<F,T7#7>,App<F,T8#6>,App<F,T9#5>,App<F,T10#4>,App<F,T11#3>,App<F,T12#2>,App<F,T13#1>)
      T3#11 extends Object declared in method <T1#13,T2#12,T3#11,T4#10,T5#9,T6#8,T7#7,T8#6,T9#5,T10#4,T11#3,T12#2,T13#1>group(App<F,T1#13>,App<F,T2#12>,App<F,T3#11>,App<F,T4#10>,App<F,T5#9>,App<F,T6#8>,App<F,T7#7>,App<F,T8#6>,App<F,T9#5>,App<F,T10#4>,App<F,T11#3>,App<F,T12#2>,App<F,T13#1>)
      T4#10 extends Object declared in method <T1#13,T2#12,T3#11,T4#10,T5#9,T6#8,T7#7,T8#6,T9#5,T10#4,T11#3,T12#2,T13#1>group(App<F,T1#13>,App<F,T2#12>,App<F,T3#11>,App<F,T4#10>,App<F,T5#9>,App<F,T6#8>,App<F,T7#7>,App<F,T8#6>,App<F,T9#5>,App<F,T10#4>,App<F,T11#3>,App<F,T12#2>,App<F,T13#1>)
      T5#9 extends Object declared in method <T1#13,T2#12,T3#11,T4#10,T5#9,T6#8,T7#7,T8#6,T9#5,T10#4,T11#3,T12#2,T13#1>group(App<F,T1#13>,App<F,T2#12>,App<F,T3#11>,App<F,T4#10>,App<F,T5#9>,App<F,T6#8>,App<F,T7#7>,App<F,T8#6>,App<F,T9#5>,App<F,T10#4>,App<F,T11#3>,App<F,T12#2>,App<F,T13#1>)
      T6#8 extends Object declared in method <T1#13,T2#12,T3#11,T4#10,T5#9,T6#8,T7#7,T8#6,T9#5,T10#4,T11#3,T12#2,T13#1>group(App<F,T1#13>,App<F,T2#12>,App<F,T3#11>,App<F,T4#10>,App<F,T5#9>,App<F,T6#8>,App<F,T7#7>,App<F,T8#6>,App<F,T9#5>,App<F,T10#4>,App<F,T11#3>,App<F,T12#2>,App<F,T13#1>)
      T7#7 extends Object declared in method <T1#13,T2#12,T3#11,T4#10,T5#9,T6#8,T7#7,T8#6,T9#5,T10#4,T11#3,T12#2,T13#1>group(App<F,T1#13>,App<F,T2#12>,App<F,T3#11>,App<F,T4#10>,App<F,T5#9>,App<F,T6#8>,App<F,T7#7>,App<F,T8#6>,App<F,T9#5>,App<F,T10#4>,App<F,T11#3>,App<F,T12#2>,App<F,T13#1>)
      T8#6 extends Object declared in method <T1#13,T2#12,T3#11,T4#10,T5#9,T6#8,T7#7,T8#6,T9#5,T10#4,T11#3,T12#2,T13#1>group(App<F,T1#13>,App<F,T2#12>,App<F,T3#11>,App<F,T4#10>,App<F,T5#9>,App<F,T6#8>,App<F,T7#7>,App<F,T8#6>,App<F,T9#5>,App<F,T10#4>,App<F,T11#3>,App<F,T12#2>,App<F,T13#1>)
      T9#5 extends Object declared in method <T1#13,T2#12,T3#11,T4#10,T5#9,T6#8,T7#7,T8#6,T9#5,T10#4,T11#3,T12#2,T13#1>group(App<F,T1#13>,App<F,T2#12>,App<F,T3#11>,App<F,T4#10>,App<F,T5#9>,App<F,T6#8>,App<F,T7#7>,App<F,T8#6>,App<F,T9#5>,App<F,T10#4>,App<F,T11#3>,App<F,T12#2>,App<F,T13#1>)
      T10#4 extends Object declared in method <T1#13,T2#12,T3#11,T4#10,T5#9,T6#8,T7#7,T8#6,T9#5,T10#4,T11#3,T12#2,T13#1>group(App<F,T1#13>,App<F,T2#12>,App<F,T3#11>,App<F,T4#10>,App<F,T5#9>,App<F,T6#8>,App<F,T7#7>,App<F,T8#6>,App<F,T9#5>,App<F,T10#4>,App<F,T11#3>,App<F,T12#2>,App<F,T13#1>)
      T11#3 extends Object declared in method <T1#13,T2#12,T3#11,T4#10,T5#9,T6#8,T7#7,T8#6,T9#5,T10#4,T11#3,T12#2,T13#1>group(App<F,T1#13>,App<F,T2#12>,App<F,T3#11>,App<F,T4#10>,App<F,T5#9>,App<F,T6#8>,App<F,T7#7>,App<F,T8#6>,App<F,T9#5>,App<F,T10#4>,App<F,T11#3>,App<F,T12#2>,App<F,T13#1>)
      T12#2 extends Object declared in method <T1#13,T2#12,T3#11,T4#10,T5#9,T6#8,T7#7,T8#6,T9#5,T10#4,T11#3,T12#2,T13#1>group(App<F,T1#13>,App<F,T2#12>,App<F,T3#11>,App<F,T4#10>,App<F,T5#9>,App<F,T6#8>,App<F,T7#7>,App<F,T8#6>,App<F,T9#5>,App<F,T10#4>,App<F,T11#3>,App<F,T12#2>,App<F,T13#1>)
      T13#1 extends Object declared in method <T1#13,T2#12,T3#11,T4#10,T5#9,T6#8,T7#7,T8#6,T9#5,T10#4,T11#3,T12#2,T13#1>group(App<F,T1#13>,App<F,T2#12>,App<F,T3#11>,App<F,T4#10>,App<F,T5#9>,App<F,T6#8>,App<F,T7#7>,App<F,T8#6>,App<F,T9#5>,App<F,T10#4>,App<F,T11#3>,App<F,T12#2>,App<F,T13#1>)
      T1#14 extends Object declared in method <T1#14,T2#13,T3#12,T4#11,T5#10,T6#9,T7#8,T8#7,T9#6,T10#5,T11#4,T12#3,T13#2,T14#1>group(App<F,T1#14>,App<F,T2#13>,App<F,T3#12>,App<F,T4#11>,App<F,T5#10>,App<F,T6#9>,App<F,T7#8>,App<F,T8#7>,App<F,T9#6>,App<F,T10#5>,App<F,T11#4>,App<F,T12#3>,App<F,T13#2>,App<F,T14#1>)
      T2#13 extends Object declared in method <T1#14,T2#13,T3#12,T4#11,T5#10,T6#9,T7#8,T8#7,T9#6,T10#5,T11#4,T12#3,T13#2,T14#1>group(App<F,T1#14>,App<F,T2#13>,App<F,T3#12>,App<F,T4#11>,App<F,T5#10>,App<F,T6#9>,App<F,T7#8>,App<F,T8#7>,App<F,T9#6>,App<F,T10#5>,App<F,T11#4>,App<F,T12#3>,App<F,T13#2>,App<F,T14#1>)
      T3#12 extends Object declared in method <T1#14,T2#13,T3#12,T4#11,T5#10,T6#9,T7#8,T8#7,T9#6,T10#5,T11#4,T12#3,T13#2,T14#1>group(App<F,T1#14>,App<F,T2#13>,App<F,T3#12>,App<F,T4#11>,App<F,T5#10>,App<F,T6#9>,App<F,T7#8>,App<F,T8#7>,App<F,T9#6>,App<F,T10#5>,App<F,T11#4>,App<F,T12#3>,App<F,T13#2>,App<F,T14#1>)
      T4#11 extends Object declared in method <T1#14,T2#13,T3#12,T4#11,T5#10,T6#9,T7#8,T8#7,T9#6,T10#5,T11#4,T12#3,T13#2,T14#1>group(App<F,T1#14>,App<F,T2#13>,App<F,T3#12>,App<F,T4#11>,App<F,T5#10>,App<F,T6#9>,App<F,T7#8>,App<F,T8#7>,App<F,T9#6>,App<F,T10#5>,App<F,T11#4>,App<F,T12#3>,App<F,T13#2>,App<F,T14#1>)
      T5#10 extends Object declared in method <T1#14,T2#13,T3#12,T4#11,T5#10,T6#9,T7#8,T8#7,T9#6,T10#5,T11#4,T12#3,T13#2,T14#1>group(App<F,T1#14>,App<F,T2#13>,App<F,T3#12>,App<F,T4#11>,App<F,T5#10>,App<F,T6#9>,App<F,T7#8>,App<F,T8#7>,App<F,T9#6>,App<F,T10#5>,App<F,T11#4>,App<F,T12#3>,App<F,T13#2>,App<F,T14#1>)
      T6#9 extends Object declared in method <T1#14,T2#13,T3#12,T4#11,T5#10,T6#9,T7#8,T8#7,T9#6,T10#5,T11#4,T12#3,T13#2,T14#1>group(App<F,T1#14>,App<F,T2#13>,App<F,T3#12>,App<F,T4#11>,App<F,T5#10>,App<F,T6#9>,App<F,T7#8>,App<F,T8#7>,App<F,T9#6>,App<F,T10#5>,App<F,T11#4>,App<F,T12#3>,App<F,T13#2>,App<F,T14#1>)
      T7#8 extends Object declared in method <T1#14,T2#13,T3#12,T4#11,T5#10,T6#9,T7#8,T8#7,T9#6,T10#5,T11#4,T12#3,T13#2,T14#1>group(App<F,T1#14>,App<F,T2#13>,App<F,T3#12>,App<F,T4#11>,App<F,T5#10>,App<F,T6#9>,App<F,T7#8>,App<F,T8#7>,App<F,T9#6>,App<F,T10#5>,App<F,T11#4>,App<F,T12#3>,App<F,T13#2>,App<F,T14#1>)
      T8#7 extends Object declared in method <T1#14,T2#13,T3#12,T4#11,T5#10,T6#9,T7#8,T8#7,T9#6,T10#5,T11#4,T12#3,T13#2,T14#1>group(App<F,T1#14>,App<F,T2#13>,App<F,T3#12>,App<F,T4#11>,App<F,T5#10>,App<F,T6#9>,App<F,T7#8>,App<F,T8#7>,App<F,T9#6>,App<F,T10#5>,App<F,T11#4>,App<F,T12#3>,App<F,T13#2>,App<F,T14#1>)
      T9#6 extends Object declared in method <T1#14,T2#13,T3#12,T4#11,T5#10,T6#9,T7#8,T8#7,T9#6,T10#5,T11#4,T12#3,T13#2,T14#1>group(App<F,T1#14>,App<F,T2#13>,App<F,T3#12>,App<F,T4#11>,App<F,T5#10>,App<F,T6#9>,App<F,T7#8>,App<F,T8#7>,App<F,T9#6>,App<F,T10#5>,App<F,T11#4>,App<F,T12#3>,App<F,T13#2>,App<F,T14#1>)
      T10#5 extends Object declared in method <T1#14,T2#13,T3#12,T4#11,T5#10,T6#9,T7#8,T8#7,T9#6,T10#5,T11#4,T12#3,T13#2,T14#1>group(App<F,T1#14>,App<F,T2#13>,App<F,T3#12>,App<F,T4#11>,App<F,T5#10>,App<F,T6#9>,App<F,T7#8>,App<F,T8#7>,App<F,T9#6>,App<F,T10#5>,App<F,T11#4>,App<F,T12#3>,App<F,T13#2>,App<F,T14#1>)
      T11#4 extends Object declared in method <T1#14,T2#13,T3#12,T4#11,T5#10,T6#9,T7#8,T8#7,T9#6,T10#5,T11#4,T12#3,T13#2,T14#1>group(App<F,T1#14>,App<F,T2#13>,App<F,T3#12>,App<F,T4#11>,App<F,T5#10>,App<F,T6#9>,App<F,T7#8>,App<F,T8#7>,App<F,T9#6>,App<F,T10#5>,App<F,T11#4>,App<F,T12#3>,App<F,T13#2>,App<F,T14#1>)
      T12#3 extends Object declared in method <T1#14,T2#13,T3#12,T4#11,T5#10,T6#9,T7#8,T8#7,T9#6,T10#5,T11#4,T12#3,T13#2,T14#1>group(App<F,T1#14>,App<F,T2#13>,App<F,T3#12>,App<F,T4#11>,App<F,T5#10>,App<F,T6#9>,App<F,T7#8>,App<F,T8#7>,App<F,T9#6>,App<F,T10#5>,App<F,T11#4>,App<F,T12#3>,App<F,T13#2>,App<F,T14#1>)
      T13#2 extends Object declared in method <T1#14,T2#13,T3#12,T4#11,T5#10,T6#9,T7#8,T8#7,T9#6,T10#5,T11#4,T12#3,T13#2,T14#1>group(App<F,T1#14>,App<F,T2#13>,App<F,T3#12>,App<F,T4#11>,App<F,T5#10>,App<F,T6#9>,App<F,T7#8>,App<F,T8#7>,App<F,T9#6>,App<F,T10#5>,App<F,T11#4>,App<F,T12#3>,App<F,T13#2>,App<F,T14#1>)
      T14#1 extends Object declared in method <T1#14,T2#13,T3#12,T4#11,T5#10,T6#9,T7#8,T8#7,T9#6,T10#5,T11#4,T12#3,T13#2,T14#1>group(App<F,T1#14>,App<F,T2#13>,App<F,T3#12>,App<F,T4#11>,App<F,T5#10>,App<F,T6#9>,App<F,T7#8>,App<F,T8#7>,App<F,T9#6>,App<F,T10#5>,App<F,T11#4>,App<F,T12#3>,App<F,T13#2>,App<F,T14#1>)
      T1#15 extends Object declared in method <T1#15,T2#14,T3#13,T4#12,T5#11,T6#10,T7#9,T8#8,T9#7,T10#6,T11#5,T12#4,T13#3,T14#2,T15#1>group(App<F,T1#15>,App<F,T2#14>,App<F,T3#13>,App<F,T4#12>,App<F,T5#11>,App<F,T6#10>,App<F,T7#9>,App<F,T8#8>,App<F,T9#7>,App<F,T10#6>,App<F,T11#5>,App<F,T12#4>,App<F,T13#3>,App<F,T14#2>,App<F,T15#1>)
      T2#14 extends Object declared in method <T1#15,T2#14,T3#13,T4#12,T5#11,T6#10,T7#9,T8#8,T9#7,T10#6,T11#5,T12#4,T13#3,T14#2,T15#1>group(App<F,T1#15>,App<F,T2#14>,App<F,T3#13>,App<F,T4#12>,App<F,T5#11>,App<F,T6#10>,App<F,T7#9>,App<F,T8#8>,App<F,T9#7>,App<F,T10#6>,App<F,T11#5>,App<F,T12#4>,App<F,T13#3>,App<F,T14#2>,App<F,T15#1>)
      T3#13 extends Object declared in method <T1#15,T2#14,T3#13,T4#12,T5#11,T6#10,T7#9,T8#8,T9#7,T10#6,T11#5,T12#4,T13#3,T14#2,T15#1>group(App<F,T1#15>,App<F,T2#14>,App<F,T3#13>,App<F,T4#12>,App<F,T5#11>,App<F,T6#10>,App<F,T7#9>,App<F,T8#8>,App<F,T9#7>,App<F,T10#6>,App<F,T11#5>,App<F,T12#4>,App<F,T13#3>,App<F,T14#2>,App<F,T15#1>)
      T4#12 extends Object declared in method <T1#15,T2#14,T3#13,T4#12,T5#11,T6#10,T7#9,T8#8,T9#7,T10#6,T11#5,T12#4,T13#3,T14#2,T15#1>group(App<F,T1#15>,App<F,T2#14>,App<F,T3#13>,App<F,T4#12>,App<F,T5#11>,App<F,T6#10>,App<F,T7#9>,App<F,T8#8>,App<F,T9#7>,App<F,T10#6>,App<F,T11#5>,App<F,T12#4>,App<F,T13#3>,App<F,T14#2>,App<F,T15#1>)
      T5#11 extends Object declared in method <T1#15,T2#14,T3#13,T4#12,T5#11,T6#10,T7#9,T8#8,T9#7,T10#6,T11#5,T12#4,T13#3,T14#2,T15#1>group(App<F,T1#15>,App<F,T2#14>,App<F,T3#13>,App<F,T4#12>,App<F,T5#11>,App<F,T6#10>,App<F,T7#9>,App<F,T8#8>,App<F,T9#7>,App<F,T10#6>,App<F,T11#5>,App<F,T12#4>,App<F,T13#3>,App<F,T14#2>,App<F,T15#1>)
      T6#10 extends Object declared in method <T1#15,T2#14,T3#13,T4#12,T5#11,T6#10,T7#9,T8#8,T9#7,T10#6,T11#5,T12#4,T13#3,T14#2,T15#1>group(App<F,T1#15>,App<F,T2#14>,App<F,T3#13>,App<F,T4#12>,App<F,T5#11>,App<F,T6#10>,App<F,T7#9>,App<F,T8#8>,App<F,T9#7>,App<F,T10#6>,App<F,T11#5>,App<F,T12#4>,App<F,T13#3>,App<F,T14#2>,App<F,T15#1>)
      T7#9 extends Object declared in method <T1#15,T2#14,T3#13,T4#12,T5#11,T6#10,T7#9,T8#8,T9#7,T10#6,T11#5,T12#4,T13#3,T14#2,T15#1>group(App<F,T1#15>,App<F,T2#14>,App<F,T3#13>,App<F,T4#12>,App<F,T5#11>,App<F,T6#10>,App<F,T7#9>,App<F,T8#8>,App<F,T9#7>,App<F,T10#6>,App<F,T11#5>,App<F,T12#4>,App<F,T13#3>,App<F,T14#2>,App<F,T15#1>)
      T8#8 extends Object declared in method <T1#15,T2#14,T3#13,T4#12,T5#11,T6#10,T7#9,T8#8,T9#7,T10#6,T11#5,T12#4,T13#3,T14#2,T15#1>group(App<F,T1#15>,App<F,T2#14>,App<F,T3#13>,App<F,T4#12>,App<F,T5#11>,App<F,T6#10>,App<F,T7#9>,App<F,T8#8>,App<F,T9#7>,App<F,T10#6>,App<F,T11#5>,App<F,T12#4>,App<F,T13#3>,App<F,T14#2>,App<F,T15#1>)
      T9#7 extends Object declared in method <T1#15,T2#14,T3#13,T4#12,T5#11,T6#10,T7#9,T8#8,T9#7,T10#6,T11#5,T12#4,T13#3,T14#2,T15#1>group(App<F,T1#15>,App<F,T2#14>,App<F,T3#13>,App<F,T4#12>,App<F,T5#11>,App<F,T6#10>,App<F,T7#9>,App<F,T8#8>,App<F,T9#7>,App<F,T10#6>,App<F,T11#5>,App<F,T12#4>,App<F,T13#3>,App<F,T14#2>,App<F,T15#1>)
      T10#6 extends Object declared in method <T1#15,T2#14,T3#13,T4#12,T5#11,T6#10,T7#9,T8#8,T9#7,T10#6,T11#5,T12#4,T13#3,T14#2,T15#1>group(App<F,T1#15>,App<F,T2#14>,App<F,T3#13>,App<F,T4#12>,App<F,T5#11>,App<F,T6#10>,App<F,T7#9>,App<F,T8#8>,App<F,T9#7>,App<F,T10#6>,App<F,T11#5>,App<F,T12#4>,App<F,T13#3>,App<F,T14#2>,App<F,T15#1>)
      T11#5 extends Object declared in method <T1#15,T2#14,T3#13,T4#12,T5#11,T6#10,T7#9,T8#8,T9#7,T10#6,T11#5,T12#4,T13#3,T14#2,T15#1>group(App<F,T1#15>,App<F,T2#14>,App<F,T3#13>,App<F,T4#12>,App<F,T5#11>,App<F,T6#10>,App<F,T7#9>,App<F,T8#8>,App<F,T9#7>,App<F,T10#6>,App<F,T11#5>,App<F,T12#4>,App<F,T13#3>,App<F,T14#2>,App<F,T15#1>)
      T12#4 extends Object declared in method <T1#15,T2#14,T3#13,T4#12,T5#11,T6#10,T7#9,T8#8,T9#7,T10#6,T11#5,T12#4,T13#3,T14#2,T15#1>group(App<F,T1#15>,App<F,T2#14>,App<F,T3#13>,App<F,T4#12>,App<F,T5#11>,App<F,T6#10>,App<F,T7#9>,App<F,T8#8>,App<F,T9#7>,App<F,T10#6>,App<F,T11#5>,App<F,T12#4>,App<F,T13#3>,App<F,T14#2>,App<F,T15#1>)
      T13#3 extends Object declared in method <T1#15,T2#14,T3#13,T4#12,T5#11,T6#10,T7#9,T8#8,T9#7,T10#6,T11#5,T12#4,T13#3,T14#2,T15#1>group(App<F,T1#15>,App<F,T2#14>,App<F,T3#13>,App<F,T4#12>,App<F,T5#11>,App<F,T6#10>,App<F,T7#9>,App<F,T8#8>,App<F,T9#7>,App<F,T10#6>,App<F,T11#5>,App<F,T12#4>,App<F,T13#3>,App<F,T14#2>,App<F,T15#1>)
      T14#2 extends Object declared in method <T1#15,T2#14,T3#13,T4#12,T5#11,T6#10,T7#9,T8#8,T9#7,T10#6,T11#5,T12#4,T13#3,T14#2,T15#1>group(App<F,T1#15>,App<F,T2#14>,App<F,T3#13>,App<F,T4#12>,App<F,T5#11>,App<F,T6#10>,App<F,T7#9>,App<F,T8#8>,App<F,T9#7>,App<F,T10#6>,App<F,T11#5>,App<F,T12#4>,App<F,T13#3>,App<F,T14#2>,App<F,T15#1>)
      T15#1 extends Object declared in method <T1#15,T2#14,T3#13,T4#12,T5#11,T6#10,T7#9,T8#8,T9#7,T10#6,T11#5,T12#4,T13#3,T14#2,T15#1>group(App<F,T1#15>,App<F,T2#14>,App<F,T3#13>,App<F,T4#12>,App<F,T5#11>,App<F,T6#10>,App<F,T7#9>,App<F,T8#8>,App<F,T9#7>,App<F,T10#6>,App<F,T11#5>,App<F,T12#4>,App<F,T13#3>,App<F,T14#2>,App<F,T15#1>)
      T1#16 extends Object declared in method <T1#16,T2#15,T3#14,T4#13,T5#12,T6#11,T7#10,T8#9,T9#8,T10#7,T11#6,T12#5,T13#4,T14#3,T15#2,T16>group(App<F,T1#16>,App<F,T2#15>,App<F,T3#14>,App<F,T4#13>,App<F,T5#12>,App<F,T6#11>,App<F,T7#10>,App<F,T8#9>,App<F,T9#8>,App<F,T10#7>,App<F,T11#6>,App<F,T12#5>,App<F,T13#4>,App<F,T14#3>,App<F,T15#2>,App<F,T16>)
      T2#15 extends Object declared in method <T1#16,T2#15,T3#14,T4#13,T5#12,T6#11,T7#10,T8#9,T9#8,T10#7,T11#6,T12#5,T13#4,T14#3,T15#2,T16>group(App<F,T1#16>,App<F,T2#15>,App<F,T3#14>,App<F,T4#13>,App<F,T5#12>,App<F,T6#11>,App<F,T7#10>,App<F,T8#9>,App<F,T9#8>,App<F,T10#7>,App<F,T11#6>,App<F,T12#5>,App<F,T13#4>,App<F,T14#3>,App<F,T15#2>,App<F,T16>)
      T3#14 extends Object declared in method <T1#16,T2#15,T3#14,T4#13,T5#12,T6#11,T7#10,T8#9,T9#8,T10#7,T11#6,T12#5,T13#4,T14#3,T15#2,T16>group(App<F,T1#16>,App<F,T2#15>,App<F,T3#14>,App<F,T4#13>,App<F,T5#12>,App<F,T6#11>,App<F,T7#10>,App<F,T8#9>,App<F,T9#8>,App<F,T10#7>,App<F,T11#6>,App<F,T12#5>,App<F,T13#4>,App<F,T14#3>,App<F,T15#2>,App<F,T16>)
      T4#13 extends Object declared in method <T1#16,T2#15,T3#14,T4#13,T5#12,T6#11,T7#10,T8#9,T9#8,T10#7,T11#6,T12#5,T13#4,T14#3,T15#2,T16>group(App<F,T1#16>,App<F,T2#15>,App<F,T3#14>,App<F,T4#13>,App<F,T5#12>,App<F,T6#11>,App<F,T7#10>,App<F,T8#9>,App<F,T9#8>,App<F,T10#7>,App<F,T11#6>,App<F,T12#5>,App<F,T13#4>,App<F,T14#3>,App<F,T15#2>,App<F,T16>)
      T5#12 extends Object declared in method <T1#16,T2#15,T3#14,T4#13,T5#12,T6#11,T7#10,T8#9,T9#8,T10#7,T11#6,T12#5,T13#4,T14#3,T15#2,T16>group(App<F,T1#16>,App<F,T2#15>,App<F,T3#14>,App<F,T4#13>,App<F,T5#12>,App<F,T6#11>,App<F,T7#10>,App<F,T8#9>,App<F,T9#8>,App<F,T10#7>,App<F,T11#6>,App<F,T12#5>,App<F,T13#4>,App<F,T14#3>,App<F,T15#2>,App<F,T16>)
      T6#11 extends Object declared in method <T1#16,T2#15,T3#14,T4#13,T5#12,T6#11,T7#10,T8#9,T9#8,T10#7,T11#6,T12#5,T13#4,T14#3,T15#2,T16>group(App<F,T1#16>,App<F,T2#15>,App<F,T3#14>,App<F,T4#13>,App<F,T5#12>,App<F,T6#11>,App<F,T7#10>,App<F,T8#9>,App<F,T9#8>,App<F,T10#7>,App<F,T11#6>,App<F,T12#5>,App<F,T13#4>,App<F,T14#3>,App<F,T15#2>,App<F,T16>)
      T7#10 extends Object declared in method <T1#16,T2#15,T3#14,T4#13,T5#12,T6#11,T7#10,T8#9,T9#8,T10#7,T11#6,T12#5,T13#4,T14#3,T15#2,T16>group(App<F,T1#16>,App<F,T2#15>,App<F,T3#14>,App<F,T4#13>,App<F,T5#12>,App<F,T6#11>,App<F,T7#10>,App<F,T8#9>,App<F,T9#8>,App<F,T10#7>,App<F,T11#6>,App<F,T12#5>,App<F,T13#4>,App<F,T14#3>,App<F,T15#2>,App<F,T16>)
      T8#9 extends Object declared in method <T1#16,T2#15,T3#14,T4#13,T5#12,T6#11,T7#10,T8#9,T9#8,T10#7,T11#6,T12#5,T13#4,T14#3,T15#2,T16>group(App<F,T1#16>,App<F,T2#15>,App<F,T3#14>,App<F,T4#13>,App<F,T5#12>,App<F,T6#11>,App<F,T7#10>,App<F,T8#9>,App<F,T9#8>,App<F,T10#7>,App<F,T11#6>,App<F,T12#5>,App<F,T13#4>,App<F,T14#3>,App<F,T15#2>,App<F,T16>)
      T9#8 extends Object declared in method <T1#16,T2#15,T3#14,T4#13,T5#12,T6#11,T7#10,T8#9,T9#8,T10#7,T11#6,T12#5,T13#4,T14#3,T15#2,T16>group(App<F,T1#16>,App<F,T2#15>,App<F,T3#14>,App<F,T4#13>,App<F,T5#12>,App<F,T6#11>,App<F,T7#10>,App<F,T8#9>,App<F,T9#8>,App<F,T10#7>,App<F,T11#6>,App<F,T12#5>,App<F,T13#4>,App<F,T14#3>,App<F,T15#2>,App<F,T16>)
      T10#7 extends Object declared in method <T1#16,T2#15,T3#14,T4#13,T5#12,T6#11,T7#10,T8#9,T9#8,T10#7,T11#6,T12#5,T13#4,T14#3,T15#2,T16>group(App<F,T1#16>,App<F,T2#15>,App<F,T3#14>,App<F,T4#13>,App<F,T5#12>,App<F,T6#11>,App<F,T7#10>,App<F,T8#9>,App<F,T9#8>,App<F,T10#7>,App<F,T11#6>,App<F,T12#5>,App<F,T13#4>,App<F,T14#3>,App<F,T15#2>,App<F,T16>)
      T11#6 extends Object declared in method <T1#16,T2#15,T3#14,T4#13,T5#12,T6#11,T7#10,T8#9,T9#8,T10#7,T11#6,T12#5,T13#4,T14#3,T15#2,T16>group(App<F,T1#16>,App<F,T2#15>,App<F,T3#14>,App<F,T4#13>,App<F,T5#12>,App<F,T6#11>,App<F,T7#10>,App<F,T8#9>,App<F,T9#8>,App<F,T10#7>,App<F,T11#6>,App<F,T12#5>,App<F,T13#4>,App<F,T14#3>,App<F,T15#2>,App<F,T16>)
      T12#5 extends Object declared in method <T1#16,T2#15,T3#14,T4#13,T5#12,T6#11,T7#10,T8#9,T9#8,T10#7,T11#6,T12#5,T13#4,T14#3,T15#2,T16>group(App<F,T1#16>,App<F,T2#15>,App<F,T3#14>,App<F,T4#13>,App<F,T5#12>,App<F,T6#11>,App<F,T7#10>,App<F,T8#9>,App<F,T9#8>,App<F,T10#7>,App<F,T11#6>,App<F,T12#5>,App<F,T13#4>,App<F,T14#3>,App<F,T15#2>,App<F,T16>)
      T13#4 extends Object declared in method <T1#16,T2#15,T3#14,T4#13,T5#12,T6#11,T7#10,T8#9,T9#8,T10#7,T11#6,T12#5,T13#4,T14#3,T15#2,T16>group(App<F,T1#16>,App<F,T2#15>,App<F,T3#14>,App<F,T4#13>,App<F,T5#12>,App<F,T6#11>,App<F,T7#10>,App<F,T8#9>,App<F,T9#8>,App<F,T10#7>,App<F,T11#6>,App<F,T12#5>,App<F,T13#4>,App<F,T14#3>,App<F,T15#2>,App<F,T16>)
      T14#3 extends Object declared in method <T1#16,T2#15,T3#14,T4#13,T5#12,T6#11,T7#10,T8#9,T9#8,T10#7,T11#6,T12#5,T13#4,T14#3,T15#2,T16>group(App<F,T1#16>,App<F,T2#15>,App<F,T3#14>,App<F,T4#13>,App<F,T5#12>,App<F,T6#11>,App<F,T7#10>,App<F,T8#9>,App<F,T9#8>,App<F,T10#7>,App<F,T11#6>,App<F,T12#5>,App<F,T13#4>,App<F,T14#3>,App<F,T15#2>,App<F,T16>)
      T15#2 extends Object declared in method <T1#16,T2#15,T3#14,T4#13,T5#12,T6#11,T7#10,T8#9,T9#8,T10#7,T11#6,T12#5,T13#4,T14#3,T15#2,T16>group(App<F,T1#16>,App<F,T2#15>,App<F,T3#14>,App<F,T4#13>,App<F,T5#12>,App<F,T6#11>,App<F,T7#10>,App<F,T8#9>,App<F,T9#8>,App<F,T10#7>,App<F,T11#6>,App<F,T12#5>,App<F,T13#4>,App<F,T14#3>,App<F,T15#2>,App<F,T16>)
      T16 extends Object declared in method <T1#16,T2#15,T3#14,T4#13,T5#12,T6#11,T7#10,T8#9,T9#8,T10#7,T11#6,T12#5,T13#4,T14#3,T15#2,T16>group(App<F,T1#16>,App<F,T2#15>,App<F,T3#14>,App<F,T4#13>,App<F,T5#12>,App<F,T6#11>,App<F,T7#10>,App<F,T8#9>,App<F,T9#8>,App<F,T10#7>,App<F,T11#6>,App<F,T12#5>,App<F,T13#4>,App<F,T14#3>,App<F,T15#2>,App<F,T16>)
  /home/runner/work/mcJava/mcJava/android/app/src/main/java/net/minecraft/world/level/levelgen/structure/placement/RandomSpreadStructurePlacement.java:18: error: no suitable method found for group(RecordCodecBuilder<RandomSpreadStructurePlacement,Integer>,RecordCodecBuilder<RandomSpreadStructurePlacement,Integer>,RecordCodecBuilder<RandomSpreadStructurePlacement,RandomSpreadType>)
                 i.group(
                  ^
      method Kind1.<T1#1>group(App<Mu<Object>,T1#1>) is not applicable
        (cannot infer type-variable(s) T1#1
          (actual and formal argument lists differ in length))
      method Kind1.<T1#2,T2#1>group(App<Mu<Object>,T1#2>,App<Mu<Object>,T2#1>) is not applicable
        (cannot infer type-variable(s) T1#2,T2#1
          (actual and formal argument lists differ in length))
      method Kind1.<T1#3,T2#2,T3#1>group(App<Mu<Object>,T1#3>,App<Mu<Object>,T2#2>,App<Mu<Object>,T3#1>) is not applicable
        (inference variable O has incompatible equality constraints RandomSpreadStructurePlacement,Object)
      method Kind1.<T1#4,T2#3,T3#2,T4#1>group(App<Mu<Object>,T1#4>,App<Mu<Object>,T2#3>,App<Mu<Object>,T3#2>,App<Mu<Object>,T4#1>) is not applicable
        (cannot infer type-variable(s) T1#4,T2#3,T3#2,T4#1
          (actual and formal argument lists differ in length))
      method Kind1.<T1#5,T2#4,T3#3,T4#2,T5#1>group(App<Mu<Object>,T1#5>,App<Mu<Object>,T2#4>,App<Mu<Object>,T3#3>,App<Mu<Object>,T4#2>,App<Mu<Object>,T5#1>) is not applicable
        (cannot infer type-variable(s) T1#5,T2#4,T3#3,T4#2,T5#1
          (actual and formal argument lists differ in length))
      method Kind1.<T1#6,T2#5,T3#4,T4#3,T5#2,T6#1>group(App<Mu<Object>,T1#6>,App<Mu<Object>,T2#5>,App<Mu<Object>,T3#4>,App<Mu<Object>,T4#3>,App<Mu<Object>,T5#2>,App<Mu<Object>,T6#1>) is not applicable
        (cannot infer type-variable(s) T1#6,T2#5,T3#4,T4#3,T5#2,T6#1
          (actual and formal argument lists differ in length))
      method Kind1.<T1#7,T2#6,T3#5,T4#4,T5#3,T6#2,T7#1>group(App<Mu<Object>,T1#7>,App<Mu<Object>,T2#6>,App<Mu<Object>,T3#5>,App<Mu<Object>,T4#4>,App<Mu<Object>,T5#3>,App<Mu<Object>,T6#2>,App<Mu<Object>,T7#1>) is not applicable
        (cannot infer type-variable(s) T1#7,T2#6,T3#5,T4#4,T5#3,T6#2,T7#1
          (actual and formal argument lists differ in length))
      method Kind1.<T1#8,T2#7,T3#6,T4#5,T5#4,T6#3,T7#2,T8#1>group(App<Mu<Object>,T1#8>,App<Mu<Object>,T2#7>,App<Mu<Object>,T3#6>,App<Mu<Object>,T4#5>,App<Mu<Object>,T5#4>,App<Mu<Object>,T6#3>,App<Mu<Object>,T7#2>,App<Mu<Object>,T8#1>) is not applicable
        (cannot infer type-variable(s) T1#8,T2#7,T3#6,T4#5,T5#4,T6#3,T7#2,T8#1
          (actual and formal argument lists differ in length))
      method Kind1.<T1#9,T2#8,T3#7,T4#6,T5#5,T6#4,T7#3,T8#2,T9#1>group(App<Mu<Object>,T1#9>,App<Mu<Object>,T2#8>,App<Mu<Object>,T3#7>,App<Mu<Object>,T4#6>,App<Mu<Object>,T5#5>,App<Mu<Object>,T6#4>,App<Mu<Object>,T7#3>,App<Mu<Object>,T8#2>,App<Mu<Object>,T9#1>) is not applicable
        (cannot infer type-variable(s) T1#9,T2#8,T3#7,T4#6,T5#5,T6#4,T7#3,T8#2,T9#1
          (actual and formal argument lists differ in length))
      method Kind1.<T1#10,T2#9,T3#8,T4#7,T5#6,T6#5,T7#4,T8#3,T9#2,T10#1>group(App<Mu<Object>,T1#10>,App<Mu<Object>,T2#9>,App<Mu<Object>,T3#8>,App<Mu<Object>,T4#7>,App<Mu<Object>,T5#6>,App<Mu<Object>,T6#5>,App<Mu<Object>,T7#4>,App<Mu<Object>,T8#3>,App<Mu<Object>,T9#2>,App<Mu<Object>,T10#1>) is not applicable
        (cannot infer type-variable(s) T1#10,T2#9,T3#8,T4#7,T5#6,T6#5,T7#4,T8#3,T9#2,T10#1
          (actual and formal argument lists differ in length))
      method Kind1.<T1#11,T2#10,T3#9,T4#8,T5#7,T6#6,T7#5,T8#4,T9#3,T10#2,T11#1>group(App<Mu<Object>,T1#11>,App<Mu<Object>,T2#10>,App<Mu<Object>,T3#9>,App<Mu<Object>,T4#8>,App<Mu<Object>,T5#7>,App<Mu<Object>,T6#6>,App<Mu<Object>,T7#5>,App<Mu<Object>,T8#4>,App<Mu<Object>,T9#3>,App<Mu<Object>,T10#2>,App<Mu<Object>,T11#1>) is not applicable
        (cannot infer type-variable(s) T1#11,T2#10,T3#9,T4#8,T5#7,T6#6,T7#5,T8#4,T9#3,T10#2,T11#1
          (actual and formal argument lists differ in length))
      method Kind1.<T1#12,T2#11,T3#10,T4#9,T5#8,T6#7,T7#6,T8#5,T9#4,T10#3,T11#2,T12#1>group(App<Mu<Object>,T1#12>,App<Mu<Object>,T2#11>,App<Mu<Object>,T3#10>,App<Mu<Object>,T4#9>,App<Mu<Object>,T5#8>,App<Mu<Object>,T6#7>,App<Mu<Object>,T7#6>,App<Mu<Object>,T8#5>,App<Mu<Object>,T9#4>,App<Mu<Object>,T10#3>,App<Mu<Object>,T11#2>,App<Mu<Object>,T12#1>) is not applicable
        (cannot infer type-variable(s) T1#12,T2#11,T3#10,T4#9,T5#8,T6#7,T7#6,T8#5,T9#4,T10#3,T11#2,T12#1
          (actual and formal argument lists differ in length))
      method Kind1.<T1#13,T2#12,T3#11,T4#10,T5#9,T6#8,T7#7,T8#6,T9#5,T10#4,T11#3,T12#2,T13#1>group(App<Mu<Object>,T1#13>,App<Mu<Object>,T2#12>,App<Mu<Object>,T3#11>,App<Mu<Object>,T4#10>,App<Mu<Object>,T5#9>,App<Mu<Object>,T6#8>,App<Mu<Object>,T7#7>,App<Mu<Object>,T8#6>,App<Mu<Object>,T9#5>,App<Mu<Object>,T10#4>,App<Mu<Object>,T11#3>,App<Mu<Object>,T12#2>,App<Mu<Object>,T13#1>) is not applicable
        (cannot infer type-variable(s) T1#13,T2#12,T3#11,T4#10,T5#9,T6#8,T7#7,T8#6,T9#5,T10#4,T11#3,T12#2,T13#1
          (actual and formal argument lists differ in length))
      method Kind1.<T1#14,T2#13,T3#12,T4#11,T5#10,T6#9,T7#8,T8#7,T9#6,T10#5,T11#4,T12#3,T13#2,T14#1>group(App<Mu<Object>,T1#14>,App<Mu<Object>,T2#13>,App<Mu<Object>,T3#12>,App<Mu<Object>,T4#11>,App<Mu<Object>,T5#10>,App<Mu<Object>,T6#9>,App<Mu<Object>,T7#8>,App<Mu<Object>,T8#7>,App<Mu<Object>,T9#6>,App<Mu<Object>,T10#5>,App<Mu<Object>,T11#4>,App<Mu<Object>,T12#3>,App<Mu<Object>,T13#2>,App<Mu<Object>,T14#1>) is not applicable
        (cannot infer type-variable(s) T1#14,T2#13,T3#12,T4#11,T5#10,T6#9,T7#8,T8#7,T9#6,T10#5,T11#4,T12#3,T13#2,T14#1
          (actual and formal argument lists differ in length))
      method Kind1.<T1#15,T2#14,T3#13,T4#12,T5#11,T6#10,T7#9,T8#8,T9#7,T10#6,T11#5,T12#4,T13#3,T14#2,T15#1>group(App<Mu<Object>,T1#15>,App<Mu<Object>,T2#14>,App<Mu<Object>,T3#13>,App<Mu<Object>,T4#12>,App<Mu<Object>,T5#11>,App<Mu<Object>,T6#10>,App<Mu<Object>,T7#9>,App<Mu<Object>,T8#8>,App<Mu<Object>,T9#7>,App<Mu<Object>,T10#6>,App<Mu<Object>,T11#5>,App<Mu<Object>,T12#4>,App<Mu<Object>,T13#3>,App<Mu<Object>,T14#2>,App<Mu<Object>,T15#1>) is not applicable
        (cannot infer type-variable(s) T1#15,T2#14,T3#13,T4#12,T5#11,T6#10,T7#9,T8#8,T9#7,T10#6,T11#5,T12#4,T13#3,T14#2,T15#1
          (actual and formal argument lists differ in length))
      method Kind1.<T1#16,T2#15,T3#14,T4#13,T5#12,T6#11,T7#10,T8#9,T9#8,T10#7,T11#6,T12#5,T13#4,T14#3,T15#2,T16>group(App<Mu<Object>,T1#16>,App<Mu<Object>,T2#15>,App<Mu<Object>,T3#14>,App<Mu<Object>,T4#13>,App<Mu<Object>,T5#12>,App<Mu<Object>,T6#11>,App<Mu<Object>,T7#10>,App<Mu<Object>,T8#9>,App<Mu<Object>,T9#8>,App<Mu<Object>,T10#7>,App<Mu<Object>,T11#6>,App<Mu<Object>,T12#5>,App<Mu<Object>,T13#4>,App<Mu<Object>,T14#3>,App<Mu<Object>,T15#2>,App<Mu<Object>,T16>) is not applicable
        (cannot infer type-variable(s) T1#16,T2#15,T3#14,T4#13,T5#12,T6#11,T7#10,T8#9,T9#8,T10#7,T11#6,T12#5,T13#4,T14#3,T15#2,T16
          (actual and formal argument lists differ in length))
    where T1#1,F,T1#2,T2#1,T1#3,T2#2,T3#1,O,A,T1#4,T2#3,T3#2,T4#1,T1#5,T2#4,T3#3,T4#2,T5#1,T1#6,T2#5,T3#4,T4#3,T5#2,T6#1,T1#7,T2#6,T3#5,T4#4,T5#3,T6#2,T7#1,T1#8,T2#7,T3#6,T4#5,T5#4,T6#3,T7#2,T8#1,T1#9,T2#8,T3#7,T4#6,T5#5,T6#4,T7#3,T8#2,T9#1,T1#10,T2#9,T3#8,T4#7,T5#6,T6#5,T7#4,T8#3,T9#2,T10#1,T1#11,T2#10,T3#9,T4#8,T5#7,T6#6,T7#5,T8#4,T9#3,T10#2,T11#1,T1#12,T2#11,T3#10,T4#9,T5#8,T6#7,T7#6,T8#5,T9#4,T10#3,T11#2,T12#1,T1#13,T2#12,T3#11,T4#10,T5#9,T6#8,T7#7,T8#6,T9#5,T10#4,T11#3,T12#2,T13#1,T1#14,T2#13,T3#12,T4#11,T5#10,T6#9,T7#8,T8#7,T9#6,T10#5,T11#4,T12#3,T13#2,T14#1,T1#15,T2#14,T3#13,T4#12,T5#11,T6#10,T7#9,T8#8,T9#7,T10#6,T11#5,T12#4,T13#3,T14#2,T15#1,T1#16,T2#15,T3#14,T4#13,T5#12,T6#11,T7#10,T8#9,T9#8,T10#7,T11#6,T12#5,T13#4,T14#3,T15#2,T16 are type-variables:
      T1#1 extends Object declared in method <T1#1>group(App<F,T1#1>)
      F extends K1 declared in interface Kind1
      T1#2 extends Object declared in method <T1#2,T2#1>group(App<F,T1#2>,App<F,T2#1>)
      T2#1 extends Object declared in method <T1#2,T2#1>group(App<F,T1#2>,App<F,T2#1>)
      T1#3 extends Object declared in method <T1#3,T2#2,T3#1>group(App<F,T1#3>,App<F,T2#2>,App<F,T3#1>)
      T2#2 extends Object declared in method <T1#3,T2#2,T3#1>group(App<F,T1#3>,App<F,T2#2>,App<F,T3#1>)
      T3#1 extends Object declared in method <T1#3,T2#2,T3#1>group(App<F,T1#3>,App<F,T2#2>,App<F,T3#1>)
      O extends Object declared in method <O>forGetter(Function<O,A>)
      A extends Object declared in class MapCodec
      T1#4 extends Object declared in method <T1#4,T2#3,T3#2,T4#1>group(App<F,T1#4>,App<F,T2#3>,App<F,T3#2>,App<F,T4#1>)
      T2#3 extends Object declared in method <T1#4,T2#3,T3#2,T4#1>group(App<F,T1#4>,App<F,T2#3>,App<F,T3#2>,App<F,T4#1>)
      T3#2 extends Object declared in method <T1#4,T2#3,T3#2,T4#1>group(App<F,T1#4>,App<F,T2#3>,App<F,T3#2>,App<F,T4#1>)
      T4#1 extends Object declared in method <T1#4,T2#3,T3#2,T4#1>group(App<F,T1#4>,App<F,T2#3>,App<F,T3#2>,App<F,T4#1>)
      T1#5 extends Object declared in method <T1#5,T2#4,T3#3,T4#2,T5#1>group(App<F,T1#5>,App<F,T2#4>,App<F,T3#3>,App<F,T4#2>,App<F,T5#1>)
      T2#4 extends Object declared in method <T1#5,T2#4,T3#3,T4#2,T5#1>group(App<F,T1#5>,App<F,T2#4>,App<F,T3#3>,App<F,T4#2>,App<F,T5#1>)
      T3#3 extends Object declared in method <T1#5,T2#4,T3#3,T4#2,T5#1>group(App<F,T1#5>,App<F,T2#4>,App<F,T3#3>,App<F,T4#2>,App<F,T5#1>)
      T4#2 extends Object declared in method <T1#5,T2#4,T3#3,T4#2,T5#1>group(App<F,T1#5>,App<F,T2#4>,App<F,T3#3>,App<F,T4#2>,App<F,T5#1>)
      T5#1 extends Object declared in method <T1#5,T2#4,T3#3,T4#2,T5#1>group(App<F,T1#5>,App<F,T2#4>,App<F,T3#3>,App<F,T4#2>,App<F,T5#1>)
      T1#6 extends Object declared in method <T1#6,T2#5,T3#4,T4#3,T5#2,T6#1>group(App<F,T1#6>,App<F,T2#5>,App<F,T3#4>,App<F,T4#3>,App<F,T5#2>,App<F,T6#1>)
      T2#5 extends Object declared in method <T1#6,T2#5,T3#4,T4#3,T5#2,T6#1>group(App<F,T1#6>,App<F,T2#5>,App<F,T3#4>,App<F,T4#3>,App<F,T5#2>,App<F,T6#1>)
      T3#4 extends Object declared in method <T1#6,T2#5,T3#4,T4#3,T5#2,T6#1>group(App<F,T1#6>,App<F,T2#5>,App<F,T3#4>,App<F,T4#3>,App<F,T5#2>,App<F,T6#1>)
      T4#3 extends Object declared in method <T1#6,T2#5,T3#4,T4#3,T5#2,T6#1>group(App<F,T1#6>,App<F,T2#5>,App<F,T3#4>,App<F,T4#3>,App<F,T5#2>,App<F,T6#1>)
      T5#2 extends Object declared in method <T1#6,T2#5,T3#4,T4#3,T5#2,T6#1>group(App<F,T1#6>,App<F,T2#5>,App<F,T3#4>,App<F,T4#3>,App<F,T5#2>,App<F,T6#1>)
      T6#1 extends Object declared in method <T1#6,T2#5,T3#4,T4#3,T5#2,T6#1>group(App<F,T1#6>,App<F,T2#5>,App<F,T3#4>,App<F,T4#3>,App<F,T5#2>,App<F,T6#1>)
      T1#7 extends Object declared in method <T1#7,T2#6,T3#5,T4#4,T5#3,T6#2,T7#1>group(App<F,T1#7>,App<F,T2#6>,App<F,T3#5>,App<F,T4#4>,App<F,T5#3>,App<F,T6#2>,App<F,T7#1>)
      T2#6 extends Object declared in method <T1#7,T2#6,T3#5,T4#4,T5#3,T6#2,T7#1>group(App<F,T1#7>,App<F,T2#6>,App<F,T3#5>,App<F,T4#4>,App<F,T5#3>,App<F,T6#2>,App<F,T7#1>)
      T3#5 extends Object declared in method <T1#7,T2#6,T3#5,T4#4,T5#3,T6#2,T7#1>group(App<F,T1#7>,App<F,T2#6>,App<F,T3#5>,App<F,T4#4>,App<F,T5#3>,App<F,T6#2>,App<F,T7#1>)
      T4#4 extends Object declared in method <T1#7,T2#6,T3#5,T4#4,T5#3,T6#2,T7#1>group(App<F,T1#7>,App<F,T2#6>,App<F,T3#5>,App<F,T4#4>,App<F,T5#3>,App<F,T6#2>,App<F,T7#1>)
      T5#3 extends Object declared in method <T1#7,T2#6,T3#5,T4#4,T5#3,T6#2,T7#1>group(App<F,T1#7>,App<F,T2#6>,App<F,T3#5>,App<F,T4#4>,App<F,T5#3>,App<F,T6#2>,App<F,T7#1>)
      T6#2 extends Object declared in method <T1#7,T2#6,T3#5,T4#4,T5#3,T6#2,T7#1>group(App<F,T1#7>,App<F,T2#6>,App<F,T3#5>,App<F,T4#4>,App<F,T5#3>,App<F,T6#2>,App<F,T7#1>)
      T7#1 extends Object declared in method <T1#7,T2#6,T3#5,T4#4,T5#3,T6#2,T7#1>group(App<F,T1#7>,App<F,T2#6>,App<F,T3#5>,App<F,T4#4>,App<F,T5#3>,App<F,T6#2>,App<F,T7#1>)
      T1#8 extends Object declared in method <T1#8,T2#7,T3#6,T4#5,T5#4,T6#3,T7#2,T8#1>group(App<F,T1#8>,App<F,T2#7>,App<F,T3#6>,App<F,T4#5>,App<F,T5#4>,App<F,T6#3>,App<F,T7#2>,App<F,T8#1>)
      T2#7 extends Object declared in method <T1#8,T2#7,T3#6,T4#5,T5#4,T6#3,T7#2,T8#1>group(App<F,T1#8>,App<F,T2#7>,App<F,T3#6>,App<F,T4#5>,App<F,T5#4>,App<F,T6#3>,App<F,T7#2>,App<F,T8#1>)
      T3#6 extends Object declared in method <T1#8,T2#7,T3#6,T4#5,T5#4,T6#3,T7#2,T8#1>group(App<F,T1#8>,App<F,T2#7>,App<F,T3#6>,App<F,T4#5>,App<F,T5#4>,App<F,T6#3>,App<F,T7#2>,App<F,T8#1>)
      T4#5 extends Object declared in method <T1#8,T2#7,T3#6,T4#5,T5#4,T6#3,T7#2,T8#1>group(App<F,T1#8>,App<F,T2#7>,App<F,T3#6>,App<F,T4#5>,App<F,T5#4>,App<F,T6#3>,App<F,T7#2>,App<F,T8#1>)
      T5#4 extends Object declared in method <T1#8,T2#7,T3#6,T4#5,T5#4,T6#3,T7#2,T8#1>group(App<F,T1#8>,App<F,T2#7>,App<F,T3#6>,App<F,T4#5>,App<F,T5#4>,App<F,T6#3>,App<F,T7#2>,App<F,T8#1>)
      T6#3 extends Object declared in method <T1#8,T2#7,T3#6,T4#5,T5#4,T6#3,T7#2,T8#1>group(App<F,T1#8>,App<F,T2#7>,App<F,T3#6>,App<F,T4#5>,App<F,T5#4>,App<F,T6#3>,App<F,T7#2>,App<F,T8#1>)
      T7#2 extends Object declared in method <T1#8,T2#7,T3#6,T4#5,T5#4,T6#3,T7#2,T8#1>group(App<F,T1#8>,App<F,T2#7>,App<F,T3#6>,App<F,T4#5>,App<F,T5#4>,App<F,T6#3>,App<F,T7#2>,App<F,T8#1>)
      T8#1 extends Object declared in method <T1#8,T2#7,T3#6,T4#5,T5#4,T6#3,T7#2,T8#1>group(App<F,T1#8>,App<F,T2#7>,App<F,T3#6>,App<F,T4#5>,App<F,T5#4>,App<F,T6#3>,App<F,T7#2>,App<F,T8#1>)
      T1#9 extends Object declared in method <T1#9,T2#8,T3#7,T4#6,T5#5,T6#4,T7#3,T8#2,T9#1>group(App<F,T1#9>,App<F,T2#8>,App<F,T3#7>,App<F,T4#6>,App<F,T5#5>,App<F,T6#4>,App<F,T7#3>,App<F,T8#2>,App<F,T9#1>)
      T2#8 extends Object declared in method <T1#9,T2#8,T3#7,T4#6,T5#5,T6#4,T7#3,T8#2,T9#1>group(App<F,T1#9>,App<F,T2#8>,App<F,T3#7>,App<F,T4#6>,App<F,T5#5>,App<F,T6#4>,App<F,T7#3>,App<F,T8#2>,App<F,T9#1>)
      T3#7 extends Object declared in method <T1#9,T2#8,T3#7,T4#6,T5#5,T6#4,T7#3,T8#2,T9#1>group(App<F,T1#9>,App<F,T2#8>,App<F,T3#7>,App<F,T4#6>,App<F,T5#5>,App<F,T6#4>,App<F,T7#3>,App<F,T8#2>,App<F,T9#1>)
      T4#6 extends Object declared in method <T1#9,T2#8,T3#7,T4#6,T5#5,T6#4,T7#3,T8#2,T9#1>group(App<F,T1#9>,App<F,T2#8>,App<F,T3#7>,App<F,T4#6>,App<F,T5#5>,App<F,T6#4>,App<F,T7#3>,App<F,T8#2>,App<F,T9#1>)
      T5#5 extends Object declared in method <T1#9,T2#8,T3#7,T4#6,T5#5,T6#4,T7#3,T8#2,T9#1>group(App<F,T1#9>,App<F,T2#8>,App<F,T3#7>,App<F,T4#6>,App<F,T5#5>,App<F,T6#4>,App<F,T7#3>,App<F,T8#2>,App<F,T9#1>)
      T6#4 extends Object declared in method <T1#9,T2#8,T3#7,T4#6,T5#5,T6#4,T7#3,T8#2,T9#1>group(App<F,T1#9>,App<F,T2#8>,App<F,T3#7>,App<F,T4#6>,App<F,T5#5>,App<F,T6#4>,App<F,T7#3>,App<F,T8#2>,App<F,T9#1>)
      T7#3 extends Object declared in method <T1#9,T2#8,T3#7,T4#6,T5#5,T6#4,T7#3,T8#2,T9#1>group(App<F,T1#9>,App<F,T2#8>,App<F,T3#7>,App<F,T4#6>,App<F,T5#5>,App<F,T6#4>,App<F,T7#3>,App<F,T8#2>,App<F,T9#1>)
      T8#2 extends Object declared in method <T1#9,T2#8,T3#7,T4#6,T5#5,T6#4,T7#3,T8#2,T9#1>group(App<F,T1#9>,App<F,T2#8>,App<F,T3#7>,App<F,T4#6>,App<F,T5#5>,App<F,T6#4>,App<F,T7#3>,App<F,T8#2>,App<F,T9#1>)
      T9#1 extends Object declared in method <T1#9,T2#8,T3#7,T4#6,T5#5,T6#4,T7#3,T8#2,T9#1>group(App<F,T1#9>,App<F,T2#8>,App<F,T3#7>,App<F,T4#6>,App<F,T5#5>,App<F,T6#4>,App<F,T7#3>,App<F,T8#2>,App<F,T9#1>)
      T1#10 extends Object declared in method <T1#10,T2#9,T3#8,T4#7,T5#6,T6#5,T7#4,T8#3,T9#2,T10#1>group(App<F,T1#10>,App<F,T2#9>,App<F,T3#8>,App<F,T4#7>,App<F,T5#6>,App<F,T6#5>,App<F,T7#4>,App<F,T8#3>,App<F,T9#2>,App<F,T10#1>)
      T2#9 extends Object declared in method <T1#10,T2#9,T3#8,T4#7,T5#6,T6#5,T7#4,T8#3,T9#2,T10#1>group(App<F,T1#10>,App<F,T2#9>,App<F,T3#8>,App<F,T4#7>,App<F,T5#6>,App<F,T6#5>,App<F,T7#4>,App<F,T8#3>,App<F,T9#2>,App<F,T10#1>)
      T3#8 extends Object declared in method <T1#10,T2#9,T3#8,T4#7,T5#6,T6#5,T7#4,T8#3,T9#2,T10#1>group(App<F,T1#10>,App<F,T2#9>,App<F,T3#8>,App<F,T4#7>,App<F,T5#6>,App<F,T6#5>,App<F,T7#4>,App<F,T8#3>,App<F,T9#2>,App<F,T10#1>)
      T4#7 extends Object declared in method <T1#10,T2#9,T3#8,T4#7,T5#6,T6#5,T7#4,T8#3,T9#2,T10#1>group(App<F,T1#10>,App<F,T2#9>,App<F,T3#8>,App<F,T4#7>,App<F,T5#6>,App<F,T6#5>,App<F,T7#4>,App<F,T8#3>,App<F,T9#2>,App<F,T10#1>)
      T5#6 extends Object declared in method <T1#10,T2#9,T3#8,T4#7,T5#6,T6#5,T7#4,T8#3,T9#2,T10#1>group(App<F,T1#10>,App<F,T2#9>,App<F,T3#8>,App<F,T4#7>,App<F,T5#6>,App<F,T6#5>,App<F,T7#4>,App<F,T8#3>,App<F,T9#2>,App<F,T10#1>)
      T6#5 extends Object declared in method <T1#10,T2#9,T3#8,T4#7,T5#6,T6#5,T7#4,T8#3,T9#2,T10#1>group(App<F,T1#10>,App<F,T2#9>,App<F,T3#8>,App<F,T4#7>,App<F,T5#6>,App<F,T6#5>,App<F,T7#4>,App<F,T8#3>,App<F,T9#2>,App<F,T10#1>)
      T7#4 extends Object declared in method <T1#10,T2#9,T3#8,T4#7,T5#6,T6#5,T7#4,T8#3,T9#2,T10#1>group(App<F,T1#10>,App<F,T2#9>,App<F,T3#8>,App<F,T4#7>,App<F,T5#6>,App<F,T6#5>,App<F,T7#4>,App<F,T8#3>,App<F,T9#2>,App<F,T10#1>)
      T8#3 extends Object declared in method <T1#10,T2#9,T3#8,T4#7,T5#6,T6#5,T7#4,T8#3,T9#2,T10#1>group(App<F,T1#10>,App<F,T2#9>,App<F,T3#8>,App<F,T4#7>,App<F,T5#6>,App<F,T6#5>,App<F,T7#4>,App<F,T8#3>,App<F,T9#2>,App<F,T10#1>)
      T9#2 extends Object declared in method <T1#10,T2#9,T3#8,T4#7,T5#6,T6#5,T7#4,T8#3,T9#2,T10#1>group(App<F,T1#10>,App<F,T2#9>,App<F,T3#8>,App<F,T4#7>,App<F,T5#6>,App<F,T6#5>,App<F,T7#4>,App<F,T8#3>,App<F,T9#2>,App<F,T10#1>)
      T10#1 extends Object declared in method <T1#10,T2#9,T3#8,T4#7,T5#6,T6#5,T7#4,T8#3,T9#2,T10#1>group(App<F,T1#10>,App<F,T2#9>,App<F,T3#8>,App<F,T4#7>,App<F,T5#6>,App<F,T6#5>,App<F,T7#4>,App<F,T8#3>,App<F,T9#2>,App<F,T10#1>)
      T1#11 extends Object declared in method <T1#11,T2#10,T3#9,T4#8,T5#7,T6#6,T7#5,T8#4,T9#3,T10#2,T11#1>group(App<F,T1#11>,App<F,T2#10>,App<F,T3#9>,App<F,T4#8>,App<F,T5#7>,App<F,T6#6>,App<F,T7#5>,App<F,T8#4>,App<F,T9#3>,App<F,T10#2>,App<F,T11#1>)
      T2#10 extends Object declared in method <T1#11,T2#10,T3#9,T4#8,T5#7,T6#6,T7#5,T8#4,T9#3,T10#2,T11#1>group(App<F,T1#11>,App<F,T2#10>,App<F,T3#9>,App<F,T4#8>,App<F,T5#7>,App<F,T6#6>,App<F,T7#5>,App<F,T8#4>,App<F,T9#3>,App<F,T10#2>,App<F,T11#1>)
      T3#9 extends Object declared in method <T1#11,T2#10,T3#9,T4#8,T5#7,T6#6,T7#5,T8#4,T9#3,T10#2,T11#1>group(App<F,T1#11>,App<F,T2#10>,App<F,T3#9>,App<F,T4#8>,App<F,T5#7>,App<F,T6#6>,App<F,T7#5>,App<F,T8#4>,App<F,T9#3>,App<F,T10#2>,App<F,T11#1>)
      T4#8 extends Object declared in method <T1#11,T2#10,T3#9,T4#8,T5#7,T6#6,T7#5,T8#4,T9#3,T10#2,T11#1>group(App<F,T1#11>,App<F,T2#10>,App<F,T3#9>,App<F,T4#8>,App<F,T5#7>,App<F,T6#6>,App<F,T7#5>,App<F,T8#4>,App<F,T9#3>,App<F,T10#2>,App<F,T11#1>)
      T5#7 extends Object declared in method <T1#11,T2#10,T3#9,T4#8,T5#7,T6#6,T7#5,T8#4,T9#3,T10#2,T11#1>group(App<F,T1#11>,App<F,T2#10>,App<F,T3#9>,App<F,T4#8>,App<F,T5#7>,App<F,T6#6>,App<F,T7#5>,App<F,T8#4>,App<F,T9#3>,App<F,T10#2>,App<F,T11#1>)
      T6#6 extends Object declared in method <T1#11,T2#10,T3#9,T4#8,T5#7,T6#6,T7#5,T8#4,T9#3,T10#2,T11#1>group(App<F,T1#11>,App<F,T2#10>,App<F,T3#9>,App<F,T4#8>,App<F,T5#7>,App<F,T6#6>,App<F,T7#5>,App<F,T8#4>,App<F,T9#3>,App<F,T10#2>,App<F,T11#1>)
      T7#5 extends Object declared in method <T1#11,T2#10,T3#9,T4#8,T5#7,T6#6,T7#5,T8#4,T9#3,T10#2,T11#1>group(App<F,T1#11>,App<F,T2#10>,App<F,T3#9>,App<F,T4#8>,App<F,T5#7>,App<F,T6#6>,App<F,T7#5>,App<F,T8#4>,App<F,T9#3>,App<F,T10#2>,App<F,T11#1>)
      T8#4 extends Object declared in method <T1#11,T2#10,T3#9,T4#8,T5#7,T6#6,T7#5,T8#4,T9#3,T10#2,T11#1>group(App<F,T1#11>,App<F,T2#10>,App<F,T3#9>,App<F,T4#8>,App<F,T5#7>,App<F,T6#6>,App<F,T7#5>,App<F,T8#4>,App<F,T9#3>,App<F,T10#2>,App<F,T11#1>)
      T9#3 extends Object declared in method <T1#11,T2#10,T3#9,T4#8,T5#7,T6#6,T7#5,T8#4,T9#3,T10#2,T11#1>group(App<F,T1#11>,App<F,T2#10>,App<F,T3#9>,App<F,T4#8>,App<F,T5#7>,App<F,T6#6>,App<F,T7#5>,App<F,T8#4>,App<F,T9#3>,App<F,T10#2>,App<F,T11#1>)
      T10#2 extends Object declared in method <T1#11,T2#10,T3#9,T4#8,T5#7,T6#6,T7#5,T8#4,T9#3,T10#2,T11#1>group(App<F,T1#11>,App<F,T2#10>,App<F,T3#9>,App<F,T4#8>,App<F,T5#7>,App<F,T6#6>,App<F,T7#5>,App<F,T8#4>,App<F,T9#3>,App<F,T10#2>,App<F,T11#1>)
      T11#1 extends Object declared in method <T1#11,T2#10,T3#9,T4#8,T5#7,T6#6,T7#5,T8#4,T9#3,T10#2,T11#1>group(App<F,T1#11>,App<F,T2#10>,App<F,T3#9>,App<F,T4#8>,App<F,T5#7>,App<F,T6#6>,App<F,T7#5>,App<F,T8#4>,App<F,T9#3>,App<F,T10#2>,App<F,T11#1>)
      T1#12 extends Object declared in method <T1#12,T2#11,T3#10,T4#9,T5#8,T6#7,T7#6,T8#5,T9#4,T10#3,T11#2,T12#1>group(App<F,T1#12>,App<F,T2#11>,App<F,T3#10>,App<F,T4#9>,App<F,T5#8>,App<F,T6#7>,App<F,T7#6>,App<F,T8#5>,App<F,T9#4>,App<F,T10#3>,App<F,T11#2>,App<F,T12#1>)
      T2#11 extends Object declared in method <T1#12,T2#11,T3#10,T4#9,T5#8,T6#7,T7#6,T8#5,T9#4,T10#3,T11#2,T12#1>group(App<F,T1#12>,App<F,T2#11>,App<F,T3#10>,App<F,T4#9>,App<F,T5#8>,App<F,T6#7>,App<F,T7#6>,App<F,T8#5>,App<F,T9#4>,App<F,T10#3>,App<F,T11#2>,App<F,T12#1>)
      T3#10 extends Object declared in method <T1#12,T2#11,T3#10,T4#9,T5#8,T6#7,T7#6,T8#5,T9#4,T10#3,T11#2,T12#1>group(App<F,T1#12>,App<F,T2#11>,App<F,T3#10>,App<F,T4#9>,App<F,T5#8>,App<F,T6#7>,App<F,T7#6>,App<F,T8#5>,App<F,T9#4>,App<F,T10#3>,App<F,T11#2>,App<F,T12#1>)
      T4#9 extends Object declared in method <T1#12,T2#11,T3#10,T4#9,T5#8,T6#7,T7#6,T8#5,T9#4,T10#3,T11#2,T12#1>group(App<F,T1#12>,App<F,T2#11>,App<F,T3#10>,App<F,T4#9>,App<F,T5#8>,App<F,T6#7>,App<F,T7#6>,App<F,T8#5>,App<F,T9#4>,App<F,T10#3>,App<F,T11#2>,App<F,T12#1>)
      T5#8 extends Object declared in method <T1#12,T2#11,T3#10,T4#9,T5#8,T6#7,T7#6,T8#5,T9#4,T10#3,T11#2,T12#1>group(App<F,T1#12>,App<F,T2#11>,App<F,T3#10>,App<F,T4#9>,App<F,T5#8>,App<F,T6#7>,App<F,T7#6>,App<F,T8#5>,App<F,T9#4>,App<F,T10#3>,App<F,T11#2>,App<F,T12#1>)
      T6#7 extends Object declared in method <T1#12,T2#11,T3#10,T4#9,T5#8,T6#7,T7#6,T8#5,T9#4,T10#3,T11#2,T12#1>group(App<F,T1#12>,App<F,T2#11>,App<F,T3#10>,App<F,T4#9>,App<F,T5#8>,App<F,T6#7>,App<F,T7#6>,App<F,T8#5>,App<F,T9#4>,App<F,T10#3>,App<F,T11#2>,App<F,T12#1>)
      T7#6 extends Object declared in method <T1#12,T2#11,T3#10,T4#9,T5#8,T6#7,T7#6,T8#5,T9#4,T10#3,T11#2,T12#1>group(App<F,T1#12>,App<F,T2#11>,App<F,T3#10>,App<F,T4#9>,App<F,T5#8>,App<F,T6#7>,App<F,T7#6>,App<F,T8#5>,App<F,T9#4>,App<F,T10#3>,App<F,T11#2>,App<F,T12#1>)
      T8#5 extends Object declared in method <T1#12,T2#11,T3#10,T4#9,T5#8,T6#7,T7#6,T8#5,T9#4,T10#3,T11#2,T12#1>group(App<F,T1#12>,App<F,T2#11>,App<F,T3#10>,App<F,T4#9>,App<F,T5#8>,App<F,T6#7>,App<F,T7#6>,App<F,T8#5>,App<F,T9#4>,App<F,T10#3>,App<F,T11#2>,App<F,T12#1>)
      T9#4 extends Object declared in method <T1#12,T2#11,T3#10,T4#9,T5#8,T6#7,T7#6,T8#5,T9#4,T10#3,T11#2,T12#1>group(App<F,T1#12>,App<F,T2#11>,App<F,T3#10>,App<F,T4#9>,App<F,T5#8>,App<F,T6#7>,App<F,T7#6>,App<F,T8#5>,App<F,T9#4>,App<F,T10#3>,App<F,T11#2>,App<F,T12#1>)
      T10#3 extends Object declared in method <T1#12,T2#11,T3#10,T4#9,T5#8,T6#7,T7#6,T8#5,T9#4,T10#3,T11#2,T12#1>group(App<F,T1#12>,App<F,T2#11>,App<F,T3#10>,App<F,T4#9>,App<F,T5#8>,App<F,T6#7>,App<F,T7#6>,App<F,T8#5>,App<F,T9#4>,App<F,T10#3>,App<F,T11#2>,App<F,T12#1>)
      T11#2 extends Object declared in method <T1#12,T2#11,T3#10,T4#9,T5#8,T6#7,T7#6,T8#5,T9#4,T10#3,T11#2,T12#1>group(App<F,T1#12>,App<F,T2#11>,App<F,T3#10>,App<F,T4#9>,App<F,T5#8>,App<F,T6#7>,App<F,T7#6>,App<F,T8#5>,App<F,T9#4>,App<F,T10#3>,App<F,T11#2>,App<F,T12#1>)
      T12#1 extends Object declared in method <T1#12,T2#11,T3#10,T4#9,T5#8,T6#7,T7#6,T8#5,T9#4,T10#3,T11#2,T12#1>group(App<F,T1#12>,App<F,T2#11>,App<F,T3#10>,App<F,T4#9>,App<F,T5#8>,App<F,T6#7>,App<F,T7#6>,App<F,T8#5>,App<F,T9#4>,App<F,T10#3>,App<F,T11#2>,App<F,T12#1>)
      T1#13 extends Object declared in method <T1#13,T2#12,T3#11,T4#10,T5#9,T6#8,T7#7,T8#6,T9#5,T10#4,T11#3,T12#2,T13#1>group(App<F,T1#13>,App<F,T2#12>,App<F,T3#11>,App<F,T4#10>,App<F,T5#9>,App<F,T6#8>,App<F,T7#7>,App<F,T8#6>,App<F,T9#5>,App<F,T10#4>,App<F,T11#3>,App<F,T12#2>,App<F,T13#1>)
      T2#12 extends Object declared in method <T1#13,T2#12,T3#11,T4#10,T5#9,T6#8,T7#7,T8#6,T9#5,T10#4,T11#3,T12#2,T13#1>group(App<F,T1#13>,App<F,T2#12>,App<F,T3#11>,App<F,T4#10>,App<F,T5#9>,App<F,T6#8>,App<F,T7#7>,App<F,T8#6>,App<F,T9#5>,App<F,T10#4>,App<F,T11#3>,App<F,T12#2>,App<F,T13#1>)
      T3#11 extends Object declared in method <T1#13,T2#12,T3#11,T4#10,T5#9,T6#8,T7#7,T8#6,T9#5,T10#4,T11#3,T12#2,T13#1>group(App<F,T1#13>,App<F,T2#12>,App<F,T3#11>,App<F,T4#10>,App<F,T5#9>,App<F,T6#8>,App<F,T7#7>,App<F,T8#6>,App<F,T9#5>,App<F,T10#4>,App<F,T11#3>,App<F,T12#2>,App<F,T13#1>)
      T4#10 extends Object declared in method <T1#13,T2#12,T3#11,T4#10,T5#9,T6#8,T7#7,T8#6,T9#5,T10#4,T11#3,T12#2,T13#1>group(App<F,T1#13>,App<F,T2#12>,App<F,T3#11>,App<F,T4#10>,App<F,T5#9>,App<F,T6#8>,App<F,T7#7>,App<F,T8#6>,App<F,T9#5>,App<F,T10#4>,App<F,T11#3>,App<F,T12#2>,App<F,T13#1>)
      T5#9 extends Object declared in method <T1#13,T2#12,T3#11,T4#10,T5#9,T6#8,T7#7,T8#6,T9#5,T10#4,T11#3,T12#2,T13#1>group(App<F,T1#13>,App<F,T2#12>,App<F,T3#11>,App<F,T4#10>,App<F,T5#9>,App<F,T6#8>,App<F,T7#7>,App<F,T8#6>,App<F,T9#5>,App<F,T10#4>,App<F,T11#3>,App<F,T12#2>,App<F,T13#1>)
      T6#8 extends Object declared in method <T1#13,T2#12,T3#11,T4#10,T5#9,T6#8,T7#7,T8#6,T9#5,T10#4,T11#3,T12#2,T13#1>group(App<F,T1#13>,App<F,T2#12>,App<F,T3#11>,App<F,T4#10>,App<F,T5#9>,App<F,T6#8>,App<F,T7#7>,App<F,T8#6>,App<F,T9#5>,App<F,T10#4>,App<F,T11#3>,App<F,T12#2>,App<F,T13#1>)
      T7#7 extends Object declared in method <T1#13,T2#12,T3#11,T4#10,T5#9,T6#8,T7#7,T8#6,T9#5,T10#4,T11#3,T12#2,T13#1>group(App<F,T1#13>,App<F,T2#12>,App<F,T3#11>,App<F,T4#10>,App<F,T5#9>,App<F,T6#8>,App<F,T7#7>,App<F,T8#6>,App<F,T9#5>,App<F,T10#4>,App<F,T11#3>,App<F,T12#2>,App<F,T13#1>)
      T8#6 extends Object declared in method <T1#13,T2#12,T3#11,T4#10,T5#9,T6#8,T7#7,T8#6,T9#5,T10#4,T11#3,T12#2,T13#1>group(App<F,T1#13>,App<F,T2#12>,App<F,T3#11>,App<F,T4#10>,App<F,T5#9>,App<F,T6#8>,App<F,T7#7>,App<F,T8#6>,App<F,T9#5>,App<F,T10#4>,App<F,T11#3>,App<F,T12#2>,App<F,T13#1>)
      T9#5 extends Object declared in method <T1#13,T2#12,T3#11,T4#10,T5#9,T6#8,T7#7,T8#6,T9#5,T10#4,T11#3,T12#2,T13#1>group(App<F,T1#13>,App<F,T2#12>,App<F,T3#11>,App<F,T4#10>,App<F,T5#9>,App<F,T6#8>,App<F,T7#7>,App<F,T8#6>,App<F,T9#5>,App<F,T10#4>,App<F,T11#3>,App<F,T12#2>,App<F,T13#1>)
      T10#4 extends Object declared in method <T1#13,T2#12,T3#11,T4#10,T5#9,T6#8,T7#7,T8#6,T9#5,T10#4,T11#3,T12#2,T13#1>group(App<F,T1#13>,App<F,T2#12>,App<F,T3#11>,App<F,T4#10>,App<F,T5#9>,App<F,T6#8>,App<F,T7#7>,App<F,T8#6>,App<F,T9#5>,App<F,T10#4>,App<F,T11#3>,App<F,T12#2>,App<F,T13#1>)
      T11#3 extends Object declared in method <T1#13,T2#12,T3#11,T4#10,T5#9,T6#8,T7#7,T8#6,T9#5,T10#4,T11#3,T12#2,T13#1>group(App<F,T1#13>,App<F,T2#12>,App<F,T3#11>,App<F,T4#10>,App<F,T5#9>,App<F,T6#8>,App<F,T7#7>,App<F,T8#6>,App<F,T9#5>,App<F,T10#4>,App<F,T11#3>,App<F,T12#2>,App<F,T13#1>)
      T12#2 extends Object declared in method <T1#13,T2#12,T3#11,T4#10,T5#9,T6#8,T7#7,T8#6,T9#5,T10#4,T11#3,T12#2,T13#1>group(App<F,T1#13>,App<F,T2#12>,App<F,T3#11>,App<F,T4#10>,App<F,T5#9>,App<F,T6#8>,App<F,T7#7>,App<F,T8#6>,App<F,T9#5>,App<F,T10#4>,App<F,T11#3>,App<F,T12#2>,App<F,T13#1>)
      T13#1 extends Object declared in method <T1#13,T2#12,T3#11,T4#10,T5#9,T6#8,T7#7,T8#6,T9#5,T10#4,T11#3,T12#2,T13#1>group(App<F,T1#13>,App<F,T2#12>,App<F,T3#11>,App<F,T4#10>,App<F,T5#9>,App<F,T6#8>,App<F,T7#7>,App<F,T8#6>,App<F,T9#5>,App<F,T10#4>,App<F,T11#3>,App<F,T12#2>,App<F,T13#1>)
      T1#14 extends Object declared in method <T1#14,T2#13,T3#12,T4#11,T5#10,T6#9,T7#8,T8#7,T9#6,T10#5,T11#4,T12#3,T13#2,T14#1>group(App<F,T1#14>,App<F,T2#13>,App<F,T3#12>,App<F,T4#11>,App<F,T5#10>,App<F,T6#9>,App<F,T7#8>,App<F,T8#7>,App<F,T9#6>,App<F,T10#5>,App<F,T11#4>,App<F,T12#3>,App<F,T13#2>,App<F,T14#1>)
      T2#13 extends Object declared in method <T1#14,T2#13,T3#12,T4#11,T5#10,T6#9,T7#8,T8#7,T9#6,T10#5,T11#4,T12#3,T13#2,T14#1>group(App<F,T1#14>,App<F,T2#13>,App<F,T3#12>,App<F,T4#11>,App<F,T5#10>,App<F,T6#9>,App<F,T7#8>,App<F,T8#7>,App<F,T9#6>,App<F,T10#5>,App<F,T11#4>,App<F,T12#3>,App<F,T13#2>,App<F,T14#1>)
      T3#12 extends Object declared in method <T1#14,T2#13,T3#12,T4#11,T5#10,T6#9,T7#8,T8#7,T9#6,T10#5,T11#4,T12#3,T13#2,T14#1>group(App<F,T1#14>,App<F,T2#13>,App<F,T3#12>,App<F,T4#11>,App<F,T5#10>,App<F,T6#9>,App<F,T7#8>,App<F,T8#7>,App<F,T9#6>,App<F,T10#5>,App<F,T11#4>,App<F,T12#3>,App<F,T13#2>,App<F,T14#1>)
      T4#11 extends Object declared in method <T1#14,T2#13,T3#12,T4#11,T5#10,T6#9,T7#8,T8#7,T9#6,T10#5,T11#4,T12#3,T13#2,T14#1>group(App<F,T1#14>,App<F,T2#13>,App<F,T3#12>,App<F,T4#11>,App<F,T5#10>,App<F,T6#9>,App<F,T7#8>,App<F,T8#7>,App<F,T9#6>,App<F,T10#5>,App<F,T11#4>,App<F,T12#3>,App<F,T13#2>,App<F,T14#1>)
      T5#10 extends Object declared in method <T1#14,T2#13,T3#12,T4#11,T5#10,T6#9,T7#8,T8#7,T9#6,T10#5,T11#4,T12#3,T13#2,T14#1>group(App<F,T1#14>,App<F,T2#13>,App<F,T3#12>,App<F,T4#11>,App<F,T5#10>,App<F,T6#9>,App<F,T7#8>,App<F,T8#7>,App<F,T9#6>,App<F,T10#5>,App<F,T11#4>,App<F,T12#3>,App<F,T13#2>,App<F,T14#1>)
      T6#9 extends Object declared in method <T1#14,T2#13,T3#12,T4#11,T5#10,T6#9,T7#8,T8#7,T9#6,T10#5,T11#4,T12#3,T13#2,T14#1>group(App<F,T1#14>,App<F,T2#13>,App<F,T3#12>,App<F,T4#11>,App<F,T5#10>,App<F,T6#9>,App<F,T7#8>,App<F,T8#7>,App<F,T9#6>,App<F,T10#5>,App<F,T11#4>,App<F,T12#3>,App<F,T13#2>,App<F,T14#1>)
      T7#8 extends Object declared in method <T1#14,T2#13,T3#12,T4#11,T5#10,T6#9,T7#8,T8#7,T9#6,T10#5,T11#4,T12#3,T13#2,T14#1>group(App<F,T1#14>,App<F,T2#13>,App<F,T3#12>,App<F,T4#11>,App<F,T5#10>,App<F,T6#9>,App<F,T7#8>,App<F,T8#7>,App<F,T9#6>,App<F,T10#5>,App<F,T11#4>,App<F,T12#3>,App<F,T13#2>,App<F,T14#1>)
      T8#7 extends Object declared in method <T1#14,T2#13,T3#12,T4#11,T5#10,T6#9,T7#8,T8#7,T9#6,T10#5,T11#4,T12#3,T13#2,T14#1>group(App<F,T1#14>,App<F,T2#13>,App<F,T3#12>,App<F,T4#11>,App<F,T5#10>,App<F,T6#9>,App<F,T7#8>,App<F,T8#7>,App<F,T9#6>,App<F,T10#5>,App<F,T11#4>,App<F,T12#3>,App<F,T13#2>,App<F,T14#1>)
      T9#6 extends Object declared in method <T1#14,T2#13,T3#12,T4#11,T5#10,T6#9,T7#8,T8#7,T9#6,T10#5,T11#4,T12#3,T13#2,T14#1>group(App<F,T1#14>,App<F,T2#13>,App<F,T3#12>,App<F,T4#11>,App<F,T5#10>,App<F,T6#9>,App<F,T7#8>,App<F,T8#7>,App<F,T9#6>,App<F,T10#5>,App<F,T11#4>,App<F,T12#3>,App<F,T13#2>,App<F,T14#1>)
      T10#5 extends Object declared in method <T1#14,T2#13,T3#12,T4#11,T5#10,T6#9,T7#8,T8#7,T9#6,T10#5,T11#4,T12#3,T13#2,T14#1>group(App<F,T1#14>,App<F,T2#13>,App<F,T3#12>,App<F,T4#11>,App<F,T5#10>,App<F,T6#9>,App<F,T7#8>,App<F,T8#7>,App<F,T9#6>,App<F,T10#5>,App<F,T11#4>,App<F,T12#3>,App<F,T13#2>,App<F,T14#1>)
      T11#4 extends Object declared in method <T1#14,T2#13,T3#12,T4#11,T5#10,T6#9,T7#8,T8#7,T9#6,T10#5,T11#4,T12#3,T13#2,T14#1>group(App<F,T1#14>,App<F,T2#13>,App<F,T3#12>,App<F,T4#11>,App<F,T5#10>,App<F,T6#9>,App<F,T7#8>,App<F,T8#7>,App<F,T9#6>,App<F,T10#5>,App<F,T11#4>,App<F,T12#3>,App<F,T13#2>,App<F,T14#1>)
      T12#3 extends Object declared in method <T1#14,T2#13,T3#12,T4#11,T5#10,T6#9,T7#8,T8#7,T9#6,T10#5,T11#4,T12#3,T13#2,T14#1>group(App<F,T1#14>,App<F,T2#13>,App<F,T3#12>,App<F,T4#11>,App<F,T5#10>,App<F,T6#9>,App<F,T7#8>,App<F,T8#7>,App<F,T9#6>,App<F,T10#5>,App<F,T11#4>,App<F,T12#3>,App<F,T13#2>,App<F,T14#1>)
      T13#2 extends Object declared in method <T1#14,T2#13,T3#12,T4#11,T5#10,T6#9,T7#8,T8#7,T9#6,T10#5,T11#4,T12#3,T13#2,T14#1>group(App<F,T1#14>,App<F,T2#13>,App<F,T3#12>,App<F,T4#11>,App<F,T5#10>,App<F,T6#9>,App<F,T7#8>,App<F,T8#7>,App<F,T9#6>,App<F,T10#5>,App<F,T11#4>,App<F,T12#3>,App<F,T13#2>,App<F,T14#1>)
      T14#1 extends Object declared in method <T1#14,T2#13,T3#12,T4#11,T5#10,T6#9,T7#8,T8#7,T9#6,T10#5,T11#4,T12#3,T13#2,T14#1>group(App<F,T1#14>,App<F,T2#13>,App<F,T3#12>,App<F,T4#11>,App<F,T5#10>,App<F,T6#9>,App<F,T7#8>,App<F,T8#7>,App<F,T9#6>,App<F,T10#5>,App<F,T11#4>,App<F,T12#3>,App<F,T13#2>,App<F,T14#1>)
      T1#15 extends Object declared in method <T1#15,T2#14,T3#13,T4#12,T5#11,T6#10,T7#9,T8#8,T9#7,T10#6,T11#5,T12#4,T13#3,T14#2,T15#1>group(App<F,T1#15>,App<F,T2#14>,App<F,T3#13>,App<F,T4#12>,App<F,T5#11>,App<F,T6#10>,App<F,T7#9>,App<F,T8#8>,App<F,T9#7>,App<F,T10#6>,App<F,T11#5>,App<F,T12#4>,App<F,T13#3>,App<F,T14#2>,App<F,T15#1>)
      T2#14 extends Object declared in method <T1#15,T2#14,T3#13,T4#12,T5#11,T6#10,T7#9,T8#8,T9#7,T10#6,T11#5,T12#4,T13#3,T14#2,T15#1>group(App<F,T1#15>,App<F,T2#14>,App<F,T3#13>,App<F,T4#12>,App<F,T5#11>,App<F,T6#10>,App<F,T7#9>,App<F,T8#8>,App<F,T9#7>,App<F,T10#6>,App<F,T11#5>,App<F,T12#4>,App<F,T13#3>,App<F,T14#2>,App<F,T15#1>)
      T3#13 extends Object declared in method <T1#15,T2#14,T3#13,T4#12,T5#11,T6#10,T7#9,T8#8,T9#7,T10#6,T11#5,T12#4,T13#3,T14#2,T15#1>group(App<F,T1#15>,App<F,T2#14>,App<F,T3#13>,App<F,T4#12>,App<F,T5#11>,App<F,T6#10>,App<F,T7#9>,App<F,T8#8>,App<F,T9#7>,App<F,T10#6>,App<F,T11#5>,App<F,T12#4>,App<F,T13#3>,App<F,T14#2>,App<F,T15#1>)
      T4#12 extends Object declared in method <T1#15,T2#14,T3#13,T4#12,T5#11,T6#10,T7#9,T8#8,T9#7,T10#6,T11#5,T12#4,T13#3,T14#2,T15#1>group(App<F,T1#15>,App<F,T2#14>,App<F,T3#13>,App<F,T4#12>,App<F,T5#11>,App<F,T6#10>,App<F,T7#9>,App<F,T8#8>,App<F,T9#7>,App<F,T10#6>,App<F,T11#5>,App<F,T12#4>,App<F,T13#3>,App<F,T14#2>,App<F,T15#1>)
      T5#11 extends Object declared in method <T1#15,T2#14,T3#13,T4#12,T5#11,T6#10,T7#9,T8#8,T9#7,T10#6,T11#5,T12#4,T13#3,T14#2,T15#1>group(App<F,T1#15>,App<F,T2#14>,App<F,T3#13>,App<F,T4#12>,App<F,T5#11>,App<F,T6#10>,App<F,T7#9>,App<F,T8#8>,App<F,T9#7>,App<F,T10#6>,App<F,T11#5>,App<F,T12#4>,App<F,T13#3>,App<F,T14#2>,App<F,T15#1>)
      T6#10 extends Object declared in method <T1#15,T2#14,T3#13,T4#12,T5#11,T6#10,T7#9,T8#8,T9#7,T10#6,T11#5,T12#4,T13#3,T14#2,T15#1>group(App<F,T1#15>,App<F,T2#14>,App<F,T3#13>,App<F,T4#12>,App<F,T5#11>,App<F,T6#10>,App<F,T7#9>,App<F,T8#8>,App<F,T9#7>,App<F,T10#6>,App<F,T11#5>,App<F,T12#4>,App<F,T13#3>,App<F,T14#2>,App<F,T15#1>)
      T7#9 extends Object declared in method <T1#15,T2#14,T3#13,T4#12,T5#11,T6#10,T7#9,T8#8,T9#7,T10#6,T11#5,T12#4,T13#3,T14#2,T15#1>group(App<F,T1#15>,App<F,T2#14>,App<F,T3#13>,App<F,T4#12>,App<F,T5#11>,App<F,T6#10>,App<F,T7#9>,App<F,T8#8>,App<F,T9#7>,App<F,T10#6>,App<F,T11#5>,App<F,T12#4>,App<F,T13#3>,App<F,T14#2>,App<F,T15#1>)
      T8#8 extends Object declared in method <T1#15,T2#14,T3#13,T4#12,T5#11,T6#10,T7#9,T8#8,T9#7,T10#6,T11#5,T12#4,T13#3,T14#2,T15#1>group(App<F,T1#15>,App<F,T2#14>,App<F,T3#13>,App<F,T4#12>,App<F,T5#11>,App<F,T6#10>,App<F,T7#9>,App<F,T8#8>,App<F,T9#7>,App<F,T10#6>,App<F,T11#5>,App<F,T12#4>,App<F,T13#3>,App<F,T14#2>,App<F,T15#1>)
      T9#7 extends Object declared in method <T1#15,T2#14,T3#13,T4#12,T5#11,T6#10,T7#9,T8#8,T9#7,T10#6,T11#5,T12#4,T13#3,T14#2,T15#1>group(App<F,T1#15>,App<F,T2#14>,App<F,T3#13>,App<F,T4#12>,App<F,T5#11>,App<F,T6#10>,App<F,T7#9>,App<F,T8#8>,App<F,T9#7>,App<F,T10#6>,App<F,T11#5>,App<F,T12#4>,App<F,T13#3>,App<F,T14#2>,App<F,T15#1>)
      T10#6 extends Object declared in method <T1#15,T2#14,T3#13,T4#12,T5#11,T6#10,T7#9,T8#8,T9#7,T10#6,T11#5,T12#4,T13#3,T14#2,T15#1>group(App<F,T1#15>,App<F,T2#14>,App<F,T3#13>,App<F,T4#12>,App<F,T5#11>,App<F,T6#10>,App<F,T7#9>,App<F,T8#8>,App<F,T9#7>,App<F,T10#6>,App<F,T11#5>,App<F,T12#4>,App<F,T13#3>,App<F,T14#2>,App<F,T15#1>)
      T11#5 extends Object declared in method <T1#15,T2#14,T3#13,T4#12,T5#11,T6#10,T7#9,T8#8,T9#7,T10#6,T11#5,T12#4,T13#3,T14#2,T15#1>group(App<F,T1#15>,App<F,T2#14>,App<F,T3#13>,App<F,T4#12>,App<F,T5#11>,App<F,T6#10>,App<F,T7#9>,App<F,T8#8>,App<F,T9#7>,App<F,T10#6>,App<F,T11#5>,App<F,T12#4>,App<F,T13#3>,App<F,T14#2>,App<F,T15#1>)
      T12#4 extends Object declared in method <T1#15,T2#14,T3#13,T4#12,T5#11,T6#10,T7#9,T8#8,T9#7,T10#6,T11#5,T12#4,T13#3,T14#2,T15#1>group(App<F,T1#15>,App<F,T2#14>,App<F,T3#13>,App<F,T4#12>,App<F,T5#11>,App<F,T6#10>,App<F,T7#9>,App<F,T8#8>,App<F,T9#7>,App<F,T10#6>,App<F,T11#5>,App<F,T12#4>,App<F,T13#3>,App<F,T14#2>,App<F,T15#1>)
      T13#3 extends Object declared in method <T1#15,T2#14,T3#13,T4#12,T5#11,T6#10,T7#9,T8#8,T9#7,T10#6,T11#5,T12#4,T13#3,T14#2,T15#1>group(App<F,T1#15>,App<F,T2#14>,App<F,T3#13>,App<F,T4#12>,App<F,T5#11>,App<F,T6#10>,App<F,T7#9>,App<F,T8#8>,App<F,T9#7>,App<F,T10#6>,App<F,T11#5>,App<F,T12#4>,App<F,T13#3>,App<F,T14#2>,App<F,T15#1>)
      T14#2 extends Object declared in method <T1#15,T2#14,T3#13,T4#12,T5#11,T6#10,T7#9,T8#8,T9#7,T10#6,T11#5,T12#4,T13#3,T14#2,T15#1>group(App<F,T1#15>,App<F,T2#14>,App<F,T3#13>,App<F,T4#12>,App<F,T5#11>,App<F,T6#10>,App<F,T7#9>,App<F,T8#8>,App<F,T9#7>,App<F,T10#6>,App<F,T11#5>,App<F,T12#4>,App<F,T13#3>,App<F,T14#2>,App<F,T15#1>)
      T15#1 extends Object declared in method <T1#15,T2#14,T3#13,T4#12,T5#11,T6#10,T7#9,T8#8,T9#7,T10#6,T11#5,T12#4,T13#3,T14#2,T15#1>group(App<F,T1#15>,App<F,T2#14>,App<F,T3#13>,App<F,T4#12>,App<F,T5#11>,App<F,T6#10>,App<F,T7#9>,App<F,T8#8>,App<F,T9#7>,App<F,T10#6>,App<F,T11#5>,App<F,T12#4>,App<F,T13#3>,App<F,T14#2>,App<F,T15#1>)
      T1#16 extends Object declared in method <T1#16,T2#15,T3#14,T4#13,T5#12,T6#11,T7#10,T8#9,T9#8,T10#7,T11#6,T12#5,T13#4,T14#3,T15#2,T16>group(App<F,T1#16>,App<F,T2#15>,App<F,T3#14>,App<F,T4#13>,App<F,T5#12>,App<F,T6#11>,App<F,T7#10>,App<F,T8#9>,App<F,T9#8>,App<F,T10#7>,App<F,T11#6>,App<F,T12#5>,App<F,T13#4>,App<F,T14#3>,App<F,T15#2>,App<F,T16>)
      T2#15 extends Object declared in method <T1#16,T2#15,T3#14,T4#13,T5#12,T6#11,T7#10,T8#9,T9#8,T10#7,T11#6,T12#5,T13#4,T14#3,T15#2,T16>group(App<F,T1#16>,App<F,T2#15>,App<F,T3#14>,App<F,T4#13>,App<F,T5#12>,App<F,T6#11>,App<F,T7#10>,App<F,T8#9>,App<F,T9#8>,App<F,T10#7>,App<F,T11#6>,App<F,T12#5>,App<F,T13#4>,App<F,T14#3>,App<F,T15#2>,App<F,T16>)
      T3#14 extends Object declared in method <T1#16,T2#15,T3#14,T4#13,T5#12,T6#11,T7#10,T8#9,T9#8,T10#7,T11#6,T12#5,T13#4,T14#3,T15#2,T16>group(App<F,T1#16>,App<F,T2#15>,App<F,T3#14>,App<F,T4#13>,App<F,T5#12>,App<F,T6#11>,App<F,T7#10>,App<F,T8#9>,App<F,T9#8>,App<F,T10#7>,App<F,T11#6>,App<F,T12#5>,App<F,T13#4>,App<F,T14#3>,App<F,T15#2>,App<F,T16>)
      T4#13 extends Object declared in method <T1#16,T2#15,T3#14,T4#13,T5#12,T6#11,T7#10,T8#9,T9#8,T10#7,T11#6,T12#5,T13#4,T14#3,T15#2,T16>group(App<F,T1#16>,App<F,T2#15>,App<F,T3#14>,App<F,T4#13>,App<F,T5#12>,App<F,T6#11>,App<F,T7#10>,App<F,T8#9>,App<F,T9#8>,App<F,T10#7>,App<F,T11#6>,App<F,T12#5>,App<F,T13#4>,App<F,T14#3>,App<F,T15#2>,App<F,T16>)
      T5#12 extends Object declared in method <T1#16,T2#15,T3#14,T4#13,T5#12,T6#11,T7#10,T8#9,T9#8,T10#7,T11#6,T12#5,T13#4,T14#3,T15#2,T16>group(App<F,T1#16>,App<F,T2#15>,App<F,T3#14>,App<F,T4#13>,App<F,T5#12>,App<F,T6#11>,App<F,T7#10>,App<F,T8#9>,App<F,T9#8>,App<F,T10#7>,App<F,T11#6>,App<F,T12#5>,App<F,T13#4>,App<F,T14#3>,App<F,T15#2>,App<F,T16>)
      T6#11 extends Object declared in method <T1#16,T2#15,T3#14,T4#13,T5#12,T6#11,T7#10,T8#9,T9#8,T10#7,T11#6,T12#5,T13#4,T14#3,T15#2,T16>group(App<F,T1#16>,App<F,T2#15>,App<F,T3#14>,App<F,T4#13>,App<F,T5#12>,App<F,T6#11>,App<F,T7#10>,App<F,T8#9>,App<F,T9#8>,App<F,T10#7>,App<F,T11#6>,App<F,T12#5>,App<F,T13#4>,App<F,T14#3>,App<F,T15#2>,App<F,T16>)
      T7#10 extends Object declared in method <T1#16,T2#15,T3#14,T4#13,T5#12,T6#11,T7#10,T8#9,T9#8,T10#7,T11#6,T12#5,T13#4,T14#3,T15#2,T16>group(App<F,T1#16>,App<F,T2#15>,App<F,T3#14>,App<F,T4#13>,App<F,T5#12>,App<F,T6#11>,App<F,T7#10>,App<F,T8#9>,App<F,T9#8>,App<F,T10#7>,App<F,T11#6>,App<F,T12#5>,App<F,T13#4>,App<F,T14#3>,App<F,T15#2>,App<F,T16>)
      T8#9 extends Object declared in method <T1#16,T2#15,T3#14,T4#13,T5#12,T6#11,T7#10,T8#9,T9#8,T10#7,T11#6,T12#5,T13#4,T14#3,T15#2,T16>group(App<F,T1#16>,App<F,T2#15>,App<F,T3#14>,App<F,T4#13>,App<F,T5#12>,App<F,T6#11>,App<F,T7#10>,App<F,T8#9>,App<F,T9#8>,App<F,T10#7>,App<F,T11#6>,App<F,T12#5>,App<F,T13#4>,App<F,T14#3>,App<F,T15#2>,App<F,T16>)
      T9#8 extends Object declared in method <T1#16,T2#15,T3#14,T4#13,T5#12,T6#11,T7#10,T8#9,T9#8,T10#7,T11#6,T12#5,T13#4,T14#3,T15#2,T16>group(App<F,T1#16>,App<F,T2#15>,App<F,T3#14>,App<F,T4#13>,App<F,T5#12>,App<F,T6#11>,App<F,T7#10>,App<F,T8#9>,App<F,T9#8>,App<F,T10#7>,App<F,T11#6>,App<F,T12#5>,App<F,T13#4>,App<F,T14#3>,App<F,T15#2>,App<F,T16>)
      T10#7 extends Object declared in method <T1#16,T2#15,T3#14,T4#13,T5#12,T6#11,T7#10,T8#9,T9#8,T10#7,T11#6,T12#5,T13#4,T14#3,T15#2,T16>group(App<F,T1#16>,App<F,T2#15>,App<F,T3#14>,App<F,T4#13>,App<F,T5#12>,App<F,T6#11>,App<F,T7#10>,App<F,T8#9>,App<F,T9#8>,App<F,T10#7>,App<F,T11#6>,App<F,T12#5>,App<F,T13#4>,App<F,T14#3>,App<F,T15#2>,App<F,T16>)
      T11#6 extends Object declared in method <T1#16,T2#15,T3#14,T4#13,T5#12,T6#11,T7#10,T8#9,T9#8,T10#7,T11#6,T12#5,T13#4,T14#3,T15#2,T16>group(App<F,T1#16>,App<F,T2#15>,App<F,T3#14>,App<F,T4#13>,App<F,T5#12>,App<F,T6#11>,App<F,T7#10>,App<F,T8#9>,App<F,T9#8>,App<F,T10#7>,App<F,T11#6>,App<F,T12#5>,App<F,T13#4>,App<F,T14#3>,App<F,T15#2>,App<F,T16>)
      T12#5 extends Object declared in method <T1#16,T2#15,T3#14,T4#13,T5#12,T6#11,T7#10,T8#9,T9#8,T10#7,T11#6,T12#5,T13#4,T14#3,T15#2,T16>group(App<F,T1#16>,App<F,T2#15>,App<F,T3#14>,App<F,T4#13>,App<F,T5#12>,App<F,T6#11>,App<F,T7#10>,App<F,T8#9>,App<F,T9#8>,App<F,T10#7>,App<F,T11#6>,App<F,T12#5>,App<F,T13#4>,App<F,T14#3>,App<F,T15#2>,App<F,T16>)
      T13#4 extends Object declared in method <T1#16,T2#15,T3#14,T4#13,T5#12,T6#11,T7#10,T8#9,T9#8,T10#7,T11#6,T12#5,T13#4,T14#3,T15#2,T16>group(App<F,T1#16>,App<F,T2#15>,App<F,T3#14>,App<F,T4#13>,App<F,T5#12>,App<F,T6#11>,App<F,T7#10>,App<F,T8#9>,App<F,T9#8>,App<F,T10#7>,App<F,T11#6>,App<F,T12#5>,App<F,T13#4>,App<F,T14#3>,App<F,T15#2>,App<F,T16>)
      T14#3 extends Object declared in method <T1#16,T2#15,T3#14,T4#13,T5#12,T6#11,T7#10,T8#9,T9#8,T10#7,T11#6,T12#5,T13#4,T14#3,T15#2,T16>group(App<F,T1#16>,App<F,T2#15>,App<F,T3#14>,App<F,T4#13>,App<F,T5#12>,App<F,T6#11>,App<F,T7#10>,App<F,T8#9>,App<F,T9#8>,App<F,T10#7>,App<F,T11#6>,App<F,T12#5>,App<F,T13#4>,App<F,T14#3>,App<F,T15#2>,App<F,T16>)
      T15#2 extends Object declared in method <T1#16,T2#15,T3#14,T4#13,T5#12,T6#11,T7#10,T8#9,T9#8,T10#7,T11#6,T12#5,T13#4,T14#3,T15#2,T16>group(App<F,T1#16>,App<F,T2#15>,App<F,T3#14>,App<F,T4#13>,App<F,T5#12>,App<F,T6#11>,App<F,T7#10>,App<F,T8#9>,App<F,T9#8>,App<F,T10#7>,App<F,T11#6>,App<F,T12#5>,App<F,T13#4>,App<F,T14#3>,App<F,T15#2>,App<F,T16>)
      T16 extends Object declared in method <T1#16,T2#15,T3#14,T4#13,T5#12,T6#11,T7#10,T8#9,T9#8,T10#7,T11#6,T12#5,T13#4,T14#3,T15#2,T16>group(App<F,T1#16>,App<F,T2#15>,App<F,T3#14>,App<F,T4#13>,App<F,T5#12>,App<F,T6#11>,App<F,T7#10>,App<F,T8#9>,App<F,T9#8>,App<F,T10#7>,App<F,T11#6>,App<F,T12#5>,App<F,T13#4>,App<F,T14#3>,App<F,T15#2>,App<F,T16>)
  /home/runner/work/mcJava/mcJava/android/app/src/main/java/net/minecraft/world/level/levelgen/presets/WorldPreset.java:20: error: no suitable method found for group(RecordCodecBuilder<WorldPreset,Map<ResourceKey<LevelStem>,LevelStem>>)
           i -> i.group(Codec.unboundedMap(ResourceKey.codec(Registries.LEVEL_STEM), LevelStem.CODEC).fieldOf("dimensions").forGetter((WorldPreset e) -> e.dimensions()))
                 ^
      method Kind1.<T1#1>group(App<Mu<Object>,T1#1>) is not applicable
        (inference variable O has incompatible equality constraints WorldPreset,Object)
      method Kind1.<T1#2,T2#1>group(App<Mu<Object>,T1#2>,App<Mu<Object>,T2#1>) is not applicable
        (cannot infer type-variable(s) T1#2,T2#1
          (actual and formal argument lists differ in length))
      method Kind1.<T1#3,T2#2,T3#1>group(App<Mu<Object>,T1#3>,App<Mu<Object>,T2#2>,App<Mu<Object>,T3#1>) is not applicable
        (cannot infer type-variable(s) T1#3,T2#2,T3#1
          (actual and formal argument lists differ in length))
      method Kind1.<T1#4,T2#3,T3#2,T4#1>group(App<Mu<Object>,T1#4>,App<Mu<Object>,T2#3>,App<Mu<Object>,T3#2>,App<Mu<Object>,T4#1>) is not applicable
        (cannot infer type-variable(s) T1#4,T2#3,T3#2,T4#1
          (actual and formal argument lists differ in length))
      method Kind1.<T1#5,T2#4,T3#3,T4#2,T5#1>group(App<Mu<Object>,T1#5>,App<Mu<Object>,T2#4>,App<Mu<Object>,T3#3>,App<Mu<Object>,T4#2>,App<Mu<Object>,T5#1>) is not applicable
        (cannot infer type-variable(s) T1#5,T2#4,T3#3,T4#2,T5#1
          (actual and formal argument lists differ in length))
      method Kind1.<T1#6,T2#5,T3#4,T4#3,T5#2,T6#1>group(App<Mu<Object>,T1#6>,App<Mu<Object>,T2#5>,App<Mu<Object>,T3#4>,App<Mu<Object>,T4#3>,App<Mu<Object>,T5#2>,App<Mu<Object>,T6#1>) is not applicable
        (cannot infer type-variable(s) T1#6,T2#5,T3#4,T4#3,T5#2,T6#1
          (actual and formal argument lists differ in length))
      method Kind1.<T1#7,T2#6,T3#5,T4#4,T5#3,T6#2,T7#1>group(App<Mu<Object>,T1#7>,App<Mu<Object>,T2#6>,App<Mu<Object>,T3#5>,App<Mu<Object>,T4#4>,App<Mu<Object>,T5#3>,App<Mu<Object>,T6#2>,App<Mu<Object>,T7#1>) is not applicable
        (cannot infer type-variable(s) T1#7,T2#6,T3#5,T4#4,T5#3,T6#2,T7#1
          (actual and formal argument lists differ in length))
      method Kind1.<T1#8,T2#7,T3#6,T4#5,T5#4,T6#3,T7#2,T8#1>group(App<Mu<Object>,T1#8>,App<Mu<Object>,T2#7>,App<Mu<Object>,T3#6>,App<Mu<Object>,T4#5>,App<Mu<Object>,T5#4>,App<Mu<Object>,T6#3>,App<Mu<Object>,T7#2>,App<Mu<Object>,T8#1>) is not applicable
        (cannot infer type-variable(s) T1#8,T2#7,T3#6,T4#5,T5#4,T6#3,T7#2,T8#1
          (actual and formal argument lists differ in length))
      method Kind1.<T1#9,T2#8,T3#7,T4#6,T5#5,T6#4,T7#3,T8#2,T9#1>group(App<Mu<Object>,T1#9>,App<Mu<Object>,T2#8>,App<Mu<Object>,T3#7>,App<Mu<Object>,T4#6>,App<Mu<Object>,T5#5>,App<Mu<Object>,T6#4>,App<Mu<Object>,T7#3>,App<Mu<Object>,T8#2>,App<Mu<Object>,T9#1>) is not applicable
        (cannot infer type-variable(s) T1#9,T2#8,T3#7,T4#6,T5#5,T6#4,T7#3,T8#2,T9#1
          (actual and formal argument lists differ in length))
      method Kind1.<T1#10,T2#9,T3#8,T4#7,T5#6,T6#5,T7#4,T8#3,T9#2,T10#1>group(App<Mu<Object>,T1#10>,App<Mu<Object>,T2#9>,App<Mu<Object>,T3#8>,App<Mu<Object>,T4#7>,App<Mu<Object>,T5#6>,App<Mu<Object>,T6#5>,App<Mu<Object>,T7#4>,App<Mu<Object>,T8#3>,App<Mu<Object>,T9#2>,App<Mu<Object>,T10#1>) is not applicable
        (cannot infer type-variable(s) T1#10,T2#9,T3#8,T4#7,T5#6,T6#5,T7#4,T8#3,T9#2,T10#1
          (actual and formal argument lists differ in length))
      method Kind1.<T1#11,T2#10,T3#9,T4#8,T5#7,T6#6,T7#5,T8#4,T9#3,T10#2,T11#1>group(App<Mu<Object>,T1#11>,App<Mu<Object>,T2#10>,App<Mu<Object>,T3#9>,App<Mu<Object>,T4#8>,App<Mu<Object>,T5#7>,App<Mu<Object>,T6#6>,App<Mu<Object>,T7#5>,App<Mu<Object>,T8#4>,App<Mu<Object>,T9#3>,App<Mu<Object>,T10#2>,App<Mu<Object>,T11#1>) is not applicable
        (cannot infer type-variable(s) T1#11,T2#10,T3#9,T4#8,T5#7,T6#6,T7#5,T8#4,T9#3,T10#2,T11#1
          (actual and formal argument lists differ in length))
      method Kind1.<T1#12,T2#11,T3#10,T4#9,T5#8,T6#7,T7#6,T8#5,T9#4,T10#3,T11#2,T12#1>group(App<Mu<Object>,T1#12>,App<Mu<Object>,T2#11>,App<Mu<Object>,T3#10>,App<Mu<Object>,T4#9>,App<Mu<Object>,T5#8>,App<Mu<Object>,T6#7>,App<Mu<Object>,T7#6>,App<Mu<Object>,T8#5>,App<Mu<Object>,T9#4>,App<Mu<Object>,T10#3>,App<Mu<Object>,T11#2>,App<Mu<Object>,T12#1>) is not applicable
        (cannot infer type-variable(s) T1#12,T2#11,T3#10,T4#9,T5#8,T6#7,T7#6,T8#5,T9#4,T10#3,T11#2,T12#1
          (actual and formal argument lists differ in length))
      method Kind1.<T1#13,T2#12,T3#11,T4#10,T5#9,T6#8,T7#7,T8#6,T9#5,T10#4,T11#3,T12#2,T13#1>group(App<Mu<Object>,T1#13>,App<Mu<Object>,T2#12>,App<Mu<Object>,T3#11>,App<Mu<Object>,T4#10>,App<Mu<Object>,T5#9>,App<Mu<Object>,T6#8>,App<Mu<Object>,T7#7>,App<Mu<Object>,T8#6>,App<Mu<Object>,T9#5>,App<Mu<Object>,T10#4>,App<Mu<Object>,T11#3>,App<Mu<Object>,T12#2>,App<Mu<Object>,T13#1>) is not applicable
        (cannot infer type-variable(s) T1#13,T2#12,T3#11,T4#10,T5#9,T6#8,T7#7,T8#6,T9#5,T10#4,T11#3,T12#2,T13#1
          (actual and formal argument lists differ in length))
      method Kind1.<T1#14,T2#13,T3#12,T4#11,T5#10,T6#9,T7#8,T8#7,T9#6,T10#5,T11#4,T12#3,T13#2,T14#1>group(App<Mu<Object>,T1#14>,App<Mu<Object>,T2#13>,App<Mu<Object>,T3#12>,App<Mu<Object>,T4#11>,App<Mu<Object>,T5#10>,App<Mu<Object>,T6#9>,App<Mu<Object>,T7#8>,App<Mu<Object>,T8#7>,App<Mu<Object>,T9#6>,App<Mu<Object>,T10#5>,App<Mu<Object>,T11#4>,App<Mu<Object>,T12#3>,App<Mu<Object>,T13#2>,App<Mu<Object>,T14#1>) is not applicable
        (cannot infer type-variable(s) T1#14,T2#13,T3#12,T4#11,T5#10,T6#9,T7#8,T8#7,T9#6,T10#5,T11#4,T12#3,T13#2,T14#1
          (actual and formal argument lists differ in length))
      method Kind1.<T1#15,T2#14,T3#13,T4#12,T5#11,T6#10,T7#9,T8#8,T9#7,T10#6,T11#5,T12#4,T13#3,T14#2,T15#1>group(App<Mu<Object>,T1#15>,App<Mu<Object>,T2#14>,App<Mu<Object>,T3#13>,App<Mu<Object>,T4#12>,App<Mu<Object>,T5#11>,App<Mu<Object>,T6#10>,App<Mu<Object>,T7#9>,App<Mu<Object>,T8#8>,App<Mu<Object>,T9#7>,App<Mu<Object>,T10#6>,App<Mu<Object>,T11#5>,App<Mu<Object>,T12#4>,App<Mu<Object>,T13#3>,App<Mu<Object>,T14#2>,App<Mu<Object>,T15#1>) is not applicable
        (cannot infer type-variable(s) T1#15,T2#14,T3#13,T4#12,T5#11,T6#10,T7#9,T8#8,T9#7,T10#6,T11#5,T12#4,T13#3,T14#2,T15#1
          (actual and formal argument lists differ in length))
      method Kind1.<T1#16,T2#15,T3#14,T4#13,T5#12,T6#11,T7#10,T8#9,T9#8,T10#7,T11#6,T12#5,T13#4,T14#3,T15#2,T16>group(App<Mu<Object>,T1#16>,App<Mu<Object>,T2#15>,App<Mu<Object>,T3#14>,App<Mu<Object>,T4#13>,App<Mu<Object>,T5#12>,App<Mu<Object>,T6#11>,App<Mu<Object>,T7#10>,App<Mu<Object>,T8#9>,App<Mu<Object>,T9#8>,App<Mu<Object>,T10#7>,App<Mu<Object>,T11#6>,App<Mu<Object>,T12#5>,App<Mu<Object>,T13#4>,App<Mu<Object>,T14#3>,App<Mu<Object>,T15#2>,App<Mu<Object>,T16>) is not applicable
        (cannot infer type-variable(s) T1#16,T2#15,T3#14,T4#13,T5#12,T6#11,T7#10,T8#9,T9#8,T10#7,T11#6,T12#5,T13#4,T14#3,T15#2,T16
          (actual and formal argument lists differ in length))
    where T1#1,F,O,A,T1#2,T2#1,T1#3,T2#2,T3#1,T1#4,T2#3,T3#2,T4#1,T1#5,T2#4,T3#3,T4#2,T5#1,T1#6,T2#5,T3#4,T4#3,T5#2,T6#1,T1#7,T2#6,T3#5,T4#4,T5#3,T6#2,T7#1,T1#8,T2#7,T3#6,T4#5,T5#4,T6#3,T7#2,T8#1,T1#9,T2#8,T3#7,T4#6,T5#5,T6#4,T7#3,T8#2,T9#1,T1#10,T2#9,T3#8,T4#7,T5#6,T6#5,T7#4,T8#3,T9#2,T10#1,T1#11,T2#10,T3#9,T4#8,T5#7,T6#6,T7#5,T8#4,T9#3,T10#2,T11#1,T1#12,T2#11,T3#10,T4#9,T5#8,T6#7,T7#6,T8#5,T9#4,T10#3,T11#2,T12#1,T1#13,T2#12,T3#11,T4#10,T5#9,T6#8,T7#7,T8#6,T9#5,T10#4,T11#3,T12#2,T13#1,T1#14,T2#13,T3#12,T4#11,T5#10,T6#9,T7#8,T8#7,T9#6,T10#5,T11#4,T12#3,T13#2,T14#1,T1#15,T2#14,T3#13,T4#12,T5#11,T6#10,T7#9,T8#8,T9#7,T10#6,T11#5,T12#4,T13#3,T14#2,T15#1,T1#16,T2#15,T3#14,T4#13,T5#12,T6#11,T7#10,T8#9,T9#8,T10#7,T11#6,T12#5,T13#4,T14#3,T15#2,T16 are type-variables:
      T1#1 extends Object declared in method <T1#1>group(App<F,T1#1>)
      F extends K1 declared in interface Kind1
      O extends Object declared in method <O>forGetter(Function<O,A>)
      A extends Object declared in class MapCodec
      T1#2 extends Object declared in method <T1#2,T2#1>group(App<F,T1#2>,App<F,T2#1>)
      T2#1 extends Object declared in method <T1#2,T2#1>group(App<F,T1#2>,App<F,T2#1>)
      T1#3 extends Object declared in method <T1#3,T2#2,T3#1>group(App<F,T1#3>,App<F,T2#2>,App<F,T3#1>)
      T2#2 extends Object declared in method <T1#3,T2#2,T3#1>group(App<F,T1#3>,App<F,T2#2>,App<F,T3#1>)
      T3#1 extends Object declared in method <T1#3,T2#2,T3#1>group(App<F,T1#3>,App<F,T2#2>,App<F,T3#1>)
      T1#4 extends Object declared in method <T1#4,T2#3,T3#2,T4#1>group(App<F,T1#4>,App<F,T2#3>,App<F,T3#2>,App<F,T4#1>)
      T2#3 extends Object declared in method <T1#4,T2#3,T3#2,T4#1>group(App<F,T1#4>,App<F,T2#3>,App<F,T3#2>,App<F,T4#1>)
      T3#2 extends Object declared in method <T1#4,T2#3,T3#2,T4#1>group(App<F,T1#4>,App<F,T2#3>,App<F,T3#2>,App<F,T4#1>)
      T4#1 extends Object declared in method <T1#4,T2#3,T3#2,T4#1>group(App<F,T1#4>,App<F,T2#3>,App<F,T3#2>,App<F,T4#1>)
      T1#5 extends Object declared in method <T1#5,T2#4,T3#3,T4#2,T5#1>group(App<F,T1#5>,App<F,T2#4>,App<F,T3#3>,App<F,T4#2>,App<F,T5#1>)
      T2#4 extends Object declared in method <T1#5,T2#4,T3#3,T4#2,T5#1>group(App<F,T1#5>,App<F,T2#4>,App<F,T3#3>,App<F,T4#2>,App<F,T5#1>)
      T3#3 extends Object declared in method <T1#5,T2#4,T3#3,T4#2,T5#1>group(App<F,T1#5>,App<F,T2#4>,App<F,T3#3>,App<F,T4#2>,App<F,T5#1>)
      T4#2 extends Object declared in method <T1#5,T2#4,T3#3,T4#2,T5#1>group(App<F,T1#5>,App<F,T2#4>,App<F,T3#3>,App<F,T4#2>,App<F,T5#1>)
      T5#1 extends Object declared in method <T1#5,T2#4,T3#3,T4#2,T5#1>group(App<F,T1#5>,App<F,T2#4>,App<F,T3#3>,App<F,T4#2>,App<F,T5#1>)
      T1#6 extends Object declared in method <T1#6,T2#5,T3#4,T4#3,T5#2,T6#1>group(App<F,T1#6>,App<F,T2#5>,App<F,T3#4>,App<F,T4#3>,App<F,T5#2>,App<F,T6#1>)
      T2#5 extends Object declared in method <T1#6,T2#5,T3#4,T4#3,T5#2,T6#1>group(App<F,T1#6>,App<F,T2#5>,App<F,T3#4>,App<F,T4#3>,App<F,T5#2>,App<F,T6#1>)
      T3#4 extends Object declared in method <T1#6,T2#5,T3#4,T4#3,T5#2,T6#1>group(App<F,T1#6>,App<F,T2#5>,App<F,T3#4>,App<F,T4#3>,App<F,T5#2>,App<F,T6#1>)
      T4#3 extends Object declared in method <T1#6,T2#5,T3#4,T4#3,T5#2,T6#1>group(App<F,T1#6>,App<F,T2#5>,App<F,T3#4>,App<F,T4#3>,App<F,T5#2>,App<F,T6#1>)
      T5#2 extends Object declared in method <T1#6,T2#5,T3#4,T4#3,T5#2,T6#1>group(App<F,T1#6>,App<F,T2#5>,App<F,T3#4>,App<F,T4#3>,App<F,T5#2>,App<F,T6#1>)
      T6#1 extends Object declared in method <T1#6,T2#5,T3#4,T4#3,T5#2,T6#1>group(App<F,T1#6>,App<F,T2#5>,App<F,T3#4>,App<F,T4#3>,App<F,T5#2>,App<F,T6#1>)
      T1#7 extends Object declared in method <T1#7,T2#6,T3#5,T4#4,T5#3,T6#2,T7#1>group(App<F,T1#7>,App<F,T2#6>,App<F,T3#5>,App<F,T4#4>,App<F,T5#3>,App<F,T6#2>,App<F,T7#1>)
      T2#6 extends Object declared in method <T1#7,T2#6,T3#5,T4#4,T5#3,T6#2,T7#1>group(App<F,T1#7>,App<F,T2#6>,App<F,T3#5>,App<F,T4#4>,App<F,T5#3>,App<F,T6#2>,App<F,T7#1>)
      T3#5 extends Object declared in method <T1#7,T2#6,T3#5,T4#4,T5#3,T6#2,T7#1>group(App<F,T1#7>,App<F,T2#6>,App<F,T3#5>,App<F,T4#4>,App<F,T5#3>,App<F,T6#2>,App<F,T7#1>)
      T4#4 extends Object declared in method <T1#7,T2#6,T3#5,T4#4,T5#3,T6#2,T7#1>group(App<F,T1#7>,App<F,T2#6>,App<F,T3#5>,App<F,T4#4>,App<F,T5#3>,App<F,T6#2>,App<F,T7#1>)
      T5#3 extends Object declared in method <T1#7,T2#6,T3#5,T4#4,T5#3,T6#2,T7#1>group(App<F,T1#7>,App<F,T2#6>,App<F,T3#5>,App<F,T4#4>,App<F,T5#3>,App<F,T6#2>,App<F,T7#1>)
      T6#2 extends Object declared in method <T1#7,T2#6,T3#5,T4#4,T5#3,T6#2,T7#1>group(App<F,T1#7>,App<F,T2#6>,App<F,T3#5>,App<F,T4#4>,App<F,T5#3>,App<F,T6#2>,App<F,T7#1>)
      T7#1 extends Object declared in method <T1#7,T2#6,T3#5,T4#4,T5#3,T6#2,T7#1>group(App<F,T1#7>,App<F,T2#6>,App<F,T3#5>,App<F,T4#4>,App<F,T5#3>,App<F,T6#2>,App<F,T7#1>)
      T1#8 extends Object declared in method <T1#8,T2#7,T3#6,T4#5,T5#4,T6#3,T7#2,T8#1>group(App<F,T1#8>,App<F,T2#7>,App<F,T3#6>,App<F,T4#5>,App<F,T5#4>,App<F,T6#3>,App<F,T7#2>,App<F,T8#1>)
      T2#7 extends Object declared in method <T1#8,T2#7,T3#6,T4#5,T5#4,T6#3,T7#2,T8#1>group(App<F,T1#8>,App<F,T2#7>,App<F,T3#6>,App<F,T4#5>,App<F,T5#4>,App<F,T6#3>,App<F,T7#2>,App<F,T8#1>)
      T3#6 extends Object declared in method <T1#8,T2#7,T3#6,T4#5,T5#4,T6#3,T7#2,T8#1>group(App<F,T1#8>,App<F,T2#7>,App<F,T3#6>,App<F,T4#5>,App<F,T5#4>,App<F,T6#3>,App<F,T7#2>,App<F,T8#1>)
      T4#5 extends Object declared in method <T1#8,T2#7,T3#6,T4#5,T5#4,T6#3,T7#2,T8#1>group(App<F,T1#8>,App<F,T2#7>,App<F,T3#6>,App<F,T4#5>,App<F,T5#4>,App<F,T6#3>,App<F,T7#2>,App<F,T8#1>)
      T5#4 extends Object declared in method <T1#8,T2#7,T3#6,T4#5,T5#4,T6#3,T7#2,T8#1>group(App<F,T1#8>,App<F,T2#7>,App<F,T3#6>,App<F,T4#5>,App<F,T5#4>,App<F,T6#3>,App<F,T7#2>,App<F,T8#1>)
      T6#3 extends Object declared in method <T1#8,T2#7,T3#6,T4#5,T5#4,T6#3,T7#2,T8#1>group(App<F,T1#8>,App<F,T2#7>,App<F,T3#6>,App<F,T4#5>,App<F,T5#4>,App<F,T6#3>,App<F,T7#2>,App<F,T8#1>)
      T7#2 extends Object declared in method <T1#8,T2#7,T3#6,T4#5,T5#4,T6#3,T7#2,T8#1>group(App<F,T1#8>,App<F,T2#7>,App<F,T3#6>,App<F,T4#5>,App<F,T5#4>,App<F,T6#3>,App<F,T7#2>,App<F,T8#1>)
      T8#1 extends Object declared in method <T1#8,T2#7,T3#6,T4#5,T5#4,T6#3,T7#2,T8#1>group(App<F,T1#8>,App<F,T2#7>,App<F,T3#6>,App<F,T4#5>,App<F,T5#4>,App<F,T6#3>,App<F,T7#2>,App<F,T8#1>)
      T1#9 extends Object declared in method <T1#9,T2#8,T3#7,T4#6,T5#5,T6#4,T7#3,T8#2,T9#1>group(App<F,T1#9>,App<F,T2#8>,App<F,T3#7>,App<F,T4#6>,App<F,T5#5>,App<F,T6#4>,App<F,T7#3>,App<F,T8#2>,App<F,T9#1>)
      T2#8 extends Object declared in method <T1#9,T2#8,T3#7,T4#6,T5#5,T6#4,T7#3,T8#2,T9#1>group(App<F,T1#9>,App<F,T2#8>,App<F,T3#7>,App<F,T4#6>,App<F,T5#5>,App<F,T6#4>,App<F,T7#3>,App<F,T8#2>,App<F,T9#1>)
      T3#7 extends Object declared in method <T1#9,T2#8,T3#7,T4#6,T5#5,T6#4,T7#3,T8#2,T9#1>group(App<F,T1#9>,App<F,T2#8>,App<F,T3#7>,App<F,T4#6>,App<F,T5#5>,App<F,T6#4>,App<F,T7#3>,App<F,T8#2>,App<F,T9#1>)
      T4#6 extends Object declared in method <T1#9,T2#8,T3#7,T4#6,T5#5,T6#4,T7#3,T8#2,T9#1>group(App<F,T1#9>,App<F,T2#8>,App<F,T3#7>,App<F,T4#6>,App<F,T5#5>,App<F,T6#4>,App<F,T7#3>,App<F,T8#2>,App<F,T9#1>)
      T5#5 extends Object declared in method <T1#9,T2#8,T3#7,T4#6,T5#5,T6#4,T7#3,T8#2,T9#1>group(App<F,T1#9>,App<F,T2#8>,App<F,T3#7>,App<F,T4#6>,App<F,T5#5>,App<F,T6#4>,App<F,T7#3>,App<F,T8#2>,App<F,T9#1>)
      T6#4 extends Object declared in method <T1#9,T2#8,T3#7,T4#6,T5#5,T6#4,T7#3,T8#2,T9#1>group(App<F,T1#9>,App<F,T2#8>,App<F,T3#7>,App<F,T4#6>,App<F,T5#5>,App<F,T6#4>,App<F,T7#3>,App<F,T8#2>,App<F,T9#1>)
      T7#3 extends Object declared in method <T1#9,T2#8,T3#7,T4#6,T5#5,T6#4,T7#3,T8#2,T9#1>group(App<F,T1#9>,App<F,T2#8>,App<F,T3#7>,App<F,T4#6>,App<F,T5#5>,App<F,T6#4>,App<F,T7#3>,App<F,T8#2>,App<F,T9#1>)
      T8#2 extends Object declared in method <T1#9,T2#8,T3#7,T4#6,T5#5,T6#4,T7#3,T8#2,T9#1>group(App<F,T1#9>,App<F,T2#8>,App<F,T3#7>,App<F,T4#6>,App<F,T5#5>,App<F,T6#4>,App<F,T7#3>,App<F,T8#2>,App<F,T9#1>)
      T9#1 extends Object declared in method <T1#9,T2#8,T3#7,T4#6,T5#5,T6#4,T7#3,T8#2,T9#1>group(App<F,T1#9>,App<F,T2#8>,App<F,T3#7>,App<F,T4#6>,App<F,T5#5>,App<F,T6#4>,App<F,T7#3>,App<F,T8#2>,App<F,T9#1>)
      T1#10 extends Object declared in method <T1#10,T2#9,T3#8,T4#7,T5#6,T6#5,T7#4,T8#3,T9#2,T10#1>group(App<F,T1#10>,App<F,T2#9>,App<F,T3#8>,App<F,T4#7>,App<F,T5#6>,App<F,T6#5>,App<F,T7#4>,App<F,T8#3>,App<F,T9#2>,App<F,T10#1>)
      T2#9 extends Object declared in method <T1#10,T2#9,T3#8,T4#7,T5#6,T6#5,T7#4,T8#3,T9#2,T10#1>group(App<F,T1#10>,App<F,T2#9>,App<F,T3#8>,App<F,T4#7>,App<F,T5#6>,App<F,T6#5>,App<F,T7#4>,App<F,T8#3>,App<F,T9#2>,App<F,T10#1>)
      T3#8 extends Object declared in method <T1#10,T2#9,T3#8,T4#7,T5#6,T6#5,T7#4,T8#3,T9#2,T10#1>group(App<F,T1#10>,App<F,T2#9>,App<F,T3#8>,App<F,T4#7>,App<F,T5#6>,App<F,T6#5>,App<F,T7#4>,App<F,T8#3>,App<F,T9#2>,App<F,T10#1>)
      T4#7 extends Object declared in method <T1#10,T2#9,T3#8,T4#7,T5#6,T6#5,T7#4,T8#3,T9#2,T10#1>group(App<F,T1#10>,App<F,T2#9>,App<F,T3#8>,App<F,T4#7>,App<F,T5#6>,App<F,T6#5>,App<F,T7#4>,App<F,T8#3>,App<F,T9#2>,App<F,T10#1>)
      T5#6 extends Object declared in method <T1#10,T2#9,T3#8,T4#7,T5#6,T6#5,T7#4,T8#3,T9#2,T10#1>group(App<F,T1#10>,App<F,T2#9>,App<F,T3#8>,App<F,T4#7>,App<F,T5#6>,App<F,T6#5>,App<F,T7#4>,App<F,T8#3>,App<F,T9#2>,App<F,T10#1>)
      T6#5 extends Object declared in method <T1#10,T2#9,T3#8,T4#7,T5#6,T6#5,T7#4,T8#3,T9#2,T10#1>group(App<F,T1#10>,App<F,T2#9>,App<F,T3#8>,App<F,T4#7>,App<F,T5#6>,App<F,T6#5>,App<F,T7#4>,App<F,T8#3>,App<F,T9#2>,App<F,T10#1>)
      T7#4 extends Object declared in method <T1#10,T2#9,T3#8,T4#7,T5#6,T6#5,T7#4,T8#3,T9#2,T10#1>group(App<F,T1#10>,App<F,T2#9>,App<F,T3#8>,App<F,T4#7>,App<F,T5#6>,App<F,T6#5>,App<F,T7#4>,App<F,T8#3>,App<F,T9#2>,App<F,T10#1>)
      T8#3 extends Object declared in method <T1#10,T2#9,T3#8,T4#7,T5#6,T6#5,T7#4,T8#3,T9#2,T10#1>group(App<F,T1#10>,App<F,T2#9>,App<F,T3#8>,App<F,T4#7>,App<F,T5#6>,App<F,T6#5>,App<F,T7#4>,App<F,T8#3>,App<F,T9#2>,App<F,T10#1>)
      T9#2 extends Object declared in method <T1#10,T2#9,T3#8,T4#7,T5#6,T6#5,T7#4,T8#3,T9#2,T10#1>group(App<F,T1#10>,App<F,T2#9>,App<F,T3#8>,App<F,T4#7>,App<F,T5#6>,App<F,T6#5>,App<F,T7#4>,App<F,T8#3>,App<F,T9#2>,App<F,T10#1>)
      T10#1 extends Object declared in method <T1#10,T2#9,T3#8,T4#7,T5#6,T6#5,T7#4,T8#3,T9#2,T10#1>group(App<F,T1#10>,App<F,T2#9>,App<F,T3#8>,App<F,T4#7>,App<F,T5#6>,App<F,T6#5>,App<F,T7#4>,App<F,T8#3>,App<F,T9#2>,App<F,T10#1>)
      T1#11 extends Object declared in method <T1#11,T2#10,T3#9,T4#8,T5#7,T6#6,T7#5,T8#4,T9#3,T10#2,T11#1>group(App<F,T1#11>,App<F,T2#10>,App<F,T3#9>,App<F,T4#8>,App<F,T5#7>,App<F,T6#6>,App<F,T7#5>,App<F,T8#4>,App<F,T9#3>,App<F,T10#2>,App<F,T11#1>)
      T2#10 extends Object declared in method <T1#11,T2#10,T3#9,T4#8,T5#7,T6#6,T7#5,T8#4,T9#3,T10#2,T11#1>group(App<F,T1#11>,App<F,T2#10>,App<F,T3#9>,App<F,T4#8>,App<F,T5#7>,App<F,T6#6>,App<F,T7#5>,App<F,T8#4>,App<F,T9#3>,App<F,T10#2>,App<F,T11#1>)
      T3#9 extends Object declared in method <T1#11,T2#10,T3#9,T4#8,T5#7,T6#6,T7#5,T8#4,T9#3,T10#2,T11#1>group(App<F,T1#11>,App<F,T2#10>,App<F,T3#9>,App<F,T4#8>,App<F,T5#7>,App<F,T6#6>,App<F,T7#5>,App<F,T8#4>,App<F,T9#3>,App<F,T10#2>,App<F,T11#1>)
      T4#8 extends Object declared in method <T1#11,T2#10,T3#9,T4#8,T5#7,T6#6,T7#5,T8#4,T9#3,T10#2,T11#1>group(App<F,T1#11>,App<F,T2#10>,App<F,T3#9>,App<F,T4#8>,App<F,T5#7>,App<F,T6#6>,App<F,T7#5>,App<F,T8#4>,App<F,T9#3>,App<F,T10#2>,App<F,T11#1>)
      T5#7 extends Object declared in method <T1#11,T2#10,T3#9,T4#8,T5#7,T6#6,T7#5,T8#4,T9#3,T10#2,T11#1>group(App<F,T1#11>,App<F,T2#10>,App<F,T3#9>,App<F,T4#8>,App<F,T5#7>,App<F,T6#6>,App<F,T7#5>,App<F,T8#4>,App<F,T9#3>,App<F,T10#2>,App<F,T11#1>)
      T6#6 extends Object declared in method <T1#11,T2#10,T3#9,T4#8,T5#7,T6#6,T7#5,T8#4,T9#3,T10#2,T11#1>group(App<F,T1#11>,App<F,T2#10>,App<F,T3#9>,App<F,T4#8>,App<F,T5#7>,App<F,T6#6>,App<F,T7#5>,App<F,T8#4>,App<F,T9#3>,App<F,T10#2>,App<F,T11#1>)
      T7#5 extends Object declared in method <T1#11,T2#10,T3#9,T4#8,T5#7,T6#6,T7#5,T8#4,T9#3,T10#2,T11#1>group(App<F,T1#11>,App<F,T2#10>,App<F,T3#9>,App<F,T4#8>,App<F,T5#7>,App<F,T6#6>,App<F,T7#5>,App<F,T8#4>,App<F,T9#3>,App<F,T10#2>,App<F,T11#1>)
      T8#4 extends Object declared in method <T1#11,T2#10,T3#9,T4#8,T5#7,T6#6,T7#5,T8#4,T9#3,T10#2,T11#1>group(App<F,T1#11>,App<F,T2#10>,App<F,T3#9>,App<F,T4#8>,App<F,T5#7>,App<F,T6#6>,App<F,T7#5>,App<F,T8#4>,App<F,T9#3>,App<F,T10#2>,App<F,T11#1>)
      T9#3 extends Object declared in method <T1#11,T2#10,T3#9,T4#8,T5#7,T6#6,T7#5,T8#4,T9#3,T10#2,T11#1>group(App<F,T1#11>,App<F,T2#10>,App<F,T3#9>,App<F,T4#8>,App<F,T5#7>,App<F,T6#6>,App<F,T7#5>,App<F,T8#4>,App<F,T9#3>,App<F,T10#2>,App<F,T11#1>)
      T10#2 extends Object declared in method <T1#11,T2#10,T3#9,T4#8,T5#7,T6#6,T7#5,T8#4,T9#3,T10#2,T11#1>group(App<F,T1#11>,App<F,T2#10>,App<F,T3#9>,App<F,T4#8>,App<F,T5#7>,App<F,T6#6>,App<F,T7#5>,App<F,T8#4>,App<F,T9#3>,App<F,T10#2>,App<F,T11#1>)
      T11#1 extends Object declared in method <T1#11,T2#10,T3#9,T4#8,T5#7,T6#6,T7#5,T8#4,T9#3,T10#2,T11#1>group(App<F,T1#11>,App<F,T2#10>,App<F,T3#9>,App<F,T4#8>,App<F,T5#7>,App<F,T6#6>,App<F,T7#5>,App<F,T8#4>,App<F,T9#3>,App<F,T10#2>,App<F,T11#1>)
      T1#12 extends Object declared in method <T1#12,T2#11,T3#10,T4#9,T5#8,T6#7,T7#6,T8#5,T9#4,T10#3,T11#2,T12#1>group(App<F,T1#12>,App<F,T2#11>,App<F,T3#10>,App<F,T4#9>,App<F,T5#8>,App<F,T6#7>,App<F,T7#6>,App<F,T8#5>,App<F,T9#4>,App<F,T10#3>,App<F,T11#2>,App<F,T12#1>)
      T2#11 extends Object declared in method <T1#12,T2#11,T3#10,T4#9,T5#8,T6#7,T7#6,T8#5,T9#4,T10#3,T11#2,T12#1>group(App<F,T1#12>,App<F,T2#11>,App<F,T3#10>,App<F,T4#9>,App<F,T5#8>,App<F,T6#7>,App<F,T7#6>,App<F,T8#5>,App<F,T9#4>,App<F,T10#3>,App<F,T11#2>,App<F,T12#1>)
      T3#10 extends Object declared in method <T1#12,T2#11,T3#10,T4#9,T5#8,T6#7,T7#6,T8#5,T9#4,T10#3,T11#2,T12#1>group(App<F,T1#12>,App<F,T2#11>,App<F,T3#10>,App<F,T4#9>,App<F,T5#8>,App<F,T6#7>,App<F,T7#6>,App<F,T8#5>,App<F,T9#4>,App<F,T10#3>,App<F,T11#2>,App<F,T12#1>)
      T4#9 extends Object declared in method <T1#12,T2#11,T3#10,T4#9,T5#8,T6#7,T7#6,T8#5,T9#4,T10#3,T11#2,T12#1>group(App<F,T1#12>,App<F,T2#11>,App<F,T3#10>,App<F,T4#9>,App<F,T5#8>,App<F,T6#7>,App<F,T7#6>,App<F,T8#5>,App<F,T9#4>,App<F,T10#3>,App<F,T11#2>,App<F,T12#1>)
      T5#8 extends Object declared in method <T1#12,T2#11,T3#10,T4#9,T5#8,T6#7,T7#6,T8#5,T9#4,T10#3,T11#2,T12#1>group(App<F,T1#12>,App<F,T2#11>,App<F,T3#10>,App<F,T4#9>,App<F,T5#8>,App<F,T6#7>,App<F,T7#6>,App<F,T8#5>,App<F,T9#4>,App<F,T10#3>,App<F,T11#2>,App<F,T12#1>)
      T6#7 extends Object declared in method <T1#12,T2#11,T3#10,T4#9,T5#8,T6#7,T7#6,T8#5,T9#4,T10#3,T11#2,T12#1>group(App<F,T1#12>,App<F,T2#11>,App<F,T3#10>,App<F,T4#9>,App<F,T5#8>,App<F,T6#7>,App<F,T7#6>,App<F,T8#5>,App<F,T9#4>,App<F,T10#3>,App<F,T11#2>,App<F,T12#1>)
      T7#6 extends Object declared in method <T1#12,T2#11,T3#10,T4#9,T5#8,T6#7,T7#6,T8#5,T9#4,T10#3,T11#2,T12#1>group(App<F,T1#12>,App<F,T2#11>,App<F,T3#10>,App<F,T4#9>,App<F,T5#8>,App<F,T6#7>,App<F,T7#6>,App<F,T8#5>,App<F,T9#4>,App<F,T10#3>,App<F,T11#2>,App<F,T12#1>)
      T8#5 extends Object declared in method <T1#12,T2#11,T3#10,T4#9,T5#8,T6#7,T7#6,T8#5,T9#4,T10#3,T11#2,T12#1>group(App<F,T1#12>,App<F,T2#11>,App<F,T3#10>,App<F,T4#9>,App<F,T5#8>,App<F,T6#7>,App<F,T7#6>,App<F,T8#5>,App<F,T9#4>,App<F,T10#3>,App<F,T11#2>,App<F,T12#1>)
      T9#4 extends Object declared in method <T1#12,T2#11,T3#10,T4#9,T5#8,T6#7,T7#6,T8#5,T9#4,T10#3,T11#2,T12#1>group(App<F,T1#12>,App<F,T2#11>,App<F,T3#10>,App<F,T4#9>,App<F,T5#8>,App<F,T6#7>,App<F,T7#6>,App<F,T8#5>,App<F,T9#4>,App<F,T10#3>,App<F,T11#2>,App<F,T12#1>)
      T10#3 extends Object declared in method <T1#12,T2#11,T3#10,T4#9,T5#8,T6#7,T7#6,T8#5,T9#4,T10#3,T11#2,T12#1>group(App<F,T1#12>,App<F,T2#11>,App<F,T3#10>,App<F,T4#9>,App<F,T5#8>,App<F,T6#7>,App<F,T7#6>,App<F,T8#5>,App<F,T9#4>,App<F,T10#3>,App<F,T11#2>,App<F,T12#1>)
      T11#2 extends Object declared in method <T1#12,T2#11,T3#10,T4#9,T5#8,T6#7,T7#6,T8#5,T9#4,T10#3,T11#2,T12#1>group(App<F,T1#12>,App<F,T2#11>,App<F,T3#10>,App<F,T4#9>,App<F,T5#8>,App<F,T6#7>,App<F,T7#6>,App<F,T8#5>,App<F,T9#4>,App<F,T10#3>,App<F,T11#2>,App<F,T12#1>)
      T12#1 extends Object declared in method <T1#12,T2#11,T3#10,T4#9,T5#8,T6#7,T7#6,T8#5,T9#4,T10#3,T11#2,T12#1>group(App<F,T1#12>,App<F,T2#11>,App<F,T3#10>,App<F,T4#9>,App<F,T5#8>,App<F,T6#7>,App<F,T7#6>,App<F,T8#5>,App<F,T9#4>,App<F,T10#3>,App<F,T11#2>,App<F,T12#1>)
      T1#13 extends Object declared in method <T1#13,T2#12,T3#11,T4#10,T5#9,T6#8,T7#7,T8#6,T9#5,T10#4,T11#3,T12#2,T13#1>group(App<F,T1#13>,App<F,T2#12>,App<F,T3#11>,App<F,T4#10>,App<F,T5#9>,App<F,T6#8>,App<F,T7#7>,App<F,T8#6>,App<F,T9#5>,App<F,T10#4>,App<F,T11#3>,App<F,T12#2>,App<F,T13#1>)
      T2#12 extends Object declared in method <T1#13,T2#12,T3#11,T4#10,T5#9,T6#8,T7#7,T8#6,T9#5,T10#4,T11#3,T12#2,T13#1>group(App<F,T1#13>,App<F,T2#12>,App<F,T3#11>,App<F,T4#10>,App<F,T5#9>,App<F,T6#8>,App<F,T7#7>,App<F,T8#6>,App<F,T9#5>,App<F,T10#4>,App<F,T11#3>,App<F,T12#2>,App<F,T13#1>)
      T3#11 extends Object declared in method <T1#13,T2#12,T3#11,T4#10,T5#9,T6#8,T7#7,T8#6,T9#5,T10#4,T11#3,T12#2,T13#1>group(App<F,T1#13>,App<F,T2#12>,App<F,T3#11>,App<F,T4#10>,App<F,T5#9>,App<F,T6#8>,App<F,T7#7>,App<F,T8#6>,App<F,T9#5>,App<F,T10#4>,App<F,T11#3>,App<F,T12#2>,App<F,T13#1>)
      T4#10 extends Object declared in method <T1#13,T2#12,T3#11,T4#10,T5#9,T6#8,T7#7,T8#6,T9#5,T10#4,T11#3,T12#2,T13#1>group(App<F,T1#13>,App<F,T2#12>,App<F,T3#11>,App<F,T4#10>,App<F,T5#9>,App<F,T6#8>,App<F,T7#7>,App<F,T8#6>,App<F,T9#5>,App<F,T10#4>,App<F,T11#3>,App<F,T12#2>,App<F,T13#1>)
      T5#9 extends Object declared in method <T1#13,T2#12,T3#11,T4#10,T5#9,T6#8,T7#7,T8#6,T9#5,T10#4,T11#3,T12#2,T13#1>group(App<F,T1#13>,App<F,T2#12>,App<F,T3#11>,App<F,T4#10>,App<F,T5#9>,App<F,T6#8>,App<F,T7#7>,App<F,T8#6>,App<F,T9#5>,App<F,T10#4>,App<F,T11#3>,App<F,T12#2>,App<F,T13#1>)
      T6#8 extends Object declared in method <T1#13,T2#12,T3#11,T4#10,T5#9,T6#8,T7#7,T8#6,T9#5,T10#4,T11#3,T12#2,T13#1>group(App<F,T1#13>,App<F,T2#12>,App<F,T3#11>,App<F,T4#10>,App<F,T5#9>,App<F,T6#8>,App<F,T7#7>,App<F,T8#6>,App<F,T9#5>,App<F,T10#4>,App<F,T11#3>,App<F,T12#2>,App<F,T13#1>)
      T7#7 extends Object declared in method <T1#13,T2#12,T3#11,T4#10,T5#9,T6#8,T7#7,T8#6,T9#5,T10#4,T11#3,T12#2,T13#1>group(App<F,T1#13>,App<F,T2#12>,App<F,T3#11>,App<F,T4#10>,App<F,T5#9>,App<F,T6#8>,App<F,T7#7>,App<F,T8#6>,App<F,T9#5>,App<F,T10#4>,App<F,T11#3>,App<F,T12#2>,App<F,T13#1>)
      T8#6 extends Object declared in method <T1#13,T2#12,T3#11,T4#10,T5#9,T6#8,T7#7,T8#6,T9#5,T10#4,T11#3,T12#2,T13#1>group(App<F,T1#13>,App<F,T2#12>,App<F,T3#11>,App<F,T4#10>,App<F,T5#9>,App<F,T6#8>,App<F,T7#7>,App<F,T8#6>,App<F,T9#5>,App<F,T10#4>,App<F,T11#3>,App<F,T12#2>,App<F,T13#1>)
      T9#5 extends Object declared in method <T1#13,T2#12,T3#11,T4#10,T5#9,T6#8,T7#7,T8#6,T9#5,T10#4,T11#3,T12#2,T13#1>group(App<F,T1#13>,App<F,T2#12>,App<F,T3#11>,App<F,T4#10>,App<F,T5#9>,App<F,T6#8>,App<F,T7#7>,App<F,T8#6>,App<F,T9#5>,App<F,T10#4>,App<F,T11#3>,App<F,T12#2>,App<F,T13#1>)
      T10#4 extends Object declared in method <T1#13,T2#12,T3#11,T4#10,T5#9,T6#8,T7#7,T8#6,T9#5,T10#4,T11#3,T12#2,T13#1>group(App<F,T1#13>,App<F,T2#12>,App<F,T3#11>,App<F,T4#10>,App<F,T5#9>,App<F,T6#8>,App<F,T7#7>,App<F,T8#6>,App<F,T9#5>,App<F,T10#4>,App<F,T11#3>,App<F,T12#2>,App<F,T13#1>)
      T11#3 extends Object declared in method <T1#13,T2#12,T3#11,T4#10,T5#9,T6#8,T7#7,T8#6,T9#5,T10#4,T11#3,T12#2,T13#1>group(App<F,T1#13>,App<F,T2#12>,App<F,T3#11>,App<F,T4#10>,App<F,T5#9>,App<F,T6#8>,App<F,T7#7>,App<F,T8#6>,App<F,T9#5>,App<F,T10#4>,App<F,T11#3>,App<F,T12#2>,App<F,T13#1>)
      T12#2 extends Object declared in method <T1#13,T2#12,T3#11,T4#10,T5#9,T6#8,T7#7,T8#6,T9#5,T10#4,T11#3,T12#2,T13#1>group(App<F,T1#13>,App<F,T2#12>,App<F,T3#11>,App<F,T4#10>,App<F,T5#9>,App<F,T6#8>,App<F,T7#7>,App<F,T8#6>,App<F,T9#5>,App<F,T10#4>,App<F,T11#3>,App<F,T12#2>,App<F,T13#1>)
      T13#1 extends Object declared in method <T1#13,T2#12,T3#11,T4#10,T5#9,T6#8,T7#7,T8#6,T9#5,T10#4,T11#3,T12#2,T13#1>group(App<F,T1#13>,App<F,T2#12>,App<F,T3#11>,App<F,T4#10>,App<F,T5#9>,App<F,T6#8>,App<F,T7#7>,App<F,T8#6>,App<F,T9#5>,App<F,T10#4>,App<F,T11#3>,App<F,T12#2>,App<F,T13#1>)
      T1#14 extends Object declared in method <T1#14,T2#13,T3#12,T4#11,T5#10,T6#9,T7#8,T8#7,T9#6,T10#5,T11#4,T12#3,T13#2,T14#1>group(App<F,T1#14>,App<F,T2#13>,App<F,T3#12>,App<F,T4#11>,App<F,T5#10>,App<F,T6#9>,App<F,T7#8>,App<F,T8#7>,App<F,T9#6>,App<F,T10#5>,App<F,T11#4>,App<F,T12#3>,App<F,T13#2>,App<F,T14#1>)
      T2#13 extends Object declared in method <T1#14,T2#13,T3#12,T4#11,T5#10,T6#9,T7#8,T8#7,T9#6,T10#5,T11#4,T12#3,T13#2,T14#1>group(App<F,T1#14>,App<F,T2#13>,App<F,T3#12>,App<F,T4#11>,App<F,T5#10>,App<F,T6#9>,App<F,T7#8>,App<F,T8#7>,App<F,T9#6>,App<F,T10#5>,App<F,T11#4>,App<F,T12#3>,App<F,T13#2>,App<F,T14#1>)
      T3#12 extends Object declared in method <T1#14,T2#13,T3#12,T4#11,T5#10,T6#9,T7#8,T8#7,T9#6,T10#5,T11#4,T12#3,T13#2,T14#1>group(App<F,T1#14>,App<F,T2#13>,App<F,T3#12>,App<F,T4#11>,App<F,T5#10>,App<F,T6#9>,App<F,T7#8>,App<F,T8#7>,App<F,T9#6>,App<F,T10#5>,App<F,T11#4>,App<F,T12#3>,App<F,T13#2>,App<F,T14#1>)
      T4#11 extends Object declared in method <T1#14,T2#13,T3#12,T4#11,T5#10,T6#9,T7#8,T8#7,T9#6,T10#5,T11#4,T12#3,T13#2,T14#1>group(App<F,T1#14>,App<F,T2#13>,App<F,T3#12>,App<F,T4#11>,App<F,T5#10>,App<F,T6#9>,App<F,T7#8>,App<F,T8#7>,App<F,T9#6>,App<F,T10#5>,App<F,T11#4>,App<F,T12#3>,App<F,T13#2>,App<F,T14#1>)
      T5#10 extends Object declared in method <T1#14,T2#13,T3#12,T4#11,T5#10,T6#9,T7#8,T8#7,T9#6,T10#5,T11#4,T12#3,T13#2,T14#1>group(App<F,T1#14>,App<F,T2#13>,App<F,T3#12>,App<F,T4#11>,App<F,T5#10>,App<F,T6#9>,App<F,T7#8>,App<F,T8#7>,App<F,T9#6>,App<F,T10#5>,App<F,T11#4>,App<F,T12#3>,App<F,T13#2>,App<F,T14#1>)
      T6#9 extends Object declared in method <T1#14,T2#13,T3#12,T4#11,T5#10,T6#9,T7#8,T8#7,T9#6,T10#5,T11#4,T12#3,T13#2,T14#1>group(App<F,T1#14>,App<F,T2#13>,App<F,T3#12>,App<F,T4#11>,App<F,T5#10>,App<F,T6#9>,App<F,T7#8>,App<F,T8#7>,App<F,T9#6>,App<F,T10#5>,App<F,T11#4>,App<F,T12#3>,App<F,T13#2>,App<F,T14#1>)
      T7#8 extends Object declared in method <T1#14,T2#13,T3#12,T4#11,T5#10,T6#9,T7#8,T8#7,T9#6,T10#5,T11#4,T12#3,T13#2,T14#1>group(App<F,T1#14>,App<F,T2#13>,App<F,T3#12>,App<F,T4#11>,App<F,T5#10>,App<F,T6#9>,App<F,T7#8>,App<F,T8#7>,App<F,T9#6>,App<F,T10#5>,App<F,T11#4>,App<F,T12#3>,App<F,T13#2>,App<F,T14#1>)
      T8#7 extends Object declared in method <T1#14,T2#13,T3#12,T4#11,T5#10,T6#9,T7#8,T8#7,T9#6,T10#5,T11#4,T12#3,T13#2,T14#1>group(App<F,T1#14>,App<F,T2#13>,App<F,T3#12>,App<F,T4#11>,App<F,T5#10>,App<F,T6#9>,App<F,T7#8>,App<F,T8#7>,App<F,T9#6>,App<F,T10#5>,App<F,T11#4>,App<F,T12#3>,App<F,T13#2>,App<F,T14#1>)
      T9#6 extends Object declared in method <T1#14,T2#13,T3#12,T4#11,T5#10,T6#9,T7#8,T8#7,T9#6,T10#5,T11#4,T12#3,T13#2,T14#1>group(App<F,T1#14>,App<F,T2#13>,App<F,T3#12>,App<F,T4#11>,App<F,T5#10>,App<F,T6#9>,App<F,T7#8>,App<F,T8#7>,App<F,T9#6>,App<F,T10#5>,App<F,T11#4>,App<F,T12#3>,App<F,T13#2>,App<F,T14#1>)
      T10#5 extends Object declared in method <T1#14,T2#13,T3#12,T4#11,T5#10,T6#9,T7#8,T8#7,T9#6,T10#5,T11#4,T12#3,T13#2,T14#1>group(App<F,T1#14>,App<F,T2#13>,App<F,T3#12>,App<F,T4#11>,App<F,T5#10>,App<F,T6#9>,App<F,T7#8>,App<F,T8#7>,App<F,T9#6>,App<F,T10#5>,App<F,T11#4>,App<F,T12#3>,App<F,T13#2>,App<F,T14#1>)
      T11#4 extends Object declared in method <T1#14,T2#13,T3#12,T4#11,T5#10,T6#9,T7#8,T8#7,T9#6,T10#5,T11#4,T12#3,T13#2,T14#1>group(App<F,T1#14>,App<F,T2#13>,App<F,T3#12>,App<F,T4#11>,App<F,T5#10>,App<F,T6#9>,App<F,T7#8>,App<F,T8#7>,App<F,T9#6>,App<F,T10#5>,App<F,T11#4>,App<F,T12#3>,App<F,T13#2>,App<F,T14#1>)
      T12#3 extends Object declared in method <T1#14,T2#13,T3#12,T4#11,T5#10,T6#9,T7#8,T8#7,T9#6,T10#5,T11#4,T12#3,T13#2,T14#1>group(App<F,T1#14>,App<F,T2#13>,App<F,T3#12>,App<F,T4#11>,App<F,T5#10>,App<F,T6#9>,App<F,T7#8>,App<F,T8#7>,App<F,T9#6>,App<F,T10#5>,App<F,T11#4>,App<F,T12#3>,App<F,T13#2>,App<F,T14#1>)
      T13#2 extends Object declared in method <T1#14,T2#13,T3#12,T4#11,T5#10,T6#9,T7#8,T8#7,T9#6,T10#5,T11#4,T12#3,T13#2,T14#1>group(App<F,T1#14>,App<F,T2#13>,App<F,T3#12>,App<F,T4#11>,App<F,T5#10>,App<F,T6#9>,App<F,T7#8>,App<F,T8#7>,App<F,T9#6>,App<F,T10#5>,App<F,T11#4>,App<F,T12#3>,App<F,T13#2>,App<F,T14#1>)
      T14#1 extends Object declared in method <T1#14,T2#13,T3#12,T4#11,T5#10,T6#9,T7#8,T8#7,T9#6,T10#5,T11#4,T12#3,T13#2,T14#1>group(App<F,T1#14>,App<F,T2#13>,App<F,T3#12>,App<F,T4#11>,App<F,T5#10>,App<F,T6#9>,App<F,T7#8>,App<F,T8#7>,App<F,T9#6>,App<F,T10#5>,App<F,T11#4>,App<F,T12#3>,App<F,T13#2>,App<F,T14#1>)
      T1#15 extends Object declared in method <T1#15,T2#14,T3#13,T4#12,T5#11,T6#10,T7#9,T8#8,T9#7,T10#6,T11#5,T12#4,T13#3,T14#2,T15#1>group(App<F,T1#15>,App<F,T2#14>,App<F,T3#13>,App<F,T4#12>,App<F,T5#11>,App<F,T6#10>,App<F,T7#9>,App<F,T8#8>,App<F,T9#7>,App<F,T10#6>,App<F,T11#5>,App<F,T12#4>,App<F,T13#3>,App<F,T14#2>,App<F,T15#1>)
      T2#14 extends Object declared in method <T1#15,T2#14,T3#13,T4#12,T5#11,T6#10,T7#9,T8#8,T9#7,T10#6,T11#5,T12#4,T13#3,T14#2,T15#1>group(App<F,T1#15>,App<F,T2#14>,App<F,T3#13>,App<F,T4#12>,App<F,T5#11>,App<F,T6#10>,App<F,T7#9>,App<F,T8#8>,App<F,T9#7>,App<F,T10#6>,App<F,T11#5>,App<F,T12#4>,App<F,T13#3>,App<F,T14#2>,App<F,T15#1>)
      T3#13 extends Object declared in method <T1#15,T2#14,T3#13,T4#12,T5#11,T6#10,T7#9,T8#8,T9#7,T10#6,T11#5,T12#4,T13#3,T14#2,T15#1>group(App<F,T1#15>,App<F,T2#14>,App<F,T3#13>,App<F,T4#12>,App<F,T5#11>,App<F,T6#10>,App<F,T7#9>,App<F,T8#8>,App<F,T9#7>,App<F,T10#6>,App<F,T11#5>,App<F,T12#4>,App<F,T13#3>,App<F,T14#2>,App<F,T15#1>)
      T4#12 extends Object declared in method <T1#15,T2#14,T3#13,T4#12,T5#11,T6#10,T7#9,T8#8,T9#7,T10#6,T11#5,T12#4,T13#3,T14#2,T15#1>group(App<F,T1#15>,App<F,T2#14>,App<F,T3#13>,App<F,T4#12>,App<F,T5#11>,App<F,T6#10>,App<F,T7#9>,App<F,T8#8>,App<F,T9#7>,App<F,T10#6>,App<F,T11#5>,App<F,T12#4>,App<F,T13#3>,App<F,T14#2>,App<F,T15#1>)
      T5#11 extends Object declared in method <T1#15,T2#14,T3#13,T4#12,T5#11,T6#10,T7#9,T8#8,T9#7,T10#6,T11#5,T12#4,T13#3,T14#2,T15#1>group(App<F,T1#15>,App<F,T2#14>,App<F,T3#13>,App<F,T4#12>,App<F,T5#11>,App<F,T6#10>,App<F,T7#9>,App<F,T8#8>,App<F,T9#7>,App<F,T10#6>,App<F,T11#5>,App<F,T12#4>,App<F,T13#3>,App<F,T14#2>,App<F,T15#1>)
      T6#10 extends Object declared in method <T1#15,T2#14,T3#13,T4#12,T5#11,T6#10,T7#9,T8#8,T9#7,T10#6,T11#5,T12#4,T13#3,T14#2,T15#1>group(App<F,T1#15>,App<F,T2#14>,App<F,T3#13>,App<F,T4#12>,App<F,T5#11>,App<F,T6#10>,App<F,T7#9>,App<F,T8#8>,App<F,T9#7>,App<F,T10#6>,App<F,T11#5>,App<F,T12#4>,App<F,T13#3>,App<F,T14#2>,App<F,T15#1>)
      T7#9 extends Object declared in method <T1#15,T2#14,T3#13,T4#12,T5#11,T6#10,T7#9,T8#8,T9#7,T10#6,T11#5,T12#4,T13#3,T14#2,T15#1>group(App<F,T1#15>,App<F,T2#14>,App<F,T3#13>,App<F,T4#12>,App<F,T5#11>,App<F,T6#10>,App<F,T7#9>,App<F,T8#8>,App<F,T9#7>,App<F,T10#6>,App<F,T11#5>,App<F,T12#4>,App<F,T13#3>,App<F,T14#2>,App<F,T15#1>)
      T8#8 extends Object declared in method <T1#15,T2#14,T3#13,T4#12,T5#11,T6#10,T7#9,T8#8,T9#7,T10#6,T11#5,T12#4,T13#3,T14#2,T15#1>group(App<F,T1#15>,App<F,T2#14>,App<F,T3#13>,App<F,T4#12>,App<F,T5#11>,App<F,T6#10>,App<F,T7#9>,App<F,T8#8>,App<F,T9#7>,App<F,T10#6>,App<F,T11#5>,App<F,T12#4>,App<F,T13#3>,App<F,T14#2>,App<F,T15#1>)
      T9#7 extends Object declared in method <T1#15,T2#14,T3#13,T4#12,T5#11,T6#10,T7#9,T8#8,T9#7,T10#6,T11#5,T12#4,T13#3,T14#2,T15#1>group(App<F,T1#15>,App<F,T2#14>,App<F,T3#13>,App<F,T4#12>,App<F,T5#11>,App<F,T6#10>,App<F,T7#9>,App<F,T8#8>,App<F,T9#7>,App<F,T10#6>,App<F,T11#5>,App<F,T12#4>,App<F,T13#3>,App<F,T14#2>,App<F,T15#1>)
      T10#6 extends Object declared in method <T1#15,T2#14,T3#13,T4#12,T5#11,T6#10,T7#9,T8#8,T9#7,T10#6,T11#5,T12#4,T13#3,T14#2,T15#1>group(App<F,T1#15>,App<F,T2#14>,App<F,T3#13>,App<F,T4#12>,App<F,T5#11>,App<F,T6#10>,App<F,T7#9>,App<F,T8#8>,App<F,T9#7>,App<F,T10#6>,App<F,T11#5>,App<F,T12#4>,App<F,T13#3>,App<F,T14#2>,App<F,T15#1>)
      T11#5 extends Object declared in method <T1#15,T2#14,T3#13,T4#12,T5#11,T6#10,T7#9,T8#8,T9#7,T10#6,T11#5,T12#4,T13#3,T14#2,T15#1>group(App<F,T1#15>,App<F,T2#14>,App<F,T3#13>,App<F,T4#12>,App<F,T5#11>,App<F,T6#10>,App<F,T7#9>,App<F,T8#8>,App<F,T9#7>,App<F,T10#6>,App<F,T11#5>,App<F,T12#4>,App<F,T13#3>,App<F,T14#2>,App<F,T15#1>)
      T12#4 extends Object declared in method <T1#15,T2#14,T3#13,T4#12,T5#11,T6#10,T7#9,T8#8,T9#7,T10#6,T11#5,T12#4,T13#3,T14#2,T15#1>group(App<F,T1#15>,App<F,T2#14>,App<F,T3#13>,App<F,T4#12>,App<F,T5#11>,App<F,T6#10>,App<F,T7#9>,App<F,T8#8>,App<F,T9#7>,App<F,T10#6>,App<F,T11#5>,App<F,T12#4>,App<F,T13#3>,App<F,T14#2>,App<F,T15#1>)
      T13#3 extends Object declared in method <T1#15,T2#14,T3#13,T4#12,T5#11,T6#10,T7#9,T8#8,T9#7,T10#6,T11#5,T12#4,T13#3,T14#2,T15#1>group(App<F,T1#15>,App<F,T2#14>,App<F,T3#13>,App<F,T4#12>,App<F,T5#11>,App<F,T6#10>,App<F,T7#9>,App<F,T8#8>,App<F,T9#7>,App<F,T10#6>,App<F,T11#5>,App<F,T12#4>,App<F,T13#3>,App<F,T14#2>,App<F,T15#1>)
      T14#2 extends Object declared in method <T1#15,T2#14,T3#13,T4#12,T5#11,T6#10,T7#9,T8#8,T9#7,T10#6,T11#5,T12#4,T13#3,T14#2,T15#1>group(App<F,T1#15>,App<F,T2#14>,App<F,T3#13>,App<F,T4#12>,App<F,T5#11>,App<F,T6#10>,App<F,T7#9>,App<F,T8#8>,App<F,T9#7>,App<F,T10#6>,App<F,T11#5>,App<F,T12#4>,App<F,T13#3>,App<F,T14#2>,App<F,T15#1>)
      T15#1 extends Object declared in method <T1#15,T2#14,T3#13,T4#12,T5#11,T6#10,T7#9,T8#8,T9#7,T10#6,T11#5,T12#4,T13#3,T14#2,T15#1>group(App<F,T1#15>,App<F,T2#14>,App<F,T3#13>,App<F,T4#12>,App<F,T5#11>,App<F,T6#10>,App<F,T7#9>,App<F,T8#8>,App<F,T9#7>,App<F,T10#6>,App<F,T11#5>,App<F,T12#4>,App<F,T13#3>,App<F,T14#2>,App<F,T15#1>)
      T1#16 extends Object declared in method <T1#16,T2#15,T3#14,T4#13,T5#12,T6#11,T7#10,T8#9,T9#8,T10#7,T11#6,T12#5,T13#4,T14#3,T15#2,T16>group(App<F,T1#16>,App<F,T2#15>,App<F,T3#14>,App<F,T4#13>,App<F,T5#12>,App<F,T6#11>,App<F,T7#10>,App<F,T8#9>,App<F,T9#8>,App<F,T10#7>,App<F,T11#6>,App<F,T12#5>,App<F,T13#4>,App<F,T14#3>,App<F,T15#2>,App<F,T16>)
      T2#15 extends Object declared in method <T1#16,T2#15,T3#14,T4#13,T5#12,T6#11,T7#10,T8#9,T9#8,T10#7,T11#6,T12#5,T13#4,T14#3,T15#2,T16>group(App<F,T1#16>,App<F,T2#15>,App<F,T3#14>,App<F,T4#13>,App<F,T5#12>,App<F,T6#11>,App<F,T7#10>,App<F,T8#9>,App<F,T9#8>,App<F,T10#7>,App<F,T11#6>,App<F,T12#5>,App<F,T13#4>,App<F,T14#3>,App<F,T15#2>,App<F,T16>)
      T3#14 extends Object declared in method <T1#16,T2#15,T3#14,T4#13,T5#12,T6#11,T7#10,T8#9,T9#8,T10#7,T11#6,T12#5,T13#4,T14#3,T15#2,T16>group(App<F,T1#16>,App<F,T2#15>,App<F,T3#14>,App<F,T4#13>,App<F,T5#12>,App<F,T6#11>,App<F,T7#10>,App<F,T8#9>,App<F,T9#8>,App<F,T10#7>,App<F,T11#6>,App<F,T12#5>,App<F,T13#4>,App<F,T14#3>,App<F,T15#2>,App<F,T16>)
      T4#13 extends Object declared in method <T1#16,T2#15,T3#14,T4#13,T5#12,T6#11,T7#10,T8#9,T9#8,T10#7,T11#6,T12#5,T13#4,T14#3,T15#2,T16>group(App<F,T1#16>,App<F,T2#15>,App<F,T3#14>,App<F,T4#13>,App<F,T5#12>,App<F,T6#11>,App<F,T7#10>,App<F,T8#9>,App<F,T9#8>,App<F,T10#7>,App<F,T11#6>,App<F,T12#5>,App<F,T13#4>,App<F,T14#3>,App<F,T15#2>,App<F,T16>)
      T5#12 extends Object declared in method <T1#16,T2#15,T3#14,T4#13,T5#12,T6#11,T7#10,T8#9,T9#8,T10#7,T11#6,T12#5,T13#4,T14#3,T15#2,T16>group(App<F,T1#16>,App<F,T2#15>,App<F,T3#14>,App<F,T4#13>,App<F,T5#12>,App<F,T6#11>,App<F,T7#10>,App<F,T8#9>,App<F,T9#8>,App<F,T10#7>,App<F,T11#6>,App<F,T12#5>,App<F,T13#4>,App<F,T14#3>,App<F,T15#2>,App<F,T16>)
      T6#11 extends Object declared in method <T1#16,T2#15,T3#14,T4#13,T5#12,T6#11,T7#10,T8#9,T9#8,T10#7,T11#6,T12#5,T13#4,T14#3,T15#2,T16>group(App<F,T1#16>,App<F,T2#15>,App<F,T3#14>,App<F,T4#13>,App<F,T5#12>,App<F,T6#11>,App<F,T7#10>,App<F,T8#9>,App<F,T9#8>,App<F,T10#7>,App<F,T11#6>,App<F,T12#5>,App<F,T13#4>,App<F,T14#3>,App<F,T15#2>,App<F,T16>)
      T7#10 extends Object declared in method <T1#16,T2#15,T3#14,T4#13,T5#12,T6#11,T7#10,T8#9,T9#8,T10#7,T11#6,T12#5,T13#4,T14#3,T15#2,T16>group(App<F,T1#16>,App<F,T2#15>,App<F,T3#14>,App<F,T4#13>,App<F,T5#12>,App<F,T6#11>,App<F,T7#10>,App<F,T8#9>,App<F,T9#8>,App<F,T10#7>,App<F,T11#6>,App<F,T12#5>,App<F,T13#4>,App<F,T14#3>,App<F,T15#2>,App<F,T16>)
      T8#9 extends Object declared in method <T1#16,T2#15,T3#14,T4#13,T5#12,T6#11,T7#10,T8#9,T9#8,T10#7,T11#6,T12#5,T13#4,T14#3,T15#2,T16>group(App<F,T1#16>,App<F,T2#15>,App<F,T3#14>,App<F,T4#13>,App<F,T5#12>,App<F,T6#11>,App<F,T7#10>,App<F,T8#9>,App<F,T9#8>,App<F,T10#7>,App<F,T11#6>,App<F,T12#5>,App<F,T13#4>,App<F,T14#3>,App<F,T15#2>,App<F,T16>)
      T9#8 extends Object declared in method <T1#16,T2#15,T3#14,T4#13,T5#12,T6#11,T7#10,T8#9,T9#8,T10#7,T11#6,T12#5,T13#4,T14#3,T15#2,T16>group(App<F,T1#16>,App<F,T2#15>,App<F,T3#14>,App<F,T4#13>,App<F,T5#12>,App<F,T6#11>,App<F,T7#10>,App<F,T8#9>,App<F,T9#8>,App<F,T10#7>,App<F,T11#6>,App<F,T12#5>,App<F,T13#4>,App<F,T14#3>,App<F,T15#2>,App<F,T16>)
      T10#7 extends Object declared in method <T1#16,T2#15,T3#14,T4#13,T5#12,T6#11,T7#10,T8#9,T9#8,T10#7,T11#6,T12#5,T13#4,T14#3,T15#2,T16>group(App<F,T1#16>,App<F,T2#15>,App<F,T3#14>,App<F,T4#13>,App<F,T5#12>,App<F,T6#11>,App<F,T7#10>,App<F,T8#9>,App<F,T9#8>,App<F,T10#7>,App<F,T11#6>,App<F,T12#5>,App<F,T13#4>,App<F,T14#3>,App<F,T15#2>,App<F,T16>)
      T11#6 extends Object declared in method <T1#16,T2#15,T3#14,T4#13,T5#12,T6#11,T7#10,T8#9,T9#8,T10#7,T11#6,T12#5,T13#4,T14#3,T15#2,T16>group(App<F,T1#16>,App<F,T2#15>,App<F,T3#14>,App<F,T4#13>,App<F,T5#12>,App<F,T6#11>,App<F,T7#10>,App<F,T8#9>,App<F,T9#8>,App<F,T10#7>,App<F,T11#6>,App<F,T12#5>,App<F,T13#4>,App<F,T14#3>,App<F,T15#2>,App<F,T16>)
      T12#5 extends Object declared in method <T1#16,T2#15,T3#14,T4#13,T5#12,T6#11,T7#10,T8#9,T9#8,T10#7,T11#6,T12#5,T13#4,T14#3,T15#2,T16>group(App<F,T1#16>,App<F,T2#15>,App<F,T3#14>,App<F,T4#13>,App<F,T5#12>,App<F,T6#11>,App<F,T7#10>,App<F,T8#9>,App<F,T9#8>,App<F,T10#7>,App<F,T11#6>,App<F,T12#5>,App<F,T13#4>,App<F,T14#3>,App<F,T15#2>,App<F,T16>)
      T13#4 extends Object declared in method <T1#16,T2#15,T3#14,T4#13,T5#12,T6#11,T7#10,T8#9,T9#8,T10#7,T11#6,T12#5,T13#4,T14#3,T15#2,T16>group(App<F,T1#16>,App<F,T2#15>,App<F,T3#14>,App<F,T4#13>,App<F,T5#12>,App<F,T6#11>,App<F,T7#10>,App<F,T8#9>,App<F,T9#8>,App<F,T10#7>,App<F,T11#6>,App<F,T12#5>,App<F,T13#4>,App<F,T14#3>,App<F,T15#2>,App<F,T16>)
      T14#3 extends Object declared in method <T1#16,T2#15,T3#14,T4#13,T5#12,T6#11,T7#10,T8#9,T9#8,T10#7,T11#6,T12#5,T13#4,T14#3,T15#2,T16>group(App<F,T1#16>,App<F,T2#15>,App<F,T3#14>,App<F,T4#13>,App<F,T5#12>,App<F,T6#11>,App<F,T7#10>,App<F,T8#9>,App<F,T9#8>,App<F,T10#7>,App<F,T11#6>,App<F,T12#5>,App<F,T13#4>,App<F,T14#3>,App<F,T15#2>,App<F,T16>)
      T15#2 extends Object declared in method <T1#16,T2#15,T3#14,T4#13,T5#12,T6#11,T7#10,T8#9,T9#8,T10#7,T11#6,T12#5,T13#4,T14#3,T15#2,T16>group(App<F,T1#16>,App<F,T2#15>,App<F,T3#14>,App<F,T4#13>,App<F,T5#12>,App<F,T6#11>,App<F,T7#10>,App<F,T8#9>,App<F,T9#8>,App<F,T10#7>,App<F,T11#6>,App<F,T12#5>,App<F,T13#4>,App<F,T14#3>,App<F,T15#2>,App<F,T16>)
      T16 extends Object declared in method <T1#16,T2#15,T3#14,T4#13,T5#12,T6#11,T7#10,T8#9,T9#8,T10#7,T11#6,T12#5,T13#4,T14#3,T15#2,T16>group(App<F,T1#16>,App<F,T2#15>,App<F,T3#14>,App<F,T4#13>,App<F,T5#12>,App<F,T6#11>,App<F,T7#10>,App<F,T8#9>,App<F,T9#8>,App<F,T10#7>,App<F,T11#6>,App<F,T12#5>,App<F,T13#4>,App<F,T14#3>,App<F,T15#2>,App<F,T16>)
  /home/runner/work/mcJava/mcJava/android/app/src/main/java/net/minecraft/server/dialog/CommonDialogData.java:23: error: no suitable method found for group(RecordCodecBuilder<CommonDialogData,Component>,RecordCodecBuilder<CommonDialogData,Optional<Component>>,RecordCodecBuilder<CommonDialogData,Boolean>,RecordCodecBuilder<CommonDialogData,Boolean>,RecordCodecBuilder<CommonDialogData,DialogAction>,RecordCodecBuilder<CommonDialogData,List<DialogBody>>,RecordCodecBuilder<CommonDialogData,List<Input>>)
           i -> i.group(
                 ^
      method Kind1.<T1#1>group(App<Mu<Object>,T1#1>) is not applicable
        (cannot infer type-variable(s) T1#1
          (actual and formal argument lists differ in length))
      method Kind1.<T1#2,T2#1>group(App<Mu<Object>,T1#2>,App<Mu<Object>,T2#1>) is not applicable
        (cannot infer type-variable(s) T1#2,T2#1
          (actual and formal argument lists differ in length))
      method Kind1.<T1#3,T2#2,T3#1>group(App<Mu<Object>,T1#3>,App<Mu<Object>,T2#2>,App<Mu<Object>,T3#1>) is not applicable
        (cannot infer type-variable(s) T1#3,T2#2,T3#1
          (actual and formal argument lists differ in length))
      method Kind1.<T1#4,T2#3,T3#2,T4#1>group(App<Mu<Object>,T1#4>,App<Mu<Object>,T2#3>,App<Mu<Object>,T3#2>,App<Mu<Object>,T4#1>) is not applicable
        (cannot infer type-variable(s) T1#4,T2#3,T3#2,T4#1
          (actual and formal argument lists differ in length))
      method Kind1.<T1#5,T2#4,T3#3,T4#2,T5#1>group(App<Mu<Object>,T1#5>,App<Mu<Object>,T2#4>,App<Mu<Object>,T3#3>,App<Mu<Object>,T4#2>,App<Mu<Object>,T5#1>) is not applicable
        (cannot infer type-variable(s) T1#5,T2#4,T3#3,T4#2,T5#1
          (actual and formal argument lists differ in length))
      method Kind1.<T1#6,T2#5,T3#4,T4#3,T5#2,T6#1>group(App<Mu<Object>,T1#6>,App<Mu<Object>,T2#5>,App<Mu<Object>,T3#4>,App<Mu<Object>,T4#3>,App<Mu<Object>,T5#2>,App<Mu<Object>,T6#1>) is not applicable
        (cannot infer type-variable(s) T1#6,T2#5,T3#4,T4#3,T5#2,T6#1
          (actual and formal argument lists differ in length))
      method Kind1.<T1#7,T2#6,T3#5,T4#4,T5#3,T6#2,T7#1>group(App<Mu<Object>,T1#7>,App<Mu<Object>,T2#6>,App<Mu<Object>,T3#5>,App<Mu<Object>,T4#4>,App<Mu<Object>,T5#3>,App<Mu<Object>,T6#2>,App<Mu<Object>,T7#1>) is not applicable
        (inference variable O has incompatible equality constraints CommonDialogData,Object)
      method Kind1.<T1#8,T2#7,T3#6,T4#5,T5#4,T6#3,T7#2,T8#1>group(App<Mu<Object>,T1#8>,App<Mu<Object>,T2#7>,App<Mu<Object>,T3#6>,App<Mu<Object>,T4#5>,App<Mu<Object>,T5#4>,App<Mu<Object>,T6#3>,App<Mu<Object>,T7#2>,App<Mu<Object>,T8#1>) is not applicable
        (cannot infer type-variable(s) T1#8,T2#7,T3#6,T4#5,T5#4,T6#3,T7#2,T8#1
          (actual and formal argument lists differ in length))
      method Kind1.<T1#9,T2#8,T3#7,T4#6,T5#5,T6#4,T7#3,T8#2,T9#1>group(App<Mu<Object>,T1#9>,App<Mu<Object>,T2#8>,App<Mu<Object>,T3#7>,App<Mu<Object>,T4#6>,App<Mu<Object>,T5#5>,App<Mu<Object>,T6#4>,App<Mu<Object>,T7#3>,App<Mu<Object>,T8#2>,App<Mu<Object>,T9#1>) is not applicable
        (cannot infer type-variable(s) T1#9,T2#8,T3#7,T4#6,T5#5,T6#4,T7#3,T8#2,T9#1
          (actual and formal argument lists differ in length))
      method Kind1.<T1#10,T2#9,T3#8,T4#7,T5#6,T6#5,T7#4,T8#3,T9#2,T10#1>group(App<Mu<Object>,T1#10>,App<Mu<Object>,T2#9>,App<Mu<Object>,T3#8>,App<Mu<Object>,T4#7>,App<Mu<Object>,T5#6>,App<Mu<Object>,T6#5>,App<Mu<Object>,T7#4>,App<Mu<Object>,T8#3>,App<Mu<Object>,T9#2>,App<Mu<Object>,T10#1>) is not applicable
        (cannot infer type-variable(s) T1#10,T2#9,T3#8,T4#7,T5#6,T6#5,T7#4,T8#3,T9#2,T10#1
          (actual and formal argument lists differ in length))
      method Kind1.<T1#11,T2#10,T3#9,T4#8,T5#7,T6#6,T7#5,T8#4,T9#3,T10#2,T11#1>group(App<Mu<Object>,T1#11>,App<Mu<Object>,T2#10>,App<Mu<Object>,T3#9>,App<Mu<Object>,T4#8>,App<Mu<Object>,T5#7>,App<Mu<Object>,T6#6>,App<Mu<Object>,T7#5>,App<Mu<Object>,T8#4>,App<Mu<Object>,T9#3>,App<Mu<Object>,T10#2>,App<Mu<Object>,T11#1>) is not applicable
        (cannot infer type-variable(s) T1#11,T2#10,T3#9,T4#8,T5#7,T6#6,T7#5,T8#4,T9#3,T10#2,T11#1
          (actual and formal argument lists differ in length))
      method Kind1.<T1#12,T2#11,T3#10,T4#9,T5#8,T6#7,T7#6,T8#5,T9#4,T10#3,T11#2,T12#1>group(App<Mu<Object>,T1#12>,App<Mu<Object>,T2#11>,App<Mu<Object>,T3#10>,App<Mu<Object>,T4#9>,App<Mu<Object>,T5#8>,App<Mu<Object>,T6#7>,App<Mu<Object>,T7#6>,App<Mu<Object>,T8#5>,App<Mu<Object>,T9#4>,App<Mu<Object>,T10#3>,App<Mu<Object>,T11#2>,App<Mu<Object>,T12#1>) is not applicable
        (cannot infer type-variable(s) T1#12,T2#11,T3#10,T4#9,T5#8,T6#7,T7#6,T8#5,T9#4,T10#3,T11#2,T12#1
          (actual and formal argument lists differ in length))
      method Kind1.<T1#13,T2#12,T3#11,T4#10,T5#9,T6#8,T7#7,T8#6,T9#5,T10#4,T11#3,T12#2,T13#1>group(App<Mu<Object>,T1#13>,App<Mu<Object>,T2#12>,App<Mu<Object>,T3#11>,App<Mu<Object>,T4#10>,App<Mu<Object>,T5#9>,App<Mu<Object>,T6#8>,App<Mu<Object>,T7#7>,App<Mu<Object>,T8#6>,App<Mu<Object>,T9#5>,App<Mu<Object>,T10#4>,App<Mu<Object>,T11#3>,App<Mu<Object>,T12#2>,App<Mu<Object>,T13#1>) is not applicable
        (cannot infer type-variable(s) T1#13,T2#12,T3#11,T4#10,T5#9,T6#8,T7#7,T8#6,T9#5,T10#4,T11#3,T12#2,T13#1
          (actual and formal argument lists differ in length))
      method Kind1.<T1#14,T2#13,T3#12,T4#11,T5#10,T6#9,T7#8,T8#7,T9#6,T10#5,T11#4,T12#3,T13#2,T14#1>group(App<Mu<Object>,T1#14>,App<Mu<Object>,T2#13>,App<Mu<Object>,T3#12>,App<Mu<Object>,T4#11>,App<Mu<Object>,T5#10>,App<Mu<Object>,T6#9>,App<Mu<Object>,T7#8>,App<Mu<Object>,T8#7>,App<Mu<Object>,T9#6>,App<Mu<Object>,T10#5>,App<Mu<Object>,T11#4>,App<Mu<Object>,T12#3>,App<Mu<Object>,T13#2>,App<Mu<Object>,T14#1>) is not applicable
        (cannot infer type-variable(s) T1#14,T2#13,T3#12,T4#11,T5#10,T6#9,T7#8,T8#7,T9#6,T10#5,T11#4,T12#3,T13#2,T14#1
          (actual and formal argument lists differ in length))
      method Kind1.<T1#15,T2#14,T3#13,T4#12,T5#11,T6#10,T7#9,T8#8,T9#7,T10#6,T11#5,T12#4,T13#3,T14#2,T15#1>group(App<Mu<Object>,T1#15>,App<Mu<Object>,T2#14>,App<Mu<Object>,T3#13>,App<Mu<Object>,T4#12>,App<Mu<Object>,T5#11>,App<Mu<Object>,T6#10>,App<Mu<Object>,T7#9>,App<Mu<Object>,T8#8>,App<Mu<Object>,T9#7>,App<Mu<Object>,T10#6>,App<Mu<Object>,T11#5>,App<Mu<Object>,T12#4>,App<Mu<Object>,T13#3>,App<Mu<Object>,T14#2>,App<Mu<Object>,T15#1>) is not applicable
        (cannot infer type-variable(s) T1#15,T2#14,T3#13,T4#12,T5#11,T6#10,T7#9,T8#8,T9#7,T10#6,T11#5,T12#4,T13#3,T14#2,T15#1
          (actual and formal argument lists differ in length))
      method Kind1.<T1#16,T2#15,T3#14,T4#13,T5#12,T6#11,T7#10,T8#9,T9#8,T10#7,T11#6,T12#5,T13#4,T14#3,T15#2,T16>group(App<Mu<Object>,T1#16>,App<Mu<Object>,T2#15>,App<Mu<Object>,T3#14>,App<Mu<Object>,T4#13>,App<Mu<Object>,T5#12>,App<Mu<Object>,T6#11>,App<Mu<Object>,T7#10>,App<Mu<Object>,T8#9>,App<Mu<Object>,T9#8>,App<Mu<Object>,T10#7>,App<Mu<Object>,T11#6>,App<Mu<Object>,T12#5>,App<Mu<Object>,T13#4>,App<Mu<Object>,T14#3>,App<Mu<Object>,T15#2>,App<Mu<Object>,T16>) is not applicable
        (cannot infer type-variable(s) T1#16,T2#15,T3#14,T4#13,T5#12,T6#11,T7#10,T8#9,T9#8,T10#7,T11#6,T12#5,T13#4,T14#3,T15#2,T16
          (actual and formal argument lists differ in length))
    where T1#1,F,T1#2,T2#1,T1#3,T2#2,T3#1,T1#4,T2#3,T3#2,T4#1,T1#5,T2#4,T3#3,T4#2,T5#1,T1#6,T2#5,T3#4,T4#3,T5#2,T6#1,T1#7,T2#6,T3#5,T4#4,T5#3,T6#2,T7#1,O,A,T1#8,T2#7,T3#6,T4#5,T5#4,T6#3,T7#2,T8#1,T1#9,T2#8,T3#7,T4#6,T5#5,T6#4,T7#3,T8#2,T9#1,T1#10,T2#9,T3#8,T4#7,T5#6,T6#5,T7#4,T8#3,T9#2,T10#1,T1#11,T2#10,T3#9,T4#8,T5#7,T6#6,T7#5,T8#4,T9#3,T10#2,T11#1,T1#12,T2#11,T3#10,T4#9,T5#8,T6#7,T7#6,T8#5,T9#4,T10#3,T11#2,T12#1,T1#13,T2#12,T3#11,T4#10,T5#9,T6#8,T7#7,T8#6,T9#5,T10#4,T11#3,T12#2,T13#1,T1#14,T2#13,T3#12,T4#11,T5#10,T6#9,T7#8,T8#7,T9#6,T10#5,T11#4,T12#3,T13#2,T14#1,T1#15,T2#14,T3#13,T4#12,T5#11,T6#10,T7#9,T8#8,T9#7,T10#6,T11#5,T12#4,T13#3,T14#2,T15#1,T1#16,T2#15,T3#14,T4#13,T5#12,T6#11,T7#10,T8#9,T9#8,T10#7,T11#6,T12#5,T13#4,T14#3,T15#2,T16 are type-variables:
      T1#1 extends Object declared in method <T1#1>group(App<F,T1#1>)
      F extends K1 declared in interface Kind1
      T1#2 extends Object declared in method <T1#2,T2#1>group(App<F,T1#2>,App<F,T2#1>)
      T2#1 extends Object declared in method <T1#2,T2#1>group(App<F,T1#2>,App<F,T2#1>)
      T1#3 extends Object declared in method <T1#3,T2#2,T3#1>group(App<F,T1#3>,App<F,T2#2>,App<F,T3#1>)
      T2#2 extends Object declared in method <T1#3,T2#2,T3#1>group(App<F,T1#3>,App<F,T2#2>,App<F,T3#1>)
      T3#1 extends Object declared in method <T1#3,T2#2,T3#1>group(App<F,T1#3>,App<F,T2#2>,App<F,T3#1>)
      T1#4 extends Object declared in method <T1#4,T2#3,T3#2,T4#1>group(App<F,T1#4>,App<F,T2#3>,App<F,T3#2>,App<F,T4#1>)
      T2#3 extends Object declared in method <T1#4,T2#3,T3#2,T4#1>group(App<F,T1#4>,App<F,T2#3>,App<F,T3#2>,App<F,T4#1>)
      T3#2 extends Object declared in method <T1#4,T2#3,T3#2,T4#1>group(App<F,T1#4>,App<F,T2#3>,App<F,T3#2>,App<F,T4#1>)
      T4#1 extends Object declared in method <T1#4,T2#3,T3#2,T4#1>group(App<F,T1#4>,App<F,T2#3>,App<F,T3#2>,App<F,T4#1>)
      T1#5 extends Object declared in method <T1#5,T2#4,T3#3,T4#2,T5#1>group(App<F,T1#5>,App<F,T2#4>,App<F,T3#3>,App<F,T4#2>,App<F,T5#1>)
      T2#4 extends Object declared in method <T1#5,T2#4,T3#3,T4#2,T5#1>group(App<F,T1#5>,App<F,T2#4>,App<F,T3#3>,App<F,T4#2>,App<F,T5#1>)
      T3#3 extends Object declared in method <T1#5,T2#4,T3#3,T4#2,T5#1>group(App<F,T1#5>,App<F,T2#4>,App<F,T3#3>,App<F,T4#2>,App<F,T5#1>)
      T4#2 extends Object declared in method <T1#5,T2#4,T3#3,T4#2,T5#1>group(App<F,T1#5>,App<F,T2#4>,App<F,T3#3>,App<F,T4#2>,App<F,T5#1>)
      T5#1 extends Object declared in method <T1#5,T2#4,T3#3,T4#2,T5#1>group(App<F,T1#5>,App<F,T2#4>,App<F,T3#3>,App<F,T4#2>,App<F,T5#1>)
      T1#6 extends Object declared in method <T1#6,T2#5,T3#4,T4#3,T5#2,T6#1>group(App<F,T1#6>,App<F,T2#5>,App<F,T3#4>,App<F,T4#3>,App<F,T5#2>,App<F,T6#1>)
      T2#5 extends Object declared in method <T1#6,T2#5,T3#4,T4#3,T5#2,T6#1>group(App<F,T1#6>,App<F,T2#5>,App<F,T3#4>,App<F,T4#3>,App<F,T5#2>,App<F,T6#1>)
      T3#4 extends Object declared in method <T1#6,T2#5,T3#4,T4#3,T5#2,T6#1>group(App<F,T1#6>,App<F,T2#5>,App<F,T3#4>,App<F,T4#3>,App<F,T5#2>,App<F,T6#1>)
      T4#3 extends Object declared in method <T1#6,T2#5,T3#4,T4#3,T5#2,T6#1>group(App<F,T1#6>,App<F,T2#5>,App<F,T3#4>,App<F,T4#3>,App<F,T5#2>,App<F,T6#1>)
      T5#2 extends Object declared in method <T1#6,T2#5,T3#4,T4#3,T5#2,T6#1>group(App<F,T1#6>,App<F,T2#5>,App<F,T3#4>,App<F,T4#3>,App<F,T5#2>,App<F,T6#1>)
      T6#1 extends Object declared in method <T1#6,T2#5,T3#4,T4#3,T5#2,T6#1>group(App<F,T1#6>,App<F,T2#5>,App<F,T3#4>,App<F,T4#3>,App<F,T5#2>,App<F,T6#1>)
      T1#7 extends Object declared in method <T1#7,T2#6,T3#5,T4#4,T5#3,T6#2,T7#1>group(App<F,T1#7>,App<F,T2#6>,App<F,T3#5>,App<F,T4#4>,App<F,T5#3>,App<F,T6#2>,App<F,T7#1>)
      T2#6 extends Object declared in method <T1#7,T2#6,T3#5,T4#4,T5#3,T6#2,T7#1>group(App<F,T1#7>,App<F,T2#6>,App<F,T3#5>,App<F,T4#4>,App<F,T5#3>,App<F,T6#2>,App<F,T7#1>)
      T3#5 extends Object declared in method <T1#7,T2#6,T3#5,T4#4,T5#3,T6#2,T7#1>group(App<F,T1#7>,App<F,T2#6>,App<F,T3#5>,App<F,T4#4>,App<F,T5#3>,App<F,T6#2>,App<F,T7#1>)
      T4#4 extends Object declared in method <T1#7,T2#6,T3#5,T4#4,T5#3,T6#2,T7#1>group(App<F,T1#7>,App<F,T2#6>,App<F,T3#5>,App<F,T4#4>,App<F,T5#3>,App<F,T6#2>,App<F,T7#1>)
      T5#3 extends Object declared in method <T1#7,T2#6,T3#5,T4#4,T5#3,T6#2,T7#1>group(App<F,T1#7>,App<F,T2#6>,App<F,T3#5>,App<F,T4#4>,App<F,T5#3>,App<F,T6#2>,App<F,T7#1>)
      T6#2 extends Object declared in method <T1#7,T2#6,T3#5,T4#4,T5#3,T6#2,T7#1>group(App<F,T1#7>,App<F,T2#6>,App<F,T3#5>,App<F,T4#4>,App<F,T5#3>,App<F,T6#2>,App<F,T7#1>)
      T7#1 extends Object declared in method <T1#7,T2#6,T3#5,T4#4,T5#3,T6#2,T7#1>group(App<F,T1#7>,App<F,T2#6>,App<F,T3#5>,App<F,T4#4>,App<F,T5#3>,App<F,T6#2>,App<F,T7#1>)
      O extends Object declared in method <O>forGetter(Function<O,A>)
      A extends Object declared in class MapCodec
      T1#8 extends Object declared in method <T1#8,T2#7,T3#6,T4#5,T5#4,T6#3,T7#2,T8#1>group(App<F,T1#8>,App<F,T2#7>,App<F,T3#6>,App<F,T4#5>,App<F,T5#4>,App<F,T6#3>,App<F,T7#2>,App<F,T8#1>)
      T2#7 extends Object declared in method <T1#8,T2#7,T3#6,T4#5,T5#4,T6#3,T7#2,T8#1>group(App<F,T1#8>,App<F,T2#7>,App<F,T3#6>,App<F,T4#5>,App<F,T5#4>,App<F,T6#3>,App<F,T7#2>,App<F,T8#1>)
      T3#6 extends Object declared in method <T1#8,T2#7,T3#6,T4#5,T5#4,T6#3,T7#2,T8#1>group(App<F,T1#8>,App<F,T2#7>,App<F,T3#6>,App<F,T4#5>,App<F,T5#4>,App<F,T6#3>,App<F,T7#2>,App<F,T8#1>)
      T4#5 extends Object declared in method <T1#8,T2#7,T3#6,T4#5,T5#4,T6#3,T7#2,T8#1>group(App<F,T1#8>,App<F,T2#7>,App<F,T3#6>,App<F,T4#5>,App<F,T5#4>,App<F,T6#3>,App<F,T7#2>,App<F,T8#1>)
      T5#4 extends Object declared in method <T1#8,T2#7,T3#6,T4#5,T5#4,T6#3,T7#2,T8#1>group(App<F,T1#8>,App<F,T2#7>,App<F,T3#6>,App<F,T4#5>,App<F,T5#4>,App<F,T6#3>,App<F,T7#2>,App<F,T8#1>)
      T6#3 extends Object declared in method <T1#8,T2#7,T3#6,T4#5,T5#4,T6#3,T7#2,T8#1>group(App<F,T1#8>,App<F,T2#7>,App<F,T3#6>,App<F,T4#5>,App<F,T5#4>,App<F,T6#3>,App<F,T7#2>,App<F,T8#1>)
      T7#2 extends Object declared in method <T1#8,T2#7,T3#6,T4#5,T5#4,T6#3,T7#2,T8#1>group(App<F,T1#8>,App<F,T2#7>,App<F,T3#6>,App<F,T4#5>,App<F,T5#4>,App<F,T6#3>,App<F,T7#2>,App<F,T8#1>)
      T8#1 extends Object declared in method <T1#8,T2#7,T3#6,T4#5,T5#4,T6#3,T7#2,T8#1>group(App<F,T1#8>,App<F,T2#7>,App<F,T3#6>,App<F,T4#5>,App<F,T5#4>,App<F,T6#3>,App<F,T7#2>,App<F,T8#1>)
      T1#9 extends Object declared in method <T1#9,T2#8,T3#7,T4#6,T5#5,T6#4,T7#3,T8#2,T9#1>group(App<F,T1#9>,App<F,T2#8>,App<F,T3#7>,App<F,T4#6>,App<F,T5#5>,App<F,T6#4>,App<F,T7#3>,App<F,T8#2>,App<F,T9#1>)
      T2#8 extends Object declared in method <T1#9,T2#8,T3#7,T4#6,T5#5,T6#4,T7#3,T8#2,T9#1>group(App<F,T1#9>,App<F,T2#8>,App<F,T3#7>,App<F,T4#6>,App<F,T5#5>,App<F,T6#4>,App<F,T7#3>,App<F,T8#2>,App<F,T9#1>)
      T3#7 extends Object declared in method <T1#9,T2#8,T3#7,T4#6,T5#5,T6#4,T7#3,T8#2,T9#1>group(App<F,T1#9>,App<F,T2#8>,App<F,T3#7>,App<F,T4#6>,App<F,T5#5>,App<F,T6#4>,App<F,T7#3>,App<F,T8#2>,App<F,T9#1>)
      T4#6 extends Object declared in method <T1#9,T2#8,T3#7,T4#6,T5#5,T6#4,T7#3,T8#2,T9#1>group(App<F,T1#9>,App<F,T2#8>,App<F,T3#7>,App<F,T4#6>,App<F,T5#5>,App<F,T6#4>,App<F,T7#3>,App<F,T8#2>,App<F,T9#1>)
      T5#5 extends Object declared in method <T1#9,T2#8,T3#7,T4#6,T5#5,T6#4,T7#3,T8#2,T9#1>group(App<F,T1#9>,App<F,T2#8>,App<F,T3#7>,App<F,T4#6>,App<F,T5#5>,App<F,T6#4>,App<F,T7#3>,App<F,T8#2>,App<F,T9#1>)
      T6#4 extends Object declared in method <T1#9,T2#8,T3#7,T4#6,T5#5,T6#4,T7#3,T8#2,T9#1>group(App<F,T1#9>,App<F,T2#8>,App<F,T3#7>,App<F,T4#6>,App<F,T5#5>,App<F,T6#4>,App<F,T7#3>,App<F,T8#2>,App<F,T9#1>)
      T7#3 extends Object declared in method <T1#9,T2#8,T3#7,T4#6,T5#5,T6#4,T7#3,T8#2,T9#1>group(App<F,T1#9>,App<F,T2#8>,App<F,T3#7>,App<F,T4#6>,App<F,T5#5>,App<F,T6#4>,App<F,T7#3>,App<F,T8#2>,App<F,T9#1>)
      T8#2 extends Object declared in method <T1#9,T2#8,T3#7,T4#6,T5#5,T6#4,T7#3,T8#2,T9#1>group(App<F,T1#9>,App<F,T2#8>,App<F,T3#7>,App<F,T4#6>,App<F,T5#5>,App<F,T6#4>,App<F,T7#3>,App<F,T8#2>,App<F,T9#1>)
      T9#1 extends Object declared in method <T1#9,T2#8,T3#7,T4#6,T5#5,T6#4,T7#3,T8#2,T9#1>group(App<F,T1#9>,App<F,T2#8>,App<F,T3#7>,App<F,T4#6>,App<F,T5#5>,App<F,T6#4>,App<F,T7#3>,App<F,T8#2>,App<F,T9#1>)
      T1#10 extends Object declared in method <T1#10,T2#9,T3#8,T4#7,T5#6,T6#5,T7#4,T8#3,T9#2,T10#1>group(App<F,T1#10>,App<F,T2#9>,App<F,T3#8>,App<F,T4#7>,App<F,T5#6>,App<F,T6#5>,App<F,T7#4>,App<F,T8#3>,App<F,T9#2>,App<F,T10#1>)
      T2#9 extends Object declared in method <T1#10,T2#9,T3#8,T4#7,T5#6,T6#5,T7#4,T8#3,T9#2,T10#1>group(App<F,T1#10>,App<F,T2#9>,App<F,T3#8>,App<F,T4#7>,App<F,T5#6>,App<F,T6#5>,App<F,T7#4>,App<F,T8#3>,App<F,T9#2>,App<F,T10#1>)
      T3#8 extends Object declared in method <T1#10,T2#9,T3#8,T4#7,T5#6,T6#5,T7#4,T8#3,T9#2,T10#1>group(App<F,T1#10>,App<F,T2#9>,App<F,T3#8>,App<F,T4#7>,App<F,T5#6>,App<F,T6#5>,App<F,T7#4>,App<F,T8#3>,App<F,T9#2>,App<F,T10#1>)
      T4#7 extends Object declared in method <T1#10,T2#9,T3#8,T4#7,T5#6,T6#5,T7#4,T8#3,T9#2,T10#1>group(App<F,T1#10>,App<F,T2#9>,App<F,T3#8>,App<F,T4#7>,App<F,T5#6>,App<F,T6#5>,App<F,T7#4>,App<F,T8#3>,App<F,T9#2>,App<F,T10#1>)
      T5#6 extends Object declared in method <T1#10,T2#9,T3#8,T4#7,T5#6,T6#5,T7#4,T8#3,T9#2,T10#1>group(App<F,T1#10>,App<F,T2#9>,App<F,T3#8>,App<F,T4#7>,App<F,T5#6>,App<F,T6#5>,App<F,T7#4>,App<F,T8#3>,App<F,T9#2>,App<F,T10#1>)
      T6#5 extends Object declared in method <T1#10,T2#9,T3#8,T4#7,T5#6,T6#5,T7#4,T8#3,T9#2,T10#1>group(App<F,T1#10>,App<F,T2#9>,App<F,T3#8>,App<F,T4#7>,App<F,T5#6>,App<F,T6#5>,App<F,T7#4>,App<F,T8#3>,App<F,T9#2>,App<F,T10#1>)
      T7#4 extends Object declared in method <T1#10,T2#9,T3#8,T4#7,T5#6,T6#5,T7#4,T8#3,T9#2,T10#1>group(App<F,T1#10>,App<F,T2#9>,App<F,T3#8>,App<F,T4#7>,App<F,T5#6>,App<F,T6#5>,App<F,T7#4>,App<F,T8#3>,App<F,T9#2>,App<F,T10#1>)
      T8#3 extends Object declared in method <T1#10,T2#9,T3#8,T4#7,T5#6,T6#5,T7#4,T8#3,T9#2,T10#1>group(App<F,T1#10>,App<F,T2#9>,App<F,T3#8>,App<F,T4#7>,App<F,T5#6>,App<F,T6#5>,App<F,T7#4>,App<F,T8#3>,App<F,T9#2>,App<F,T10#1>)
      T9#2 extends Object declared in method <T1#10,T2#9,T3#8,T4#7,T5#6,T6#5,T7#4,T8#3,T9#2,T10#1>group(App<F,T1#10>,App<F,T2#9>,App<F,T3#8>,App<F,T4#7>,App<F,T5#6>,App<F,T6#5>,App<F,T7#4>,App<F,T8#3>,App<F,T9#2>,App<F,T10#1>)
      T10#1 extends Object declared in method <T1#10,T2#9,T3#8,T4#7,T5#6,T6#5,T7#4,T8#3,T9#2,T10#1>group(App<F,T1#10>,App<F,T2#9>,App<F,T3#8>,App<F,T4#7>,App<F,T5#6>,App<F,T6#5>,App<F,T7#4>,App<F,T8#3>,App<F,T9#2>,App<F,T10#1>)
      T1#11 extends Object declared in method <T1#11,T2#10,T3#9,T4#8,T5#7,T6#6,T7#5,T8#4,T9#3,T10#2,T11#1>group(App<F,T1#11>,App<F,T2#10>,App<F,T3#9>,App<F,T4#8>,App<F,T5#7>,App<F,T6#6>,App<F,T7#5>,App<F,T8#4>,App<F,T9#3>,App<F,T10#2>,App<F,T11#1>)
      T2#10 extends Object declared in method <T1#11,T2#10,T3#9,T4#8,T5#7,T6#6,T7#5,T8#4,T9#3,T10#2,T11#1>group(App<F,T1#11>,App<F,T2#10>,App<F,T3#9>,App<F,T4#8>,App<F,T5#7>,App<F,T6#6>,App<F,T7#5>,App<F,T8#4>,App<F,T9#3>,App<F,T10#2>,App<F,T11#1>)
      T3#9 extends Object declared in method <T1#11,T2#10,T3#9,T4#8,T5#7,T6#6,T7#5,T8#4,T9#3,T10#2,T11#1>group(App<F,T1#11>,App<F,T2#10>,App<F,T3#9>,App<F,T4#8>,App<F,T5#7>,App<F,T6#6>,App<F,T7#5>,App<F,T8#4>,App<F,T9#3>,App<F,T10#2>,App<F,T11#1>)
      T4#8 extends Object declared in method <T1#11,T2#10,T3#9,T4#8,T5#7,T6#6,T7#5,T8#4,T9#3,T10#2,T11#1>group(App<F,T1#11>,App<F,T2#10>,App<F,T3#9>,App<F,T4#8>,App<F,T5#7>,App<F,T6#6>,App<F,T7#5>,App<F,T8#4>,App<F,T9#3>,App<F,T10#2>,App<F,T11#1>)
      T5#7 extends Object declared in method <T1#11,T2#10,T3#9,T4#8,T5#7,T6#6,T7#5,T8#4,T9#3,T10#2,T11#1>group(App<F,T1#11>,App<F,T2#10>,App<F,T3#9>,App<F,T4#8>,App<F,T5#7>,App<F,T6#6>,App<F,T7#5>,App<F,T8#4>,App<F,T9#3>,App<F,T10#2>,App<F,T11#1>)
      T6#6 extends Object declared in method <T1#11,T2#10,T3#9,T4#8,T5#7,T6#6,T7#5,T8#4,T9#3,T10#2,T11#1>group(App<F,T1#11>,App<F,T2#10>,App<F,T3#9>,App<F,T4#8>,App<F,T5#7>,App<F,T6#6>,App<F,T7#5>,App<F,T8#4>,App<F,T9#3>,App<F,T10#2>,App<F,T11#1>)
      T7#5 extends Object declared in method <T1#11,T2#10,T3#9,T4#8,T5#7,T6#6,T7#5,T8#4,T9#3,T10#2,T11#1>group(App<F,T1#11>,App<F,T2#10>,App<F,T3#9>,App<F,T4#8>,App<F,T5#7>,App<F,T6#6>,App<F,T7#5>,App<F,T8#4>,App<F,T9#3>,App<F,T10#2>,App<F,T11#1>)
      T8#4 extends Object declared in method <T1#11,T2#10,T3#9,T4#8,T5#7,T6#6,T7#5,T8#4,T9#3,T10#2,T11#1>group(App<F,T1#11>,App<F,T2#10>,App<F,T3#9>,App<F,T4#8>,App<F,T5#7>,App<F,T6#6>,App<F,T7#5>,App<F,T8#4>,App<F,T9#3>,App<F,T10#2>,App<F,T11#1>)
      T9#3 extends Object declared in method <T1#11,T2#10,T3#9,T4#8,T5#7,T6#6,T7#5,T8#4,T9#3,T10#2,T11#1>group(App<F,T1#11>,App<F,T2#10>,App<F,T3#9>,App<F,T4#8>,App<F,T5#7>,App<F,T6#6>,App<F,T7#5>,App<F,T8#4>,App<F,T9#3>,App<F,T10#2>,App<F,T11#1>)
      T10#2 extends Object declared in method <T1#11,T2#10,T3#9,T4#8,T5#7,T6#6,T7#5,T8#4,T9#3,T10#2,T11#1>group(App<F,T1#11>,App<F,T2#10>,App<F,T3#9>,App<F,T4#8>,App<F,T5#7>,App<F,T6#6>,App<F,T7#5>,App<F,T8#4>,App<F,T9#3>,App<F,T10#2>,App<F,T11#1>)
      T11#1 extends Object declared in method <T1#11,T2#10,T3#9,T4#8,T5#7,T6#6,T7#5,T8#4,T9#3,T10#2,T11#1>group(App<F,T1#11>,App<F,T2#10>,App<F,T3#9>,App<F,T4#8>,App<F,T5#7>,App<F,T6#6>,App<F,T7#5>,App<F,T8#4>,App<F,T9#3>,App<F,T10#2>,App<F,T11#1>)
      T1#12 extends Object declared in method <T1#12,T2#11,T3#10,T4#9,T5#8,T6#7,T7#6,T8#5,T9#4,T10#3,T11#2,T12#1>group(App<F,T1#12>,App<F,T2#11>,App<F,T3#10>,App<F,T4#9>,App<F,T5#8>,App<F,T6#7>,App<F,T7#6>,App<F,T8#5>,App<F,T9#4>,App<F,T10#3>,App<F,T11#2>,App<F,T12#1>)
      T2#11 extends Object declared in method <T1#12,T2#11,T3#10,T4#9,T5#8,T6#7,T7#6,T8#5,T9#4,T10#3,T11#2,T12#1>group(App<F,T1#12>,App<F,T2#11>,App<F,T3#10>,App<F,T4#9>,App<F,T5#8>,App<F,T6#7>,App<F,T7#6>,App<F,T8#5>,App<F,T9#4>,App<F,T10#3>,App<F,T11#2>,App<F,T12#1>)
      T3#10 extends Object declared in method <T1#12,T2#11,T3#10,T4#9,T5#8,T6#7,T7#6,T8#5,T9#4,T10#3,T11#2,T12#1>group(App<F,T1#12>,App<F,T2#11>,App<F,T3#10>,App<F,T4#9>,App<F,T5#8>,App<F,T6#7>,App<F,T7#6>,App<F,T8#5>,App<F,T9#4>,App<F,T10#3>,App<F,T11#2>,App<F,T12#1>)
      T4#9 extends Object declared in method <T1#12,T2#11,T3#10,T4#9,T5#8,T6#7,T7#6,T8#5,T9#4,T10#3,T11#2,T12#1>group(App<F,T1#12>,App<F,T2#11>,App<F,T3#10>,App<F,T4#9>,App<F,T5#8>,App<F,T6#7>,App<F,T7#6>,App<F,T8#5>,App<F,T9#4>,App<F,T10#3>,App<F,T11#2>,App<F,T12#1>)
      T5#8 extends Object declared in method <T1#12,T2#11,T3#10,T4#9,T5#8,T6#7,T7#6,T8#5,T9#4,T10#3,T11#2,T12#1>group(App<F,T1#12>,App<F,T2#11>,App<F,T3#10>,App<F,T4#9>,App<F,T5#8>,App<F,T6#7>,App<F,T7#6>,App<F,T8#5>,App<F,T9#4>,App<F,T10#3>,App<F,T11#2>,App<F,T12#1>)
      T6#7 extends Object declared in method <T1#12,T2#11,T3#10,T4#9,T5#8,T6#7,T7#6,T8#5,T9#4,T10#3,T11#2,T12#1>group(App<F,T1#12>,App<F,T2#11>,App<F,T3#10>,App<F,T4#9>,App<F,T5#8>,App<F,T6#7>,App<F,T7#6>,App<F,T8#5>,App<F,T9#4>,App<F,T10#3>,App<F,T11#2>,App<F,T12#1>)
      T7#6 extends Object declared in method <T1#12,T2#11,T3#10,T4#9,T5#8,T6#7,T7#6,T8#5,T9#4,T10#3,T11#2,T12#1>group(App<F,T1#12>,App<F,T2#11>,App<F,T3#10>,App<F,T4#9>,App<F,T5#8>,App<F,T6#7>,App<F,T7#6>,App<F,T8#5>,App<F,T9#4>,App<F,T10#3>,App<F,T11#2>,App<F,T12#1>)
      T8#5 extends Object declared in method <T1#12,T2#11,T3#10,T4#9,T5#8,T6#7,T7#6,T8#5,T9#4,T10#3,T11#2,T12#1>group(App<F,T1#12>,App<F,T2#11>,App<F,T3#10>,App<F,T4#9>,App<F,T5#8>,App<F,T6#7>,App<F,T7#6>,App<F,T8#5>,App<F,T9#4>,App<F,T10#3>,App<F,T11#2>,App<F,T12#1>)
      T9#4 extends Object declared in method <T1#12,T2#11,T3#10,T4#9,T5#8,T6#7,T7#6,T8#5,T9#4,T10#3,T11#2,T12#1>group(App<F,T1#12>,App<F,T2#11>,App<F,T3#10>,App<F,T4#9>,App<F,T5#8>,App<F,T6#7>,App<F,T7#6>,App<F,T8#5>,App<F,T9#4>,App<F,T10#3>,App<F,T11#2>,App<F,T12#1>)
      T10#3 extends Object declared in method <T1#12,T2#11,T3#10,T4#9,T5#8,T6#7,T7#6,T8#5,T9#4,T10#3,T11#2,T12#1>group(App<F,T1#12>,App<F,T2#11>,App<F,T3#10>,App<F,T4#9>,App<F,T5#8>,App<F,T6#7>,App<F,T7#6>,App<F,T8#5>,App<F,T9#4>,App<F,T10#3>,App<F,T11#2>,App<F,T12#1>)
      T11#2 extends Object declared in method <T1#12,T2#11,T3#10,T4#9,T5#8,T6#7,T7#6,T8#5,T9#4,T10#3,T11#2,T12#1>group(App<F,T1#12>,App<F,T2#11>,App<F,T3#10>,App<F,T4#9>,App<F,T5#8>,App<F,T6#7>,App<F,T7#6>,App<F,T8#5>,App<F,T9#4>,App<F,T10#3>,App<F,T11#2>,App<F,T12#1>)
      T12#1 extends Object declared in method <T1#12,T2#11,T3#10,T4#9,T5#8,T6#7,T7#6,T8#5,T9#4,T10#3,T11#2,T12#1>group(App<F,T1#12>,App<F,T2#11>,App<F,T3#10>,App<F,T4#9>,App<F,T5#8>,App<F,T6#7>,App<F,T7#6>,App<F,T8#5>,App<F,T9#4>,App<F,T10#3>,App<F,T11#2>,App<F,T12#1>)
      T1#13 extends Object declared in method <T1#13,T2#12,T3#11,T4#10,T5#9,T6#8,T7#7,T8#6,T9#5,T10#4,T11#3,T12#2,T13#1>group(App<F,T1#13>,App<F,T2#12>,App<F,T3#11>,App<F,T4#10>,App<F,T5#9>,App<F,T6#8>,App<F,T7#7>,App<F,T8#6>,App<F,T9#5>,App<F,T10#4>,App<F,T11#3>,App<F,T12#2>,App<F,T13#1>)
      T2#12 extends Object declared in method <T1#13,T2#12,T3#11,T4#10,T5#9,T6#8,T7#7,T8#6,T9#5,T10#4,T11#3,T12#2,T13#1>group(App<F,T1#13>,App<F,T2#12>,App<F,T3#11>,App<F,T4#10>,App<F,T5#9>,App<F,T6#8>,App<F,T7#7>,App<F,T8#6>,App<F,T9#5>,App<F,T10#4>,App<F,T11#3>,App<F,T12#2>,App<F,T13#1>)
      T3#11 extends Object declared in method <T1#13,T2#12,T3#11,T4#10,T5#9,T6#8,T7#7,T8#6,T9#5,T10#4,T11#3,T12#2,T13#1>group(App<F,T1#13>,App<F,T2#12>,App<F,T3#11>,App<F,T4#10>,App<F,T5#9>,App<F,T6#8>,App<F,T7#7>,App<F,T8#6>,App<F,T9#5>,App<F,T10#4>,App<F,T11#3>,App<F,T12#2>,App<F,T13#1>)
      T4#10 extends Object declared in method <T1#13,T2#12,T3#11,T4#10,T5#9,T6#8,T7#7,T8#6,T9#5,T10#4,T11#3,T12#2,T13#1>group(App<F,T1#13>,App<F,T2#12>,App<F,T3#11>,App<F,T4#10>,App<F,T5#9>,App<F,T6#8>,App<F,T7#7>,App<F,T8#6>,App<F,T9#5>,App<F,T10#4>,App<F,T11#3>,App<F,T12#2>,App<F,T13#1>)
      T5#9 extends Object declared in method <T1#13,T2#12,T3#11,T4#10,T5#9,T6#8,T7#7,T8#6,T9#5,T10#4,T11#3,T12#2,T13#1>group(App<F,T1#13>,App<F,T2#12>,App<F,T3#11>,App<F,T4#10>,App<F,T5#9>,App<F,T6#8>,App<F,T7#7>,App<F,T8#6>,App<F,T9#5>,App<F,T10#4>,App<F,T11#3>,App<F,T12#2>,App<F,T13#1>)
      T6#8 extends Object declared in method <T1#13,T2#12,T3#11,T4#10,T5#9,T6#8,T7#7,T8#6,T9#5,T10#4,T11#3,T12#2,T13#1>group(App<F,T1#13>,App<F,T2#12>,App<F,T3#11>,App<F,T4#10>,App<F,T5#9>,App<F,T6#8>,App<F,T7#7>,App<F,T8#6>,App<F,T9#5>,App<F,T10#4>,App<F,T11#3>,App<F,T12#2>,App<F,T13#1>)
      T7#7 extends Object declared in method <T1#13,T2#12,T3#11,T4#10,T5#9,T6#8,T7#7,T8#6,T9#5,T10#4,T11#3,T12#2,T13#1>group(App<F,T1#13>,App<F,T2#12>,App<F,T3#11>,App<F,T4#10>,App<F,T5#9>,App<F,T6#8>,App<F,T7#7>,App<F,T8#6>,App<F,T9#5>,App<F,T10#4>,App<F,T11#3>,App<F,T12#2>,App<F,T13#1>)
      T8#6 extends Object declared in method <T1#13,T2#12,T3#11,T4#10,T5#9,T6#8,T7#7,T8#6,T9#5,T10#4,T11#3,T12#2,T13#1>group(App<F,T1#13>,App<F,T2#12>,App<F,T3#11>,App<F,T4#10>,App<F,T5#9>,App<F,T6#8>,App<F,T7#7>,App<F,T8#6>,App<F,T9#5>,App<F,T10#4>,App<F,T11#3>,App<F,T12#2>,App<F,T13#1>)
      T9#5 extends Object declared in method <T1#13,T2#12,T3#11,T4#10,T5#9,T6#8,T7#7,T8#6,T9#5,T10#4,T11#3,T12#2,T13#1>group(App<F,T1#13>,App<F,T2#12>,App<F,T3#11>,App<F,T4#10>,App<F,T5#9>,App<F,T6#8>,App<F,T7#7>,App<F,T8#6>,App<F,T9#5>,App<F,T10#4>,App<F,T11#3>,App<F,T12#2>,App<F,T13#1>)
      T10#4 extends Object declared in method <T1#13,T2#12,T3#11,T4#10,T5#9,T6#8,T7#7,T8#6,T9#5,T10#4,T11#3,T12#2,T13#1>group(App<F,T1#13>,App<F,T2#12>,App<F,T3#11>,App<F,T4#10>,App<F,T5#9>,App<F,T6#8>,App<F,T7#7>,App<F,T8#6>,App<F,T9#5>,App<F,T10#4>,App<F,T11#3>,App<F,T12#2>,App<F,T13#1>)
      T11#3 extends Object declared in method <T1#13,T2#12,T3#11,T4#10,T5#9,T6#8,T7#7,T8#6,T9#5,T10#4,T11#3,T12#2,T13#1>group(App<F,T1#13>,App<F,T2#12>,App<F,T3#11>,App<F,T4#10>,App<F,T5#9>,App<F,T6#8>,App<F,T7#7>,App<F,T8#6>,App<F,T9#5>,App<F,T10#4>,App<F,T11#3>,App<F,T12#2>,App<F,T13#1>)
      T12#2 extends Object declared in method <T1#13,T2#12,T3#11,T4#10,T5#9,T6#8,T7#7,T8#6,T9#5,T10#4,T11#3,T12#2,T13#1>group(App<F,T1#13>,App<F,T2#12>,App<F,T3#11>,App<F,T4#10>,App<F,T5#9>,App<F,T6#8>,App<F,T7#7>,App<F,T8#6>,App<F,T9#5>,App<F,T10#4>,App<F,T11#3>,App<F,T12#2>,App<F,T13#1>)
      T13#1 extends Object declared in method <T1#13,T2#12,T3#11,T4#10,T5#9,T6#8,T7#7,T8#6,T9#5,T10#4,T11#3,T12#2,T13#1>group(App<F,T1#13>,App<F,T2#12>,App<F,T3#11>,App<F,T4#10>,App<F,T5#9>,App<F,T6#8>,App<F,T7#7>,App<F,T8#6>,App<F,T9#5>,App<F,T10#4>,App<F,T11#3>,App<F,T12#2>,App<F,T13#1>)
      T1#14 extends Object declared in method <T1#14,T2#13,T3#12,T4#11,T5#10,T6#9,T7#8,T8#7,T9#6,T10#5,T11#4,T12#3,T13#2,T14#1>group(App<F,T1#14>,App<F,T2#13>,App<F,T3#12>,App<F,T4#11>,App<F,T5#10>,App<F,T6#9>,App<F,T7#8>,App<F,T8#7>,App<F,T9#6>,App<F,T10#5>,App<F,T11#4>,App<F,T12#3>,App<F,T13#2>,App<F,T14#1>)
      T2#13 extends Object declared in method <T1#14,T2#13,T3#12,T4#11,T5#10,T6#9,T7#8,T8#7,T9#6,T10#5,T11#4,T12#3,T13#2,T14#1>group(App<F,T1#14>,App<F,T2#13>,App<F,T3#12>,App<F,T4#11>,App<F,T5#10>,App<F,T6#9>,App<F,T7#8>,App<F,T8#7>,App<F,T9#6>,App<F,T10#5>,App<F,T11#4>,App<F,T12#3>,App<F,T13#2>,App<F,T14#1>)
      T3#12 extends Object declared in method <T1#14,T2#13,T3#12,T4#11,T5#10,T6#9,T7#8,T8#7,T9#6,T10#5,T11#4,T12#3,T13#2,T14#1>group(App<F,T1#14>,App<F,T2#13>,App<F,T3#12>,App<F,T4#11>,App<F,T5#10>,App<F,T6#9>,App<F,T7#8>,App<F,T8#7>,App<F,T9#6>,App<F,T10#5>,App<F,T11#4>,App<F,T12#3>,App<F,T13#2>,App<F,T14#1>)
      T4#11 extends Object declared in method <T1#14,T2#13,T3#12,T4#11,T5#10,T6#9,T7#8,T8#7,T9#6,T10#5,T11#4,T12#3,T13#2,T14#1>group(App<F,T1#14>,App<F,T2#13>,App<F,T3#12>,App<F,T4#11>,App<F,T5#10>,App<F,T6#9>,App<F,T7#8>,App<F,T8#7>,App<F,T9#6>,App<F,T10#5>,App<F,T11#4>,App<F,T12#3>,App<F,T13#2>,App<F,T14#1>)
      T5#10 extends Object declared in method <T1#14,T2#13,T3#12,T4#11,T5#10,T6#9,T7#8,T8#7,T9#6,T10#5,T11#4,T12#3,T13#2,T14#1>group(App<F,T1#14>,App<F,T2#13>,App<F,T3#12>,App<F,T4#11>,App<F,T5#10>,App<F,T6#9>,App<F,T7#8>,App<F,T8#7>,App<F,T9#6>,App<F,T10#5>,App<F,T11#4>,App<F,T12#3>,App<F,T13#2>,App<F,T14#1>)
      T6#9 extends Object declared in method <T1#14,T2#13,T3#12,T4#11,T5#10,T6#9,T7#8,T8#7,T9#6,T10#5,T11#4,T12#3,T13#2,T14#1>group(App<F,T1#14>,App<F,T2#13>,App<F,T3#12>,App<F,T4#11>,App<F,T5#10>,App<F,T6#9>,App<F,T7#8>,App<F,T8#7>,App<F,T9#6>,App<F,T10#5>,App<F,T11#4>,App<F,T12#3>,App<F,T13#2>,App<F,T14#1>)
      T7#8 extends Object declared in method <T1#14,T2#13,T3#12,T4#11,T5#10,T6#9,T7#8,T8#7,T9#6,T10#5,T11#4,T12#3,T13#2,T14#1>group(App<F,T1#14>,App<F,T2#13>,App<F,T3#12>,App<F,T4#11>,App<F,T5#10>,App<F,T6#9>,App<F,T7#8>,App<F,T8#7>,App<F,T9#6>,App<F,T10#5>,App<F,T11#4>,App<F,T12#3>,App<F,T13#2>,App<F,T14#1>)
      T8#7 extends Object declared in method <T1#14,T2#13,T3#12,T4#11,T5#10,T6#9,T7#8,T8#7,T9#6,T10#5,T11#4,T12#3,T13#2,T14#1>group(App<F,T1#14>,App<F,T2#13>,App<F,T3#12>,App<F,T4#11>,App<F,T5#10>,App<F,T6#9>,App<F,T7#8>,App<F,T8#7>,App<F,T9#6>,App<F,T10#5>,App<F,T11#4>,App<F,T12#3>,App<F,T13#2>,App<F,T14#1>)
      T9#6 extends Object declared in method <T1#14,T2#13,T3#12,T4#11,T5#10,T6#9,T7#8,T8#7,T9#6,T10#5,T11#4,T12#3,T13#2,T14#1>group(App<F,T1#14>,App<F,T2#13>,App<F,T3#12>,App<F,T4#11>,App<F,T5#10>,App<F,T6#9>,App<F,T7#8>,App<F,T8#7>,App<F,T9#6>,App<F,T10#5>,App<F,T11#4>,App<F,T12#3>,App<F,T13#2>,App<F,T14#1>)
      T10#5 extends Object declared in method <T1#14,T2#13,T3#12,T4#11,T5#10,T6#9,T7#8,T8#7,T9#6,T10#5,T11#4,T12#3,T13#2,T14#1>group(App<F,T1#14>,App<F,T2#13>,App<F,T3#12>,App<F,T4#11>,App<F,T5#10>,App<F,T6#9>,App<F,T7#8>,App<F,T8#7>,App<F,T9#6>,App<F,T10#5>,App<F,T11#4>,App<F,T12#3>,App<F,T13#2>,App<F,T14#1>)
      T11#4 extends Object declared in method <T1#14,T2#13,T3#12,T4#11,T5#10,T6#9,T7#8,T8#7,T9#6,T10#5,T11#4,T12#3,T13#2,T14#1>group(App<F,T1#14>,App<F,T2#13>,App<F,T3#12>,App<F,T4#11>,App<F,T5#10>,App<F,T6#9>,App<F,T7#8>,App<F,T8#7>,App<F,T9#6>,App<F,T10#5>,App<F,T11#4>,App<F,T12#3>,App<F,T13#2>,App<F,T14#1>)
      T12#3 extends Object declared in method <T1#14,T2#13,T3#12,T4#11,T5#10,T6#9,T7#8,T8#7,T9#6,T10#5,T11#4,T12#3,T13#2,T14#1>group(App<F,T1#14>,App<F,T2#13>,App<F,T3#12>,App<F,T4#11>,App<F,T5#10>,App<F,T6#9>,App<F,T7#8>,App<F,T8#7>,App<F,T9#6>,App<F,T10#5>,App<F,T11#4>,App<F,T12#3>,App<F,T13#2>,App<F,T14#1>)
      T13#2 extends Object declared in method <T1#14,T2#13,T3#12,T4#11,T5#10,T6#9,T7#8,T8#7,T9#6,T10#5,T11#4,T12#3,T13#2,T14#1>group(App<F,T1#14>,App<F,T2#13>,App<F,T3#12>,App<F,T4#11>,App<F,T5#10>,App<F,T6#9>,App<F,T7#8>,App<F,T8#7>,App<F,T9#6>,App<F,T10#5>,App<F,T11#4>,App<F,T12#3>,App<F,T13#2>,App<F,T14#1>)
      T14#1 extends Object declared in method <T1#14,T2#13,T3#12,T4#11,T5#10,T6#9,T7#8,T8#7,T9#6,T10#5,T11#4,T12#3,T13#2,T14#1>group(App<F,T1#14>,App<F,T2#13>,App<F,T3#12>,App<F,T4#11>,App<F,T5#10>,App<F,T6#9>,App<F,T7#8>,App<F,T8#7>,App<F,T9#6>,App<F,T10#5>,App<F,T11#4>,App<F,T12#3>,App<F,T13#2>,App<F,T14#1>)
      T1#15 extends Object declared in method <T1#15,T2#14,T3#13,T4#12,T5#11,T6#10,T7#9,T8#8,T9#7,T10#6,T11#5,T12#4,T13#3,T14#2,T15#1>group(App<F,T1#15>,App<F,T2#14>,App<F,T3#13>,App<F,T4#12>,App<F,T5#11>,App<F,T6#10>,App<F,T7#9>,App<F,T8#8>,App<F,T9#7>,App<F,T10#6>,App<F,T11#5>,App<F,T12#4>,App<F,T13#3>,App<F,T14#2>,App<F,T15#1>)
      T2#14 extends Object declared in method <T1#15,T2#14,T3#13,T4#12,T5#11,T6#10,T7#9,T8#8,T9#7,T10#6,T11#5,T12#4,T13#3,T14#2,T15#1>group(App<F,T1#15>,App<F,T2#14>,App<F,T3#13>,App<F,T4#12>,App<F,T5#11>,App<F,T6#10>,App<F,T7#9>,App<F,T8#8>,App<F,T9#7>,App<F,T10#6>,App<F,T11#5>,App<F,T12#4>,App<F,T13#3>,App<F,T14#2>,App<F,T15#1>)
      T3#13 extends Object declared in method <T1#15,T2#14,T3#13,T4#12,T5#11,T6#10,T7#9,T8#8,T9#7,T10#6,T11#5,T12#4,T13#3,T14#2,T15#1>group(App<F,T1#15>,App<F,T2#14>,App<F,T3#13>,App<F,T4#12>,App<F,T5#11>,App<F,T6#10>,App<F,T7#9>,App<F,T8#8>,App<F,T9#7>,App<F,T10#6>,App<F,T11#5>,App<F,T12#4>,App<F,T13#3>,App<F,T14#2>,App<F,T15#1>)
      T4#12 extends Object declared in method <T1#15,T2#14,T3#13,T4#12,T5#11,T6#10,T7#9,T8#8,T9#7,T10#6,T11#5,T12#4,T13#3,T14#2,T15#1>group(App<F,T1#15>,App<F,T2#14>,App<F,T3#13>,App<F,T4#12>,App<F,T5#11>,App<F,T6#10>,App<F,T7#9>,App<F,T8#8>,App<F,T9#7>,App<F,T10#6>,App<F,T11#5>,App<F,T12#4>,App<F,T13#3>,App<F,T14#2>,App<F,T15#1>)
      T5#11 extends Object declared in method <T1#15,T2#14,T3#13,T4#12,T5#11,T6#10,T7#9,T8#8,T9#7,T10#6,T11#5,T12#4,T13#3,T14#2,T15#1>group(App<F,T1#15>,App<F,T2#14>,App<F,T3#13>,App<F,T4#12>,App<F,T5#11>,App<F,T6#10>,App<F,T7#9>,App<F,T8#8>,App<F,T9#7>,App<F,T10#6>,App<F,T11#5>,App<F,T12#4>,App<F,T13#3>,App<F,T14#2>,App<F,T15#1>)
      T6#10 extends Object declared in method <T1#15,T2#14,T3#13,T4#12,T5#11,T6#10,T7#9,T8#8,T9#7,T10#6,T11#5,T12#4,T13#3,T14#2,T15#1>group(App<F,T1#15>,App<F,T2#14>,App<F,T3#13>,App<F,T4#12>,App<F,T5#11>,App<F,T6#10>,App<F,T7#9>,App<F,T8#8>,App<F,T9#7>,App<F,T10#6>,App<F,T11#5>,App<F,T12#4>,App<F,T13#3>,App<F,T14#2>,App<F,T15#1>)
      T7#9 extends Object declared in method <T1#15,T2#14,T3#13,T4#12,T5#11,T6#10,T7#9,T8#8,T9#7,T10#6,T11#5,T12#4,T13#3,T14#2,T15#1>group(App<F,T1#15>,App<F,T2#14>,App<F,T3#13>,App<F,T4#12>,App<F,T5#11>,App<F,T6#10>,App<F,T7#9>,App<F,T8#8>,App<F,T9#7>,App<F,T10#6>,App<F,T11#5>,App<F,T12#4>,App<F,T13#3>,App<F,T14#2>,App<F,T15#1>)
      T8#8 extends Object declared in method <T1#15,T2#14,T3#13,T4#12,T5#11,T6#10,T7#9,T8#8,T9#7,T10#6,T11#5,T12#4,T13#3,T14#2,T15#1>group(App<F,T1#15>,App<F,T2#14>,App<F,T3#13>,App<F,T4#12>,App<F,T5#11>,App<F,T6#10>,App<F,T7#9>,App<F,T8#8>,App<F,T9#7>,App<F,T10#6>,App<F,T11#5>,App<F,T12#4>,App<F,T13#3>,App<F,T14#2>,App<F,T15#1>)
      T9#7 extends Object declared in method <T1#15,T2#14,T3#13,T4#12,T5#11,T6#10,T7#9,T8#8,T9#7,T10#6,T11#5,T12#4,T13#3,T14#2,T15#1>group(App<F,T1#15>,App<F,T2#14>,App<F,T3#13>,App<F,T4#12>,App<F,T5#11>,App<F,T6#10>,App<F,T7#9>,App<F,T8#8>,App<F,T9#7>,App<F,T10#6>,App<F,T11#5>,App<F,T12#4>,App<F,T13#3>,App<F,T14#2>,App<F,T15#1>)
      T10#6 extends Object declared in method <T1#15,T2#14,T3#13,T4#12,T5#11,T6#10,T7#9,T8#8,T9#7,T10#6,T11#5,T12#4,T13#3,T14#2,T15#1>group(App<F,T1#15>,App<F,T2#14>,App<F,T3#13>,App<F,T4#12>,App<F,T5#11>,App<F,T6#10>,App<F,T7#9>,App<F,T8#8>,App<F,T9#7>,App<F,T10#6>,App<F,T11#5>,App<F,T12#4>,App<F,T13#3>,App<F,T14#2>,App<F,T15#1>)
      T11#5 extends Object declared in method <T1#15,T2#14,T3#13,T4#12,T5#11,T6#10,T7#9,T8#8,T9#7,T10#6,T11#5,T12#4,T13#3,T14#2,T15#1>group(App<F,T1#15>,App<F,T2#14>,App<F,T3#13>,App<F,T4#12>,App<F,T5#11>,App<F,T6#10>,App<F,T7#9>,App<F,T8#8>,App<F,T9#7>,App<F,T10#6>,App<F,T11#5>,App<F,T12#4>,App<F,T13#3>,App<F,T14#2>,App<F,T15#1>)
      T12#4 extends Object declared in method <T1#15,T2#14,T3#13,T4#12,T5#11,T6#10,T7#9,T8#8,T9#7,T10#6,T11#5,T12#4,T13#3,T14#2,T15#1>group(App<F,T1#15>,App<F,T2#14>,App<F,T3#13>,App<F,T4#12>,App<F,T5#11>,App<F,T6#10>,App<F,T7#9>,App<F,T8#8>,App<F,T9#7>,App<F,T10#6>,App<F,T11#5>,App<F,T12#4>,App<F,T13#3>,App<F,T14#2>,App<F,T15#1>)
      T13#3 extends Object declared in method <T1#15,T2#14,T3#13,T4#12,T5#11,T6#10,T7#9,T8#8,T9#7,T10#6,T11#5,T12#4,T13#3,T14#2,T15#1>group(App<F,T1#15>,App<F,T2#14>,App<F,T3#13>,App<F,T4#12>,App<F,T5#11>,App<F,T6#10>,App<F,T7#9>,App<F,T8#8>,App<F,T9#7>,App<F,T10#6>,App<F,T11#5>,App<F,T12#4>,App<F,T13#3>,App<F,T14#2>,App<F,T15#1>)
      T14#2 extends Object declared in method <T1#15,T2#14,T3#13,T4#12,T5#11,T6#10,T7#9,T8#8,T9#7,T10#6,T11#5,T12#4,T13#3,T14#2,T15#1>group(App<F,T1#15>,App<F,T2#14>,App<F,T3#13>,App<F,T4#12>,App<F,T5#11>,App<F,T6#10>,App<F,T7#9>,App<F,T8#8>,App<F,T9#7>,App<F,T10#6>,App<F,T11#5>,App<F,T12#4>,App<F,T13#3>,App<F,T14#2>,App<F,T15#1>)
      T15#1 extends Object declared in method <T1#15,T2#14,T3#13,T4#12,T5#11,T6#10,T7#9,T8#8,T9#7,T10#6,T11#5,T12#4,T13#3,T14#2,T15#1>group(App<F,T1#15>,App<F,T2#14>,App<F,T3#13>,App<F,T4#12>,App<F,T5#11>,App<F,T6#10>,App<F,T7#9>,App<F,T8#8>,App<F,T9#7>,App<F,T10#6>,App<F,T11#5>,App<F,T12#4>,App<F,T13#3>,App<F,T14#2>,App<F,T15#1>)
      T1#16 extends Object declared in method <T1#16,T2#15,T3#14,T4#13,T5#12,T6#11,T7#10,T8#9,T9#8,T10#7,T11#6,T12#5,T13#4,T14#3,T15#2,T16>group(App<F,T1#16>,App<F,T2#15>,App<F,T3#14>,App<F,T4#13>,App<F,T5#12>,App<F,T6#11>,App<F,T7#10>,App<F,T8#9>,App<F,T9#8>,App<F,T10#7>,App<F,T11#6>,App<F,T12#5>,App<F,T13#4>,App<F,T14#3>,App<F,T15#2>,App<F,T16>)
      T2#15 extends Object declared in method <T1#16,T2#15,T3#14,T4#13,T5#12,T6#11,T7#10,T8#9,T9#8,T10#7,T11#6,T12#5,T13#4,T14#3,T15#2,T16>group(App<F,T1#16>,App<F,T2#15>,App<F,T3#14>,App<F,T4#13>,App<F,T5#12>,App<F,T6#11>,App<F,T7#10>,App<F,T8#9>,App<F,T9#8>,App<F,T10#7>,App<F,T11#6>,App<F,T12#5>,App<F,T13#4>,App<F,T14#3>,App<F,T15#2>,App<F,T16>)
      T3#14 extends Object declared in method <T1#16,T2#15,T3#14,T4#13,T5#12,T6#11,T7#10,T8#9,T9#8,T10#7,T11#6,T12#5,T13#4,T14#3,T15#2,T16>group(App<F,T1#16>,App<F,T2#15>,App<F,T3#14>,App<F,T4#13>,App<F,T5#12>,App<F,T6#11>,App<F,T7#10>,App<F,T8#9>,App<F,T9#8>,App<F,T10#7>,App<F,T11#6>,App<F,T12#5>,App<F,T13#4>,App<F,T14#3>,App<F,T15#2>,App<F,T16>)
      T4#13 extends Object declared in method <T1#16,T2#15,T3#14,T4#13,T5#12,T6#11,T7#10,T8#9,T9#8,T10#7,T11#6,T12#5,T13#4,T14#3,T15#2,T16>group(App<F,T1#16>,App<F,T2#15>,App<F,T3#14>,App<F,T4#13>,App<F,T5#12>,App<F,T6#11>,App<F,T7#10>,App<F,T8#9>,App<F,T9#8>,App<F,T10#7>,App<F,T11#6>,App<F,T12#5>,App<F,T13#4>,App<F,T14#3>,App<F,T15#2>,App<F,T16>)
      T5#12 extends Object declared in method <T1#16,T2#15,T3#14,T4#13,T5#12,T6#11,T7#10,T8#9,T9#8,T10#7,T11#6,T12#5,T13#4,T14#3,T15#2,T16>group(App<F,T1#16>,App<F,T2#15>,App<F,T3#14>,App<F,T4#13>,App<F,T5#12>,App<F,T6#11>,App<F,T7#10>,App<F,T8#9>,App<F,T9#8>,App<F,T10#7>,App<F,T11#6>,App<F,T12#5>,App<F,T13#4>,App<F,T14#3>,App<F,T15#2>,App<F,T16>)
      T6#11 extends Object declared in method <T1#16,T2#15,T3#14,T4#13,T5#12,T6#11,T7#10,T8#9,T9#8,T10#7,T11#6,T12#5,T13#4,T14#3,T15#2,T16>group(App<F,T1#16>,App<F,T2#15>,App<F,T3#14>,App<F,T4#13>,App<F,T5#12>,App<F,T6#11>,App<F,T7#10>,App<F,T8#9>,App<F,T9#8>,App<F,T10#7>,App<F,T11#6>,App<F,T12#5>,App<F,T13#4>,App<F,T14#3>,App<F,T15#2>,App<F,T16>)
      T7#10 extends Object declared in method <T1#16,T2#15,T3#14,T4#13,T5#12,T6#11,T7#10,T8#9,T9#8,T10#7,T11#6,T12#5,T13#4,T14#3,T15#2,T16>group(App<F,T1#16>,App<F,T2#15>,App<F,T3#14>,App<F,T4#13>,App<F,T5#12>,App<F,T6#11>,App<F,T7#10>,App<F,T8#9>,App<F,T9#8>,App<F,T10#7>,App<F,T11#6>,App<F,T12#5>,App<F,T13#4>,App<F,T14#3>,App<F,T15#2>,App<F,T16>)
      T8#9 extends Object declared in method <T1#16,T2#15,T3#14,T4#13,T5#12,T6#11,T7#10,T8#9,T9#8,T10#7,T11#6,T12#5,T13#4,T14#3,T15#2,T16>group(App<F,T1#16>,App<F,T2#15>,App<F,T3#14>,App<F,T4#13>,App<F,T5#12>,App<F,T6#11>,App<F,T7#10>,App<F,T8#9>,App<F,T9#8>,App<F,T10#7>,App<F,T11#6>,App<F,T12#5>,App<F,T13#4>,App<F,T14#3>,App<F,T15#2>,App<F,T16>)
      T9#8 extends Object declared in method <T1#16,T2#15,T3#14,T4#13,T5#12,T6#11,T7#10,T8#9,T9#8,T10#7,T11#6,T12#5,T13#4,T14#3,T15#2,T16>group(App<F,T1#16>,App<F,T2#15>,App<F,T3#14>,App<F,T4#13>,App<F,T5#12>,App<F,T6#11>,App<F,T7#10>,App<F,T8#9>,App<F,T9#8>,App<F,T10#7>,App<F,T11#6>,App<F,T12#5>,App<F,T13#4>,App<F,T14#3>,App<F,T15#2>,App<F,T16>)
      T10#7 extends Object declared in method <T1#16,T2#15,T3#14,T4#13,T5#12,T6#11,T7#10,T8#9,T9#8,T10#7,T11#6,T12#5,T13#4,T14#3,T15#2,T16>group(App<F,T1#16>,App<F,T2#15>,App<F,T3#14>,App<F,T4#13>,App<F,T5#12>,App<F,T6#11>,App<F,T7#10>,App<F,T8#9>,App<F,T9#8>,App<F,T10#7>,App<F,T11#6>,App<F,T12#5>,App<F,T13#4>,App<F,T14#3>,App<F,T15#2>,App<F,T16>)
      T11#6 extends Object declared in method <T1#16,T2#15,T3#14,T4#13,T5#12,T6#11,T7#10,T8#9,T9#8,T10#7,T11#6,T12#5,T13#4,T14#3,T15#2,T16>group(App<F,T1#16>,App<F,T2#15>,App<F,T3#14>,App<F,T4#13>,App<F,T5#12>,App<F,T6#11>,App<F,T7#10>,App<F,T8#9>,App<F,T9#8>,App<F,T10#7>,App<F,T11#6>,App<F,T12#5>,App<F,T13#4>,App<F,T14#3>,App<F,T15#2>,App<F,T16>)
      T12#5 extends Object declared in method <T1#16,T2#15,T3#14,T4#13,T5#12,T6#11,T7#10,T8#9,T9#8,T10#7,T11#6,T12#5,T13#4,T14#3,T15#2,T16>group(App<F,T1#16>,App<F,T2#15>,App<F,T3#14>,App<F,T4#13>,App<F,T5#12>,App<F,T6#11>,App<F,T7#10>,App<F,T8#9>,App<F,T9#8>,App<F,T10#7>,App<F,T11#6>,App<F,T12#5>,App<F,T13#4>,App<F,T14#3>,App<F,T15#2>,App<F,T16>)
      T13#4 extends Object declared in method <T1#16,T2#15,T3#14,T4#13,T5#12,T6#11,T7#10,T8#9,T9#8,T10#7,T11#6,T12#5,T13#4,T14#3,T15#2,T16>group(App<F,T1#16>,App<F,T2#15>,App<F,T3#14>,App<F,T4#13>,App<F,T5#12>,App<F,T6#11>,App<F,T7#10>,App<F,T8#9>,App<F,T9#8>,App<F,T10#7>,App<F,T11#6>,App<F,T12#5>,App<F,T13#4>,App<F,T14#3>,App<F,T15#2>,App<F,T16>)
      T14#3 extends Object declared in method <T1#16,T2#15,T3#14,T4#13,T5#12,T6#11,T7#10,T8#9,T9#8,T10#7,T11#6,T12#5,T13#4,T14#3,T15#2,T16>group(App<F,T1#16>,App<F,T2#15>,App<F,T3#14>,App<F,T4#13>,App<F,T5#12>,App<F,T6#11>,App<F,T7#10>,App<F,T8#9>,App<F,T9#8>,App<F,T10#7>,App<F,T11#6>,App<F,T12#5>,App<F,T13#4>,App<F,T14#3>,App<F,T15#2>,App<F,T16>)
      T15#2 extends Object declared in method <T1#16,T2#15,T3#14,T4#13,T5#12,T6#11,T7#10,T8#9,T9#8,T10#7,T11#6,T12#5,T13#4,T14#3,T15#2,T16>group(App<F,T1#16>,App<F,T2#15>,App<F,T3#14>,App<F,T4#13>,App<F,T5#12>,App<F,T6#11>,App<F,T7#10>,App<F,T8#9>,App<F,T9#8>,App<F,T10#7>,App<F,T11#6>,App<F,T12#5>,App<F,T13#4>,App<F,T14#3>,App<F,T15#2>,App<F,T16>)
      T16 extends Object declared in method <T1#16,T2#15,T3#14,T4#13,T5#12,T6#11,T7#10,T8#9,T9#8,T10#7,T11#6,T12#5,T13#4,T14#3,T15#2,T16>group(App<F,T1#16>,App<F,T2#15>,App<F,T3#14>,App<F,T4#13>,App<F,T5#12>,App<F,T6#11>,App<F,T7#10>,App<F,T8#9>,App<F,T9#8>,App<F,T10#7>,App<F,T11#6>,App<F,T12#5>,App<F,T13#4>,App<F,T14#3>,App<F,T15#2>,App<F,T16>)
  Note: Recompile with -Xlint:deprecation for details.
  /home/runner/work/mcJava/mcJava/android/app/src/main/java/net/minecraft/client/sounds/SoundBufferLibrary.java:70: error: cannot find symbol
        void accountBuffer(Identifier id, int size, AudioFormat format);
                                                    ^
    symbol:   class AudioFormat
    location: interface DebugOutput
  /home/runner/work/mcJava/mcJava/android/app/src/main/java/com/mojang/blaze3d/audio/Channel.java:130: error: cannot find symbol
     private static int calculateBufferSize(final AudioFormat format, final int seconds) {
                                                  ^
    symbol:   class AudioFormat
    location: class Channel
  /home/runner/work/mcJava/mcJava/android/app/src/main/java/com/mojang/blaze3d/audio/SoundBuffer.java:11: error: cannot find symbol
     private final AudioFormat format;
                   ^
    symbol:   class AudioFormat
    location: class SoundBuffer
  /home/runner/work/mcJava/mcJava/android/app/src/main/java/com/mojang/blaze3d/audio/SoundBuffer.java:16: error: cannot find symbol
     public SoundBuffer(final ByteBuffer data, final AudioFormat format) {
                                                     ^
    symbol:   class AudioFormat
    location: class SoundBuffer
  /home/runner/work/mcJava/mcJava/android/app/src/main/java/com/mojang/blaze3d/audio/SoundBuffer.java:65: error: cannot find symbol
     public AudioFormat format() {
            ^
    symbol:   class AudioFormat
    location: class SoundBuffer
  /home/runner/work/mcJava/mcJava/android/app/src/main/java/net/minecraft/client/sounds/AudioStream.java:9: error: cannot find symbol
     AudioFormat getFormat();
     ^
    symbol:   class AudioFormat
    location: interface AudioStream
  /home/runner/work/mcJava/mcJava/android/app/src/main/java/com/mojang/blaze3d/audio/OpenAlUtil.java:55: error: cannot find symbol
     public static int audioFormatToOpenAl(final AudioFormat audioFormat) {
                                                 ^
    symbol:   class AudioFormat
    location: class OpenAlUtil
  /home/runner/work/mcJava/mcJava/android/app/src/main/java/net/minecraft/client/sounds/JOrbisAudioStream.java:32: error: cannot find symbol
     private final AudioFormat audioFormat;
                   ^
    symbol:   class AudioFormat
    location: class JOrbisAudioStream
  /home/runner/work/mcJava/mcJava/android/app/src/main/java/net/minecraft/client/sounds/JOrbisAudioStream.java:71: error: cannot find symbol
     public AudioFormat getFormat() {
            ^
    symbol:   class AudioFormat
    location: class JOrbisAudioStream
  /home/runner/work/mcJava/mcJava/android/app/src/main/java/net/minecraft/client/sounds/SoundBufferLibrary.java:77: error: cannot find symbol
           public void accountBuffer(final Identifier id, final int size, final AudioFormat format) {
                                                                                ^
    symbol:   class AudioFormat
    location: class Counter
  /home/runner/work/mcJava/mcJava/android/app/src/main/java/net/minecraft/client/sounds/LoopingAudioStream.java:23: error: cannot find symbol
     public AudioFormat getFormat() {
            ^
    symbol:   class AudioFormat
    location: class LoopingAudioStream
  /home/runner/work/mcJava/mcJava/android/app/src/main/java/net/minecraft/world/level/levelgen/structure/structures/JigsawStructure.java:37: error: cannot find symbol
           (Instance<JigsawStructure> i) -> i.group(
            ^
    symbol:   class Instance
    location: class JigsawStructure
  /home/runner/work/mcJava/mcJava/android/app/src/main/java/net/minecraft/server/dialog/CommonDialogData.java:35: error: cannot find symbol
           data -> data.pause && !data.afterAction.willUnpause()
                       ^
    symbol:   variable pause
    location: variable data of type Object
  /home/runner/work/mcJava/mcJava/android/app/src/main/java/net/minecraft/server/dialog/CommonDialogData.java:35: error: cannot find symbol
           data -> data.pause && !data.afterAction.willUnpause()
                                      ^
    symbol:   variable afterAction
    location: variable data of type Object
  Note: Recompile with -Xlint:unchecked for details.
  Note: Some input files use or override a deprecated API.
  /home/runner/work/mcJava/mcJava/android/app/src/main/java/net/minecraft/world/level/levelgen/Heightmap.java:51: warning: [removal] getHighestSectionPosition() in ChunkAccess has been deprecated and marked for removal
           int highestSectionPosition = chunk.getHighestSectionPosition() + 16;
                                             ^
  /home/runner/work/mcJava/mcJava/android/app/src/main/java/net/minecraft/world/level/biome/BiomeSpecialEffects.java:90: warning: [removal] BIOME_INFO_NOISE in Biome has been deprecated and marked for removal
              double groundValue = Biome.BIOME_INFO_NOISE.get(x * 0.0225, z * 0.0225);
                                        ^
  /home/runner/work/mcJava/mcJava/android/app/src/main/java/net/minecraft/data/recipes/RecipeProvider.java:228: warning: [removal] parent(Identifier) in Builder has been deprecated and marked for removal
              return Advancement.Builder.recipeAdvancement().parent(RecipeBuilder.ROOT_RECIPE_ADVANCEMENT);
                                                            ^
  /home/runner/work/mcJava/mcJava/android/app/src/main/java/net/minecraft/world/level/block/entity/TheEndGatewayBlockEntity.java:229: warning: [removal] getHighestSectionPosition() in ChunkAccess has been deprecated and marked for removal
        int maxY = chunk.getHighestSectionPosition() + 16 - 1;
                        ^
  /home/runner/work/mcJava/mcJava/android/app/src/main/java/net/minecraft/world/level/levelgen/placement/NoiseBasedCountPlacement.java:26: warning: [removal] BIOME_INFO_NOISE in Biome has been deprecated and marked for removal
        double flowerNoise = Biome.BIOME_INFO_NOISE.get(origin.getX() / this.noiseFactor, origin.getZ() / this.noiseFactor);
                                  ^
  /home/runner/work/mcJava/mcJava/android/app/src/main/java/net/minecraft/world/level/levelgen/placement/NoiseThresholdCountPlacement.java:26: warning: [removal] BIOME_INFO_NOISE in Biome has been deprecated and marked for removal
        double flowerNoise = Biome.BIOME_INFO_NOISE.get(origin.getX() / 200.0, origin.getZ() / 200.0);
                                  ^
  /home/runner/work/mcJava/mcJava/android/app/src/main/java/net/minecraft/advancements/predicates/MinMaxBounds.java:79: error: cannot infer type arguments for Bounds<>
           return new MinMaxBounds.Bounds<>(Optional.empty(), Optional.empty());
                  ^
    reason: inferred type does not conform to equality constraint(s)
      inferred: T#1
      equality constraints(s): T#2,T#3
    where T#1,T#2,T#3 are type-variables:
      T#1 extends Number,Comparable<T#2>
      T#2 extends Number,Comparable<T#2>
      T#3 extends Object declared in method <T#3>empty()
  Note: Some input files use unchecked or unsafe operations.
  /home/runner/work/mcJava/mcJava/android/app/src/main/java/net/minecraft/world/level/levelgen/structure/structures/JigsawStructure.java:39: error: cannot find symbol
                 StructureTemplatePool.CODEC.fieldOf("start_pool").forGetter((JigsawStructure j) -> j.startPool()),
                                                                                                     ^
    symbol:   method startPool()
    location: variable j of type JigsawStructure
  /home/runner/work/mcJava/mcJava/android/app/src/main/java/net/minecraft/world/level/levelgen/structure/structures/JigsawStructure.java:40: error: cannot find symbol
                 Identifier.CODEC.optionalFieldOf("start_jigsaw_name").forGetter((JigsawStructure j) -> j.startJigsawName()),
                                                                                                         ^
    symbol:   method startJigsawName()
    location: variable j of type JigsawStructure
  /home/runner/work/mcJava/mcJava/android/app/src/main/java/net/minecraft/world/level/levelgen/structure/structures/JigsawStructure.java:41: error: cannot find symbol
                 Codec.intRange(0, 20).fieldOf("size").forGetter((JigsawStructure j) -> j.maxDepth()),
                                                                                         ^
    symbol:   method maxDepth()
    location: variable j of type JigsawStructure
  /home/runner/work/mcJava/mcJava/android/app/src/main/java/net/minecraft/world/level/levelgen/structure/structures/JigsawStructure.java:42: error: cannot find symbol
                 HeightProvider.CODEC.fieldOf("start_height").forGetter((JigsawStructure j) -> j.startHeight()),
                                                                                                ^
    symbol:   method startHeight()
    location: variable j of type JigsawStructure
  /home/runner/work/mcJava/mcJava/android/app/src/main/java/net/minecraft/world/level/levelgen/structure/structures/JigsawStructure.java:43: error: cannot find symbol
                 Codec.BOOL.fieldOf("use_expansion_hack").forGetter((JigsawStructure j) -> j.useExpansionHack()),
                                                                                            ^
    symbol:   method useExpansionHack()
    location: variable j of type JigsawStructure
  /home/runner/work/mcJava/mcJava/android/app/src/main/java/net/minecraft/world/level/levelgen/structure/structures/JigsawStructure.java:44: error: cannot find symbol
                 Heightmap.Types.CODEC.optionalFieldOf("project_start_to_heightmap").forGetter((JigsawStructure j) -> j.projectStartToHeightmap()),
                                                                                                                       ^
    symbol:   method projectStartToHeightmap()
    location: variable j of type JigsawStructure
  /home/runner/work/mcJava/mcJava/android/app/src/main/java/net/minecraft/world/level/levelgen/structure/structures/JigsawStructure.java:45: error: cannot find symbol
                 JigsawStructure.MaxDistance.CODEC.fieldOf("max_distance_from_center").forGetter((JigsawStructure j) -> j.maxDistanceFromCenter()),
                                                                                                                         ^
    symbol:   method maxDistanceFromCenter()
    location: variable j of type JigsawStructure
  /home/runner/work/mcJava/mcJava/android/app/src/main/java/net/minecraft/world/level/levelgen/structure/structures/JigsawStructure.java:46: error: cannot find symbol
                 Codec.list(PoolAliasBinding.CODEC).optionalFieldOf("pool_aliases", List.of()).forGetter((JigsawStructure j) -> j.poolAliases()),
                                                                                                                                 ^
    symbol:   method poolAliases()
    location: variable j of type JigsawStructure
  /home/runner/work/mcJava/mcJava/android/app/src/main/java/net/minecraft/world/level/levelgen/structure/structures/JigsawStructure.java:47: error: cannot find symbol
                 DimensionPadding.CODEC.optionalFieldOf("dimension_padding", DEFAULT_DIMENSION_PADDING).forGetter((JigsawStructure j) -> j.dimensionPadding()),
                                                                                                                                          ^
    symbol:   method dimensionPadding()
    location: variable j of type JigsawStructure
  /home/runner/work/mcJava/mcJava/android/app/src/main/java/net/minecraft/world/level/levelgen/structure/structures/JigsawStructure.java:48: error: cannot find symbol
                 LiquidSettings.CODEC.optionalFieldOf("liquid_settings", DEFAULT_LIQUID_SETTINGS).forGetter((JigsawStructure j) -> j.liquidSettings())
                                                                                                                                    ^
    symbol:   method liquidSettings()
    location: variable j of type JigsawStructure
  /home/runner/work/mcJava/mcJava/android/app/src/main/java/net/minecraft/world/level/levelgen/presets/WorldPreset.java:20: error: cannot find symbol
           i -> i.group(Codec.unboundedMap(ResourceKey.codec(Registries.LEVEL_STEM), LevelStem.CODEC).fieldOf("dimensions").forGetter((WorldPreset e) -> e.dimensions()))
                                                                                                                                                          ^
    symbol:   method dimensions()
    location: variable e of type WorldPreset
  /home/runner/work/mcJava/mcJava/android/app/src/main/java/net/minecraft/world/entity/ai/attributes/AttributeMap.java:74: error: cannot find symbol
        modifiers.forEach((attribute, attributeModifier) -> {
                 ^
    symbol:   method forEach((attribute[...]; } })
    location: variable modifiers of type Multimap<Holder<Attribute>,AttributeModifier>
  /home/runner/work/mcJava/mcJava/android/app/src/main/java/net/minecraft/world/attribute/EnvironmentAttributeMap.java:28: error: incompatible types: Map<EnvironmentAttribute<?>,Entry<CAP#1,?>> cannot be converted to Map<EnvironmentAttribute<?>,Entry<?,?>>
              map -> new EnvironmentAttributeMap(map),
                                                 ^
    where CAP#1 is a fresh type-variable:
      CAP#1 extends Object from capture of ?
  /home/runner/work/mcJava/mcJava/android/app/src/main/java/net/minecraft/world/attribute/EnvironmentAttributeMap.java:127: error: incompatible types: inference variable L has incompatible bounds
               .xmap(
                    ^
      equality constraints: Value
      lower bounds: Object
    where L,R,Value are type-variables:
      L extends Object declared in method <L,R>left(L)
      R extends Object declared in method <L,R>left(L)
      Value extends Object declared in method <Value>createCodec(EnvironmentAttribute<Value>)
  /home/runner/work/mcJava/mcJava/android/app/src/main/java/net/minecraft/network/protocol/game/ClientboundGameRuleValuesPacket.java:18: error: incompatible types: bad return type in method reference
        .map(ClientboundGameRuleValuesPacket::new, ClientboundGameRuleValuesPacket::values);
                                                   ^
      Map<ResourceKey<GameRule<?>>,String> cannot be converted to HashMap<ResourceKey<GameRule<?>>,String>
  /home/runner/work/mcJava/mcJava/android/app/src/main/java/net/minecraft/advancements/Advancement.java:52: error: incompatible types: invalid method reference
        .validate(Advancement::validate);
                  ^
      incompatible types: Object cannot be converted to Advancement
  /home/runner/work/mcJava/mcJava/android/app/src/main/java/net/minecraft/world/item/enchantment/LevelBasedValue.java:77: error: incompatible types: invalid method reference
           .validate(LevelBasedValue.Clamped::validateRange);
                     ^
      incompatible types: Object cannot be converted to Clamped
  /home/runner/work/mcJava/mcJava/android/app/src/main/java/net/minecraft/core/component/predicates/DataComponentPredicate.java:27: error: incompatible types: cannot infer type-variable(s) O,R,A,CAP#1,T#2,K,U
        .map(
            ^
      (argument mismatch; bad return type in lambda expression
        List<Single<DataComponentPredicate>> cannot be converted to List<Single<?>>)
    where O,V,B,R,A,T#1,T#2,K,U are type-variables:
      O extends Object declared in method <O>map(Function<? super V,? extends O>,Function<? super O,? extends V>)
      V extends Object declared in interface StreamCodec
      B extends Object declared in interface StreamCodec
      R extends Object declared in method <R,A>collect(Collector<? super T#1,A,R>)
      A extends Object declared in method <R,A>collect(Collector<? super T#1,A,R>)
      T#1 extends Object declared in interface Stream
      T#2 extends Object declared in method <T#2,K,U>toMap(Function<? super T#2,? extends K>,Function<? super T#2,? extends U>)
      K extends Object declared in method <T#2,K,U>toMap(Function<? super T#2,? extends K>,Function<? super T#2,? extends U>)
      U extends Object declared in method <T#2,K,U>toMap(Function<? super T#2,? extends K>,Function<? super T#2,? extends U>)
    where CAP#1 is a fresh type-variable:
      CAP#1 extends Object from capture of ?
  /home/runner/work/mcJava/mcJava/android/app/src/main/java/net/minecraft/core/component/predicates/DataComponentPredicate.java:113: error: incompatible types: Codec<T> cannot be converted to Codec<DataComponentPredicate>
           this.singleStreamCodec = ByteBufCodecs.<DataComponentPredicate>fromCodecWithRegistries(codec)
                                                                                                  ^
    where T is a type-variable:
      T extends DataComponentPredicate declared in class TypeBase
  /home/runner/work/mcJava/mcJava/android/app/src/main/java/net/minecraft/util/ExtraCodecs.java:292: error: incompatible types: bad return type in lambda expression
           return makeInterval.apply(min, max);
                                    ^
      DataResult<I> cannot be converted to DataResult<List<P>>
    where I,P are type-variables:
      I extends Object declared in method <P,I>intervalCodec(Codec<P>,String,String,BiFunction<P,P,DataResult<I>>,Function<I,P>,Function<I,P>)
      P extends Object declared in method <P,I>intervalCodec(Codec<P>,String,String,BiFunction<P,P,DataResult<I>>,Function<I,P>,Function<I,P>)
  /home/runner/work/mcJava/mcJava/android/app/src/main/java/net/minecraft/util/ExtraCodecs.java:295: error: incompatible types: cannot infer type-variable(s) O
              i -> i.<P, P>group(pointCodec.fieldOf(lowerBoundName).forGetter(Pair::getFirst), pointCodec.fieldOf(upperBoundName).forGetter(Pair::getSecond))
                                                                             ^
      (argument mismatch; invalid method reference
        method getFirst in class Pair<F,S> cannot be applied to given types
          required: no arguments
          found:    Object
          reason: actual and formal argument lists differ in length)
    where O,A,F,S are type-variables:
      O extends Object declared in method <O>forGetter(Function<O,A>)
      A extends Object declared in class MapCodec
      F extends Object declared in class Pair
      S extends Object declared in class Pair
  /home/runner/work/mcJava/mcJava/android/app/src/main/java/net/minecraft/util/ExtraCodecs.java:295: error: incompatible types: cannot infer type-variable(s) O
              i -> i.<P, P>group(pointCodec.fieldOf(lowerBoundName).forGetter(Pair::getFirst), pointCodec.fieldOf(upperBoundName).forGetter(Pair::getSecond))
                                                                                                                                           ^
      (argument mismatch; invalid method reference
        method getSecond in class Pair<F,S> cannot be applied to given types
          required: no arguments
          found:    Object
          reason: actual and formal argument lists differ in length)
    where O,A,F,S are type-variables:
      O extends Object declared in method <O>forGetter(Function<O,A>)
      A extends Object declared in class MapCodec
      F extends Object declared in class Pair
      S extends Object declared in class Pair
  /home/runner/work/mcJava/mcJava/android/app/src/main/java/net/minecraft/util/ExtraCodecs.java:298: error: incompatible types: cannot infer type-variable(s) S
           .comapFlatMap((Pair<P, P> p) -> makeInterval.apply(p.getFirst(), p.getSecond()), i -> Pair.of(getMin.apply(i), getMax.apply(i)));
                        ^
      (argument mismatch; Function<Pair<P,P>,DataResult<? extends I>> cannot be converted to Function<? super Object,? extends DataResult<? extends I>>)
    where S,A,P,I are type-variables:
      S extends Object declared in method <S>comapFlatMap(Function<? super A,? extends DataResult<? extends S>>,Function<? super S,? extends A>)
      A extends Object declared in interface Codec
      P extends Object declared in method <P,I>intervalCodec(Codec<P>,String,String,BiFunction<P,P,DataResult<I>>,Function<I,P>,Function<I,P>)
      I extends Object declared in method <P,I>intervalCodec(Codec<P>,String,String,BiFunction<P,P,DataResult<I>>,Function<I,P>,Function<I,P>)
  /home/runner/work/mcJava/mcJava/android/app/src/main/java/net/minecraft/world/level/storage/SavedDataStorage.java:201: error: incompatible types: SavedData cannot be converted to T
        tag.put("data", (Tag)codec.encodeStart(ops, data).getOrThrow());
                                                    ^
    where T is a type-variable:
      T extends SavedData declared in method <T>encodeUnchecked(SavedDataType<T>,SavedData,RegistryOps<Tag>)
  /home/runner/work/mcJava/mcJava/android/app/src/main/java/net/minecraft/world/scores/Scoreboard.java:65: error: incompatible types: Object cannot be converted to Objective
           .forEach(o -> operation.accept(this.getOrCreatePlayerScore(name, o, true)));
                                                                            ^
  /home/runner/work/mcJava/mcJava/android/app/src/main/java/net/minecraft/world/level/block/entity/TestInstanceBlockEntity.java:109: error: incompatible types: Component cannot be converted to MutableComponent
        return this.test().map(key -> Component.literal(key.identifier().toString())).orElse(INVALID_TEST_NAME);
                                                                                             ^
  /home/runner/work/mcJava/mcJava/android/app/src/main/java/net/minecraft/world/level/levelgen/synth/NormalNoise.java:367: error: incompatible types: invalid method reference
           .validate(NormalNoise.Parameters::validate);
                     ^
      incompatible types: Object cannot be converted to Parameters
  /home/runner/work/mcJava/mcJava/android/app/src/main/java/net/minecraft/world/level/levelgen/NoiseSettings.java:18: error: incompatible types: invalid method reference
        .comapFlatMap(NoiseSettings::guardY, Function.identity());
                      ^
      incompatible types: Object cannot be converted to NoiseSettings
  /home/runner/work/mcJava/mcJava/android/app/src/main/java/net/minecraft/world/level/levelgen/blending/BlendingData.java:417: error: incompatible types: invalid method reference
           .validate(BlendingData.Packed::validateArraySize);
                     ^
      incompatible types: Object cannot be converted to Packed
  /home/runner/work/mcJava/mcJava/android/app/src/main/java/net/minecraft/world/level/levelgen/structure/structures/JigsawStructure.java:52: error: incompatible types: invalid method reference
        .validate(JigsawStructure::verifyRange);
                  ^
      incompatible types: Object cannot be converted to JigsawStructure
  /home/runner/work/mcJava/mcJava/android/app/src/main/java/net/minecraft/world/level/TicketStorage.java:93: error: incompatible types: Object cannot be converted to Ticket
           for (Ticket ticket : (List)entry.getValue()) {
                                ^
  /home/runner/work/mcJava/mcJava/android/app/src/main/java/net/minecraft/world/level/TicketStorage.java:105: error: incompatible types: Object cannot be converted to Ticket
           for (Ticket ticket : (List)entry.getValue()) {
                                ^
  /home/runner/work/mcJava/mcJava/android/app/src/main/java/net/minecraft/world/level/TicketStorage.java:381: error: incompatible types: Object cannot be converted to Ticket
           for (Ticket ticket : (List)entry.getValue()) {
                                ^
  /home/runner/work/mcJava/mcJava/android/app/src/main/java/net/minecraft/world/level/TicketStorage.java:413: error: incompatible types: Object cannot be converted to Ticket
           for (Ticket ticket : (List)entry.getValue()) {
                                ^
  /home/runner/work/mcJava/mcJava/android/app/src/main/java/net/minecraft/world/entity/ai/village/poi/PoiManager.java:287: error: incompatible types: invalid method reference
           .filter(poiSection -> !((Optional)poiSection.getSecond()).map(PoiSection::isValid).orElse(false))
                                                                         ^
      method isValid in class PoiSection cannot be applied to given types
        required: no arguments
        found:    Object
        reason: actual and formal argument lists differ in length
  /home/runner/work/mcJava/mcJava/android/app/src/main/java/net/minecraft/world/level/block/state/properties/Property.java:18: error: incompatible types: cannot infer type-variable(s) S
        .comapFlatMap(
                     ^
      (argument mismatch; invalid method reference
        incompatible types: Object cannot be converted to T)
    where S,A,T are type-variables:
      S extends Object declared in method <S>comapFlatMap(Function<? super A,? extends DataResult<? extends S>>,Function<? super S,? extends A>)
      A extends Object declared in interface Codec
      T extends Comparable<T> declared in class Property
  /home/runner/work/mcJava/mcJava/android/app/src/main/java/net/minecraft/network/protocol/common/ServerboundCustomPayloadPacket.java:22: error: incompatible types: invalid constructor reference
        .map(ServerboundCustomPayloadPacket::new, ServerboundCustomPayloadPacket::payload);
             ^
      incompatible types: Object cannot be converted to CustomPacketPayload
  /home/runner/work/mcJava/mcJava/android/app/src/main/java/net/minecraft/network/protocol/common/custom/CustomPacketPayload.java:37: error: incompatible types: StreamCodec<CAP#1,CAP#2> cannot be converted to StreamCodec<B,T>
              StreamCodec<B, T> codec = this.findCodec(type.id);
                                                      ^
    where B,T are type-variables:
      B extends FriendlyByteBuf declared in method <B>codec(FallbackProvider<B>,List<TypeAndCodec<? super B,?>>)
      T extends CustomPacketPayload declared in method <T>writeCap(B,Type<T>,CustomPacketPayload)
    where CAP#1,CAP#2 are fresh type-variables:
      CAP#1 extends Object super: B from capture of ? super B
      CAP#2 extends CustomPacketPayload from capture of ? extends CustomPacketPayload
  /home/runner/work/mcJava/mcJava/android/app/src/main/java/net/minecraft/world/item/crafting/RecipeMap.java:37: error: incompatible types: Collection<RecipeHolder<?>> cannot be converted to Collection<RecipeHolder<T>>
        return this.byType.get(type);
                              ^
    where T,I are type-variables:
      T extends Recipe<I> declared in method <I,T>byType(RecipeType<T>)
      I extends RecipeInput declared in method <I,T>byType(RecipeType<T>)
  /home/runner/work/mcJava/mcJava/android/app/src/main/java/net/minecraft/world/level/levelgen/structure/placement/RandomSpreadStructurePlacement.java:26: error: incompatible types: invalid method reference
        .validate(RandomSpreadStructurePlacement::validate);
                  ^
      incompatible types: Object cannot be converted to RandomSpreadStructurePlacement
  /home/runner/work/mcJava/mcJava/android/app/src/main/java/net/minecraft/server/dedicated/DedicatedServerProperties.java:275: error: incompatible types: invalid method reference
                 .resultOrPartial(DedicatedServerProperties.LOGGER::error);
                                  ^
      no suitable method found for error(Object)
          method Logger.error(String) is not applicable
            (argument mismatch; Object cannot be converted to String)
          method Logger.error(String,Object...) is not applicable
            (argument mismatch; Object cannot be converted to String)
          method Logger.error(Marker,String,Object...) is not applicable
            (argument mismatch; Object cannot be converted to Marker)
  /home/runner/work/mcJava/mcJava/android/app/src/main/java/net/minecraft/world/level/levelgen/presets/WorldPreset.java:23: error: incompatible types: invalid method reference
        .validate(WorldPreset::requireOverworld);
                  ^
      incompatible types: Object cannot be converted to WorldPreset
  /home/runner/work/mcJava/mcJava/android/app/src/main/java/net/minecraft/server/jsonrpc/api/MethodInfo.java:25: error: incompatible types: inference variable Params#1 has incompatible equality constraints Params#2,Object
        return ParamInfo.typedCodec().codec().listOf().xmap(MethodInfo::toOptional, MethodInfo::toList);
                                                           ^
    where Params#1,Params#2 are type-variables:
      Params#1 extends Object declared in method <Params#1>toOptional(List<ParamInfo<Params#1>>)
      Params#2 extends Object declared in method <Params#2>paramsTypedCodec()
  /home/runner/work/mcJava/mcJava/android/app/src/main/java/net/minecraft/server/jsonrpc/api/MethodInfo.java:30: error: incompatible types: cannot infer type-variable(s) O
           i -> i.group(
                       ^
      (argument mismatch; bad return type in method reference
        Optional<ParamInfo<Params>> cannot be converted to Optional<ParamInfo<Object>>)
    where O,A,Params,Result are type-variables:
      O extends Object declared in method <O>forGetter(Function<O,A>)
      A extends Object declared in class MapCodec
      Params extends Object declared in method <Params,Result>typedCodec()
      Result extends Object declared in method <Params,Result>typedCodec()
  /home/runner/work/mcJava/mcJava/android/app/src/main/java/net/minecraft/server/jsonrpc/api/MethodInfo.java:44: error: incompatible types: no instance(s) of type variable(s) Params,Result exist so that Codec<Named<Params,Result>> conforms to Codec<Named<?,?>>
        public static final Codec<MethodInfo.Named<?, ?>> CODEC = typedCodec();
                                                                            ^
    where Params,Result are type-variables:
      Params extends Object declared in method <Params,Result>typedCodec()
      Result extends Object declared in method <Params,Result>typedCodec()
  /home/runner/work/mcJava/mcJava/android/app/src/main/java/net/minecraft/server/jsonrpc/api/MethodInfo.java:48: error: incompatible types: cannot infer type-variable(s) O
              i -> i.group(Identifier.CODEC.fieldOf("name").forGetter(MethodInfo.Named::name), MethodInfo.typedCodec().forGetter(MethodInfo.Named::contents))
                          ^
      (argument mismatch; bad return type in method reference
        MethodInfo<Params,Result> cannot be converted to MethodInfo<Object,Object>)
    where O,A,Params,Result are type-variables:
      O extends Object declared in method <O>forGetter(Function<O,A>)
      A extends Object declared in class MapCodec
      Params extends Object declared in method <Params,Result>typedCodec()
      Result extends Object declared in method <Params,Result>typedCodec()
  /home/runner/work/mcJava/mcJava/android/app/src/main/java/net/minecraft/server/jsonrpc/api/ParamInfo.java:14: error: incompatible types: cannot infer type-variable(s) O
           i -> i.group(
                       ^
      (argument mismatch; bad return type in method reference
        Schema<Param> cannot be converted to Schema<Object>)
    where O,A,Param are type-variables:
      O extends Object declared in method <O>forGetter(Function<O,A>)
      A extends Object declared in class MapCodec
      Param extends Object declared in method <Param>typedCodec()
  /home/runner/work/mcJava/mcJava/android/app/src/main/java/net/minecraft/server/jsonrpc/api/ResultInfo.java:9: error: incompatible types: cannot infer type-variable(s) O
           i -> i.group(Codec.STRING.fieldOf("name").forGetter(ResultInfo::name), Schema.typedCodec().fieldOf("schema").forGetter(ResultInfo::schema))
                       ^
      (argument mismatch; bad return type in method reference
        Schema<Result> cannot be converted to Schema<Object>)
    where O,A,Result are type-variables:
      O extends Object declared in method <O>forGetter(Function<O,A>)
      A extends Object declared in class MapCodec
      Result extends Object declared in method <Result>typedCodec()
  /home/runner/work/mcJava/mcJava/android/app/src/main/java/net/minecraft/server/jsonrpc/api/Schema.java:40: error: incompatible types: cannot infer type-variable(s) O
              i -> i.group(
                          ^
      (argument mismatch; invalid method reference
        method reference in record Schema<T> cannot be applied to given types
          required: no arguments
          found:    Object
          reason: actual and formal argument lists differ in length)
    where O,A,T are type-variables:
      O extends Object declared in method <O>forGetter(Function<O,A>)
      A extends Object declared in class MapCodec
      T extends Object declared in record Schema
  /home/runner/work/mcJava/mcJava/android/app/src/main/java/net/minecraft/server/jsonrpc/api/Schema.java:50: error: incompatible types: Codec<Object> cannot be converted to Codec<? extends Schema<?>>
        .validate(schema -> schema == null ? DataResult.error(() -> "Should not deserialize schema") : DataResult.success(schema));
                 ^
  /home/runner/work/mcJava/mcJava/android/app/src/main/java/net/minecraft/server/jsonrpc/methods/DiscoveryService.java:43: error: incompatible types: bad return type in method reference
              i -> i.group(Codec.unboundedMap(Codec.STRING, Schema.CODEC).fieldOf("schemas").forGetter(DiscoveryService.DiscoverComponents::schemas))
                                                                                                       ^
      Map<String,Schema<?>> cannot be converted to Map<String,CAP#1>
    where CAP#1 is a fresh type-variable:
      CAP#1 extends Schema<?> from capture of ? extends Schema<?>
  /home/runner/work/mcJava/mcJava/android/app/src/main/java/net/minecraft/stats/ServerStatsCounter.java:57: error: incompatible types: inference variable R has incompatible bounds
        Codec<Stat<?>> statCodec = valueCodec.flatComapMap(
                                                          ^
      upper bounds: T,Object
      lower bounds: Object
    where R,T are type-variables:
      R extends Object declared in method <R>success(R)
      T extends Object declared in method <T>createTypedStatsCodec(StatType<T>)
  /home/runner/work/mcJava/mcJava/android/app/src/main/java/net/minecraft/server/network/ServerGamePacketListenerImpl.java:1029: error: incompatible types: List<Filterable<MutableComponent>> cannot be converted to List<Filterable<Component>>
           List<Filterable<Component>> pages = contents.stream().map(page -> this.filterableFromOutgoing(page).map(Component::literal)).toList();
                                                                                                                                              ^
  /home/runner/work/mcJava/mcJava/android/app/src/main/java/net/minecraft/world/level/gamerules/GameRuleMap.java:20: error: incompatible types: invalid method reference
        .xmap(GameRuleMap::ofTrusted, GameRuleMap::map);
              ^
      incompatible types: Map<GameRule<?>,CAP#1> cannot be converted to Map<GameRule<?>,Object>
    where CAP#1 is a fresh type-variable:
      CAP#1 extends Object from capture of ?
  /home/runner/work/mcJava/mcJava/android/app/src/main/java/net/minecraft/network/protocol/common/ClientboundCustomPayloadPacket.java:24: error: incompatible types: invalid constructor reference
        .map(ClientboundCustomPayloadPacket::new, ClientboundCustomPayloadPacket::payload);
             ^
      incompatible types: Object cannot be converted to CustomPacketPayload
  /home/runner/work/mcJava/mcJava/android/app/src/main/java/net/minecraft/server/dialog/CommonDialogData.java:34: error: incompatible types: MapCodec<Object> cannot be converted to MapCodec<CommonDialogData>
        .validate(
                 ^
  /home/runner/work/mcJava/mcJava/android/app/src/main/java/net/minecraft/world/entity/EntityReference.java:130: error: incompatible types: bad type in conditional expression
           : input.getString(key).map(oldName -> OldUsersConverter.convertMobOwnerIfNecessary(level.getServer(), oldName)).map(EntityReference::new).orElse(null);
                                                                                                                                                           ^
      EntityReference<UniquelyIdentifyable> cannot be converted to @org.jspecify.annotations.Nullable EntityReference<StoredEntityType>
    where StoredEntityType is a type-variable:
      StoredEntityType extends UniquelyIdentifyable declared in method <StoredEntityType>readWithOldOwnerConversion(ValueInput,String,Level)
  /home/runner/work/mcJava/mcJava/android/app/src/main/java/net/minecraft/world/item/AdventureModePredicate.java:120: error: incompatible types: List<MutableComponent> cannot be converted to List<Component>
           .toList();
                  ^
  Note: Some messages have been simplified; recompile with -Xdiags:verbose to get full output
  /home/runner/work/mcJava/mcJava/android/app/src/main/java/net/minecraft/server/dedicated/Settings.java:116: error: improperly formed type, type arguments given on a raw type
        return new Settings.MutableValue<>(key, result, serializer);
                                        ^
  /home/runner/work/mcJava/mcJava/android/app/src/main/java/net/minecraft/client/sounds/SoundBufferLibrary.java:12: error: package javax.sound.sampled does not exist
  import javax.sound.sampled.AudioFormat;
                            ^
  /home/runner/work/mcJava/mcJava/android/app/src/main/java/com/mojang/blaze3d/audio/Channel.java:7: error: package javax.sound.sampled does not exist
  import javax.sound.sampled.AudioFormat;
                            ^
  /home/runner/work/mcJava/mcJava/android/app/src/main/java/net/minecraft/client/sounds/AudioStream.java:6: error: package javax.sound.sampled does not exist
  import javax.sound.sampled.AudioFormat;
                            ^
  /home/runner/work/mcJava/mcJava/android/app/src/main/java/com/mojang/blaze3d/audio/SoundBuffer.java:5: error: package javax.sound.sampled does not exist
  import javax.sound.sampled.AudioFormat;
                            ^
  /home/runner/work/mcJava/mcJava/android/app/src/main/java/com/mojang/blaze3d/audio/OpenAlUtil.java:4: error: package javax.sound.sampled does not exist
  import javax.sound.sampled.AudioFormat;
                            ^
  /home/runner/work/mcJava/mcJava/android/app/src/main/java/com/mojang/blaze3d/audio/OpenAlUtil.java:5: error: package javax.sound.sampled.AudioFormat does not exist
  import javax.sound.sampled.AudioFormat.Encoding;
                                        ^
  /home/runner/work/mcJava/mcJava/android/app/src/main/java/net/minecraft/client/sounds/JOrbisAudioStream.java:14: error: package javax.sound.sampled does not exist
  import javax.sound.sampled.AudioFormat;
                            ^
  /home/runner/work/mcJava/mcJava/android/app/src/main/java/net/minecraft/client/sounds/LoopingAudioStream.java:8: error: package javax.sound.sampled does not exist
  import javax.sound.sampled.AudioFormat;
                            ^
  100 errors
  9 warnings

* Try:
> Check your code and dependencies to fix the compilation error(s)
> Run with --scan to generate a Build Scan (Powered by Develocity).

Deprecated Gradle features were used in this build, making it incompatible with Gradle 10.

You can use '--warning-mode all' to show the individual deprecation warnings and determine if they come from your own scripts or plugins.

For more on this, please refer to https://docs.gradle.org/9.1.0/userguide/command_line_interface.html#sec:command_line_warnings in the Gradle documentation.

BUILD FAILED in 1m 38s
23 actionable tasks: 23 executed
